candidate_id,IL_Name,canonical_il_key,cation_family,anion_family,cation_support_count,anion_support_count,combined_ion_support,AD_status,descriptor_knn_distance,benchmark_identity_present,complete_main_window_prediction,main_window_temperature_count,family_stratified_selection,fixed_before_candidate_ranking,selection_rule
REF-0001,1-butyl-3-methylimidazolium bis(trifluoromethylsulfonyl)imide,IQQRAVYLUAZUGX-UHFFFAOYSA-N||NHHWJSXMTZIPES-UHFFFAOYSA-N,aromatic_nitrogen_cation,sulfur_containing,60,169,229,in_domain,0.6757101597937508,True,True,12,False,True,highest combined cation-plus-anion support; canonical_il_key ascending tie-break
REF-0002,1-ethyl-3-methylimidazolium bis((trifluoromethyl)sulfonyl)imide,NJMWOUFKYKNWDW-UHFFFAOYSA-N||NHHWJSXMTZIPES-UHFFFAOYSA-N,aromatic_nitrogen_cation,sulfur_containing,48,169,217,in_domain,1.0137059053390114,True,True,12,False,True,highest combined cation-plus-anion support; canonical_il_key ascending tie-break
REF-0003,trihexyl(tetradecyl)phosphonium bis[(trifluoromethyl)sulfonyl]imide,PYVOHVLEZJMINC-UHFFFAOYSA-N||NHHWJSXMTZIPES-UHFFFAOYSA-N,phosphonium,sulfur_containing,22,169,191,in_domain,3.9478149788831463,True,True,12,False,True,highest combined cation-plus-anion support; canonical_il_key ascending tie-break
REF-0004,1-hexyl-3-methylimidazolium bis[(trifluoromethyl)sulfonyl]imide,RVEJOWGVUQQIIZ-UHFFFAOYSA-N||NHHWJSXMTZIPES-UHFFFAOYSA-N,aromatic_nitrogen_cation,sulfur_containing,22,169,191,in_domain,0.8645452065017192,True,True,12,False,True,highest combined cation-plus-anion support; canonical_il_key ascending tie-break
REF-0005,1-methyl-3-octylimidazolium bis(trifluoromethylsulfonyl)imide,WXMVWUBWIHZLMQ-UHFFFAOYSA-N||NHHWJSXMTZIPES-UHFFFAOYSA-N,aromatic_nitrogen_cation,sulfur_containing,21,169,190,in_domain,1.5377121234930675,True,True,12,False,True,highest combined cation-plus-anion support; canonical_il_key ascending tie-break
REF-0006,1-methyl-3-propylimidazolium bis[(trifluoromethyl)sulfonyl]imide,WVDDUSFOSWWJJH-UHFFFAOYSA-N||NHHWJSXMTZIPES-UHFFFAOYSA-N,aromatic_nitrogen_cation,sulfur_containing,14,169,183,in_domain,0.7384162784284886,True,True,12,False,True,highest combined cation-plus-anion support; canonical_il_key ascending tie-break
REF-0007,1-methyl-3-pentylimidazolium bis(trifluoromethylsulfonyl)imide,LSFWFJFDPRFPBK-UHFFFAOYSA-N||NHHWJSXMTZIPES-UHFFFAOYSA-N,aromatic_nitrogen_cation,sulfur_containing,12,169,181,in_domain,0.7318137372878317,True,True,12,False,True,highest combined cation-plus-anion support; canonical_il_key ascending tie-break
REF-0008,1-decyl-3-methylimidazolium bis(trifluoromethylsulfonyl)amide,LDVVBLGHGCHZBJ-UHFFFAOYSA-N||NHHWJSXMTZIPES-UHFFFAOYSA-N,aromatic_nitrogen_cation,sulfur_containing,11,169,180,in_domain,2.30450815722399,True,True,12,False,True,highest combined cation-plus-anion support; canonical_il_key ascending tie-break
REF-0009,"1-butyl-2,3-dimethyl-1H-imidazolium bis(trifluoromethylsulfonyl)amide",XUAXVBUVQVRIIQ-UHFFFAOYSA-N||NHHWJSXMTZIPES-UHFFFAOYSA-N,aromatic_nitrogen_cation,sulfur_containing,9,169,178,in_domain,0.9178127715564472,True,True,12,False,True,highest combined cation-plus-anion support; canonical_il_key ascending tie-break
REF-0010,1-(2-hydroxyethyl)-3-methylimidazolium bis[(trifluoromethyl)sulfonyl]imide,ZGZLRWJZGFRHHQ-UHFFFAOYSA-N||NHHWJSXMTZIPES-UHFFFAOYSA-N,aromatic_nitrogen_cation,sulfur_containing,9,169,178,in_domain,3.982750676450528,True,True,12,False,True,highest combined cation-plus-anion support; canonical_il_key ascending tie-break
REF-0011,1-butylpyridinium bis[(trifluoromethyl)sulfonyl]imide,REACWASHYHDPSQ-UHFFFAOYSA-N||NHHWJSXMTZIPES-UHFFFAOYSA-N,aromatic_nitrogen_cation,sulfur_containing,8,169,177,in_domain,0.7792593822009826,True,True,12,False,True,highest combined cation-plus-anion support; canonical_il_key ascending tie-break
REF-0012,1-hexylpyridinium bis(trifluromethylsulfonyl)imide,AMKUSFIBHAUBIJ-UHFFFAOYSA-N||NHHWJSXMTZIPES-UHFFFAOYSA-N,aromatic_nitrogen_cation,sulfur_containing,7,169,176,in_domain,1.684078984865136,True,True,12,False,True,highest combined cation-plus-anion support; canonical_il_key ascending tie-break
REF-0013,1-(2-methoxyethyl)-3-methyl-1H-imidazolium bis((trifluoromethyl)sulfonyl)amide,BYCVVPOEPZGGGL-UHFFFAOYSA-N||NHHWJSXMTZIPES-UHFFFAOYSA-N,aromatic_nitrogen_cation,sulfur_containing,7,169,176,in_domain,1.225741250849803,True,True,12,False,True,highest combined cation-plus-anion support; canonical_il_key ascending tie-break
REF-0014,"1,3-dimethylimidazolium bis((trifluoromethyl)sulfonyl)amide",HVVRUQBMAZRKPJ-UHFFFAOYSA-N||NHHWJSXMTZIPES-UHFFFAOYSA-N,aromatic_nitrogen_cation,sulfur_containing,7,169,176,in_domain,1.4014719014489487,True,True,12,False,True,highest combined cation-plus-anion support; canonical_il_key ascending tie-break
REF-0015,1-ethylpyridinium bis[(trifluoromethyl)sulfonyl]imide,OIDIRWZVUWCCCO-UHFFFAOYSA-N||NHHWJSXMTZIPES-UHFFFAOYSA-N,aromatic_nitrogen_cation,sulfur_containing,7,169,176,in_domain,1.554408169904947,True,True,12,False,True,highest combined cation-plus-anion support; canonical_il_key ascending tie-break
REF-0016,triethyloctylphosphonium bis(trifluoromethylsulfonyl)imide,QCLVFLIIJODTJU-UHFFFAOYSA-N||NHHWJSXMTZIPES-UHFFFAOYSA-N,phosphonium,sulfur_containing,7,169,176,in_domain,4.3302877792039824,True,True,12,False,True,highest combined cation-plus-anion support; canonical_il_key ascending tie-break
REF-0017,1-allyl-3-methyl-1H-imidazolium bis((trifluoromethyl)sulfonyl)amide,WWVMHGUBIOZASN-UHFFFAOYSA-N||NHHWJSXMTZIPES-UHFFFAOYSA-N,aromatic_nitrogen_cation,sulfur_containing,7,169,176,in_domain,0.7789564837128438,True,True,12,False,True,highest combined cation-plus-anion support; canonical_il_key ascending tie-break
REF-0018,1-butyl-3-ethylimidazolium bis[(trifluoromethyl)sulfonyl]imide,JYARJXBHOOZQQD-UHFFFAOYSA-N||NHHWJSXMTZIPES-UHFFFAOYSA-N,aromatic_nitrogen_cation,sulfur_containing,6,169,175,borderline,0.7661499096311827,True,True,12,False,True,highest combined cation-plus-anion support; canonical_il_key ascending tie-break
REF-0019,1-methylimidazolium bis(trifluoromethylsulfonyl)imide,MCTWTZJPVLRJOU-UHFFFAOYSA-O||NHHWJSXMTZIPES-UHFFFAOYSA-N,aromatic_nitrogen_cation,sulfur_containing,6,169,175,in_domain,2.322438081739508,True,True,12,False,True,highest combined cation-plus-anion support; canonical_il_key ascending tie-break
REF-0020,1-heptyl-3-methylimidazolium bis(trifluoromethylsulfonyl)amide,FCZZZYZIQDHCIW-UHFFFAOYSA-N||NHHWJSXMTZIPES-UHFFFAOYSA-N,aromatic_nitrogen_cation,sulfur_containing,5,169,174,in_domain,1.095398345081764,True,True,12,False,True,highest combined cation-plus-anion support; canonical_il_key ascending tie-break
REF-0021,tributylmethylammonium bis((trifluoromethyl)sulfonyl)imide,HJHUXWBTVVFLQI-UHFFFAOYSA-N||NHHWJSXMTZIPES-UHFFFAOYSA-N,ammonium,sulfur_containing,5,169,174,in_domain,3.114879341008664,True,True,12,False,True,highest combined cation-plus-anion support; canonical_il_key ascending tie-break
REF-0022,"N-ethyl-N,N-dimethyl-2-methoxyethylammonium bis(trifluoromethylsulfonyl)imide",KIJWMNYEVKNAGY-UHFFFAOYSA-N||NHHWJSXMTZIPES-UHFFFAOYSA-N,ammonium,sulfur_containing,5,169,174,in_domain,3.96857744423276,True,True,12,False,True,highest combined cation-plus-anion support; canonical_il_key ascending tie-break
REF-0023,"1,2-dimethyl-3-propylimidazolium bis[(trifluoromethyl)sulfonyl]imide",MXLZUALXSYVAIV-UHFFFAOYSA-N||NHHWJSXMTZIPES-UHFFFAOYSA-N,aromatic_nitrogen_cation,sulfur_containing,5,169,174,in_domain,0.7867077223773233,True,True,12,False,True,highest combined cation-plus-anion support; canonical_il_key ascending tie-break
REF-0024,"3-(3-cyanopropyl)-1-methylimidazolium 1,1,1-trifluoro-N-[(trifluoromethyl)sulfonyl]methanesulfonamide",SROUAIZIOIOQID-UHFFFAOYSA-N||NHHWJSXMTZIPES-UHFFFAOYSA-N,aromatic_nitrogen_cation,sulfur_containing,5,169,174,in_domain,2.519308054546,True,True,12,False,True,highest combined cation-plus-anion support; canonical_il_key ascending tie-break
REF-0025,1-(2-(2-methoxyethoxy)ethyl)-3-methylimidazolium bis((trifluoromethyl)sulfonyl)amide,TURPVNCVKVTVMZ-UHFFFAOYSA-N||NHHWJSXMTZIPES-UHFFFAOYSA-N,aromatic_nitrogen_cation,sulfur_containing,5,169,174,in_domain,3.090475855081784,True,True,12,False,True,highest combined cation-plus-anion support; canonical_il_key ascending tie-break
REF-0026,1-octylpyridinium bis((trifluoromethyl)sulfonyl)amide,XDEQOBPALZZTCA-UHFFFAOYSA-N||NHHWJSXMTZIPES-UHFFFAOYSA-N,aromatic_nitrogen_cation,sulfur_containing,5,169,174,in_domain,1.241730452935632,True,True,12,False,True,highest combined cation-plus-anion support; canonical_il_key ascending tie-break
REF-0027,2-methylpyridinium bis(trifluoromethanesulfonyl)imide,BSKHPKMHTQYZBB-UHFFFAOYSA-O||NHHWJSXMTZIPES-UHFFFAOYSA-N,aromatic_nitrogen_cation,sulfur_containing,4,169,173,borderline,2.3040258987487308,True,True,12,False,True,highest combined cation-plus-anion support; canonical_il_key ascending tie-break
REF-0028,1-benzyl-3-methylimidazolium bis((trifluoromethyl)sulfonyl)amide,COSSPXYCRNRXRX-UHFFFAOYSA-N||NHHWJSXMTZIPES-UHFFFAOYSA-N,aromatic_nitrogen_cation,sulfur_containing,4,169,173,borderline,1.2983045676623637,True,True,12,False,True,highest combined cation-plus-anion support; canonical_il_key ascending tie-break
REF-0029,1-butyl-3-methylpyridinium bis[(trifluoromethyl)sulfonyl]amide,DADKKHHMGSWSPH-UHFFFAOYSA-N||NHHWJSXMTZIPES-UHFFFAOYSA-N,aromatic_nitrogen_cation,sulfur_containing,4,169,173,borderline,0.4959850207450153,True,True,12,False,True,highest combined cation-plus-anion support; canonical_il_key ascending tie-break
REF-0030,3-hexadecyl-1-methyl-1H-imidazolium bis((trifluoromethyl)sulfonyl)amide,DCLKMMFVIGOXQN-UHFFFAOYSA-N||NHHWJSXMTZIPES-UHFFFAOYSA-N,aromatic_nitrogen_cation,sulfur_containing,4,169,173,borderline,1.5335799701602877,True,True,12,False,True,highest combined cation-plus-anion support; canonical_il_key ascending tie-break
