bootstrap_iteration,hard_feasible_count,pareto_rank_1_count,formal_shortlist_count,top8_jaccard_to_nominal,formal_shortlist_ids,conductivity_min,viscosity_max,volumetric_heat_capacity_min,thermal_diffusivity_min
1,59,17,8,0.14285714285714285,UPR-0020;UPR-0024;UPR-0066;UPR-0155;UPR-0209;UPR-0280;UPR-0322;UPR-0408,0.070628261193633,0.21313958987593648,1873535.3857681993,6.180383524770246e-08
2,39,11,8,0.3333333333333333,UPR-0024;UPR-0064;UPR-0155;UPR-0286;UPR-0322;UPR-0343;UPR-0419;UPR-0581,0.1028345320373773,0.10567549616098403,1882200.3537641324,5.8998362854057676e-08
3,49,17,8,0.14285714285714285,UPR-0020;UPR-0024;UPR-0155;UPR-0209;UPR-0280;UPR-0286;UPR-0322;UPR-0408,0.13625182583928108,0.1489925384521484,1903967.7811895865,5.8496486970616496e-08
4,43,13,8,0.23076923076923078,UPR-0024;UPR-0064;UPR-0155;UPR-0209;UPR-0280;UPR-0286;UPR-0322;UPR-0419,0.1245994940400123,0.11887500993907446,1902004.1205995413,5.8998362854057676e-08
5,39,14,8,0.23076923076923078,UPR-0024;UPR-0066;UPR-0155;UPR-0209;UPR-0280;UPR-0286;UPR-0322;UPR-0581,0.08628049492835993,0.1086828112602233,1912710.8134821288,6.009393423466764e-08
6,40,14,8,0.3333333333333333,UPR-0020;UPR-0024;UPR-0155;UPR-0209;UPR-0322;UPR-0408;UPR-0419;UPR-0581,0.1245994940400123,0.1381369829177856,1912710.8134821288,6.153900446620928e-08
7,25,14,8,0.14285714285714285,UPR-0079;UPR-0158;UPR-0343;UPR-0359;UPR-0430;UPR-0556;UPR-0558;UPR-0598,0.060121081769466324,0.1222724094986915,1884930.795336305,5.8496486970616496e-08
8,31,8,8,0.23076923076923078,UPR-0020;UPR-0024;UPR-0155;UPR-0209;UPR-0286;UPR-0322;UPR-0408;UPR-0581,0.20254363119602198,0.0998274758458137,1913728.5286252135,5.8496486970616496e-08
9,22,11,8,0.45454545454545453,UPR-0024;UPR-0290;UPR-0343;UPR-0359;UPR-0419;UPR-0430;UPR-0558;UPR-0581,0.12721429206430906,0.1076248362660408,1886259.0710661025,6.167827981670121e-08
10,20,12,8,0.45454545454545453,UPR-0024;UPR-0290;UPR-0359;UPR-0393;UPR-0430;UPR-0550;UPR-0558;UPR-0581,0.1836130768060684,0.08667859248816961,1898435.2229720124,5.8496486970616496e-08
11,34,13,8,0.23076923076923078,UPR-0024;UPR-0064;UPR-0155;UPR-0280;UPR-0286;UPR-0322;UPR-0343;UPR-0419,0.12721429206430906,0.0942848920822143,1913728.5286252135,6.009393423466764e-08
12,24,10,8,0.3333333333333333,UPR-0289;UPR-0290;UPR-0343;UPR-0359;UPR-0419;UPR-0558;UPR-0581;UPR-0598,0.0920931473374366,0.11861051619052883,1893122.1200528224,6.262898311061963e-08
13,16,8,8,0.14285714285714285,UPR-0162;UPR-0343;UPR-0359;UPR-0430;UPR-0556;UPR-0558;UPR-0598;UPR-0604,0.12721429206430906,0.0998274758458137,1884930.795336305,6.161209241986031e-08
14,20,12,8,0.23076923076923078,UPR-0169;UPR-0289;UPR-0290;UPR-0343;UPR-0359;UPR-0419;UPR-0558;UPR-0598,0.13625182583928108,0.09844182990491385,1894450.39578262,6.265973908359997e-08
15,26,13,8,0.7777777777777778,UPR-0024;UPR-0290;UPR-0343;UPR-0393;UPR-0419;UPR-0550;UPR-0558;UPR-0581,0.12840743176639074,0.13077344000339503,1882200.3537641324,6.275170563891283e-08
16,25,14,8,0.7777777777777778,UPR-0024;UPR-0209;UPR-0343;UPR-0393;UPR-0408;UPR-0419;UPR-0550;UPR-0581,0.12721429206430906,0.0942848920822143,1898435.2229720124,6.286129352407167e-08
17,16,7,7,0.07142857142857142,UPR-0162;UPR-0169;UPR-0359;UPR-0430;UPR-0558;UPR-0598;UPR-0604,0.15436073020100588,0.11861051619052883,1898019.293410149,6.161209241986031e-08
18,20,9,8,0.6,UPR-0024;UPR-0093;UPR-0209;UPR-0393;UPR-0550;UPR-0558;UPR-0581;UPR-0598,0.1871971040964126,0.0942848920822143,1898435.2229720124,6.27209496659325e-08
19,26,12,8,1.0,UPR-0024;UPR-0209;UPR-0343;UPR-0393;UPR-0419;UPR-0550;UPR-0558;UPR-0581,0.12721429206430906,0.1064689774066209,1874571.122046048,6.262898311061963e-08
20,31,12,8,1.0,UPR-0024;UPR-0209;UPR-0343;UPR-0393;UPR-0419;UPR-0550;UPR-0558;UPR-0581,0.0735074952244758,0.1462786495685577,1883414.4225764805,6.284874946327678e-08
21,31,15,8,0.7777777777777778,UPR-0024;UPR-0290;UPR-0343;UPR-0393;UPR-0419;UPR-0550;UPR-0558;UPR-0581,0.07815390825271601,0.11887500993907446,1886259.0710661025,5.8998362854057676e-08
22,45,13,8,0.23076923076923078,UPR-0024;UPR-0064;UPR-0155;UPR-0209;UPR-0280;UPR-0286;UPR-0322;UPR-0419,0.12721429206430906,0.11887500993907446,1880683.9810043082,5.8633172393854354e-08
23,22,11,8,0.45454545454545453,UPR-0024;UPR-0290;UPR-0343;UPR-0359;UPR-0419;UPR-0430;UPR-0558;UPR-0581,0.12721429206430906,0.10841831751167769,1880683.9810043082,6.284397355785382e-08
24,46,14,8,0.3333333333333333,UPR-0020;UPR-0024;UPR-0155;UPR-0209;UPR-0322;UPR-0408;UPR-0419;UPR-0581,0.0696685165166854,0.1462786495685577,1871666.2519776486,6.153900446620928e-08
25,44,15,8,0.23076923076923078,UPR-0020;UPR-0024;UPR-0155;UPR-0209;UPR-0280;UPR-0322;UPR-0408;UPR-0581,0.12721429206430906,0.13077344000339503,1902004.1205995413,6.128334736241973e-08
26,29,12,8,0.45454545454545453,UPR-0024;UPR-0209;UPR-0284;UPR-0318;UPR-0343;UPR-0419;UPR-0568;UPR-0581,0.13625182583928108,0.0942848920822143,1893122.1200528224,6.153900446620928e-08
27,30,9,8,0.3333333333333333,UPR-0020;UPR-0024;UPR-0155;UPR-0209;UPR-0286;UPR-0322;UPR-0419;UPR-0581,0.15077670291066167,0.09705118276178833,1917427.0422241595,5.8998362854057676e-08
28,21,10,8,0.23076923076923078,UPR-0169;UPR-0343;UPR-0359;UPR-0419;UPR-0556;UPR-0558;UPR-0598;UPR-0604,0.0735074952244758,0.1222724094986915,1880178.5234177,6.287562124034057e-08
29,23,12,8,0.23076923076923078,UPR-0169;UPR-0289;UPR-0290;UPR-0343;UPR-0359;UPR-0419;UPR-0558;UPR-0598,0.0735074952244758,0.1222724094986915,1894450.39578262,6.284874946327678e-08
30,26,12,8,0.6,UPR-0024;UPR-0290;UPR-0343;UPR-0359;UPR-0393;UPR-0419;UPR-0558;UPR-0581,0.070628261193633,0.13077344000339503,1873535.3857681993,6.183449076614008e-08
31,32,12,8,0.23076923076923078,UPR-0024;UPR-0064;UPR-0155;UPR-0280;UPR-0286;UPR-0322;UPR-0343;UPR-0419,0.13625182583928108,0.0887223035097122,1913728.5286252135,5.8998362854057676e-08
32,30,12,8,1.0,UPR-0024;UPR-0209;UPR-0343;UPR-0393;UPR-0419;UPR-0550;UPR-0558;UPR-0581,0.0920931473374366,0.13417083956301207,1898435.2229720124,6.078144406546419e-08
33,30,9,8,0.3333333333333333,UPR-0020;UPR-0024;UPR-0155;UPR-0209;UPR-0286;UPR-0322;UPR-0419;UPR-0581,0.14719728380441666,0.0942848920822143,1914373.896794905,6.009393423466764e-08
34,29,12,8,1.0,UPR-0024;UPR-0209;UPR-0343;UPR-0393;UPR-0419;UPR-0550;UPR-0558;UPR-0581,0.0735074952244758,0.13417083956301207,1874571.122046048,6.128334736241973e-08
35,33,8,8,0.3333333333333333,UPR-0020;UPR-0024;UPR-0155;UPR-0209;UPR-0322;UPR-0408;UPR-0419;UPR-0581,0.15077670291066167,0.10567549616098403,1886259.0710661025,6.153900446620928e-08
36,43,13,8,0.3333333333333333,UPR-0020;UPR-0024;UPR-0155;UPR-0209;UPR-0322;UPR-0408;UPR-0419;UPR-0581,0.07815390825271601,0.1381369829177856,1882200.3537641324,6.153900446620928e-08
37,29,12,8,1.0,UPR-0024;UPR-0209;UPR-0343;UPR-0393;UPR-0419;UPR-0550;UPR-0558;UPR-0581,0.07815390825271601,0.11887500993907446,1884930.795336305,6.262898311061963e-08
38,36,11,8,0.45454545454545453,UPR-0020;UPR-0024;UPR-0155;UPR-0209;UPR-0322;UPR-0343;UPR-0419;UPR-0581,0.1245994940400123,0.10841831751167769,1880683.9810043082,6.134726163836712e-08
39,26,10,8,0.3333333333333333,UPR-0289;UPR-0290;UPR-0343;UPR-0359;UPR-0419;UPR-0558;UPR-0581;UPR-0598,0.0735074952244758,0.1381369829177856,1880178.5234177,6.161209241986031e-08
40,22,10,8,0.3333333333333333,UPR-0024;UPR-0290;UPR-0359;UPR-0393;UPR-0556;UPR-0558;UPR-0581;UPR-0598,0.1917915493249893,0.1076248362660408,1913728.5286252135,6.039128751660567e-08
41,35,13,8,0.3333333333333333,UPR-0024;UPR-0284;UPR-0286;UPR-0318;UPR-0343;UPR-0419;UPR-0568;UPR-0581,0.1245994940400123,0.13050894625484938,1912710.8134821288,6.045520179255305e-08
42,46,17,8,0.06666666666666667,UPR-0020;UPR-0024;UPR-0066;UPR-0155;UPR-0280;UPR-0286;UPR-0322;UPR-0408,0.08628049492835993,0.13417083956301207,1898019.293410149,6.039128751660567e-08
43,28,12,8,1.0,UPR-0024;UPR-0209;UPR-0343;UPR-0393;UPR-0419;UPR-0550;UPR-0558;UPR-0581,0.1398312449455261,0.11887500993907446,1884930.795336305,6.262898311061963e-08
44,21,10,8,0.23076923076923078,UPR-0169;UPR-0343;UPR-0359;UPR-0419;UPR-0556;UPR-0558;UPR-0598;UPR-0604,0.0696685165166854,0.13417083956301207,1872701.9882554973,6.265973908359997e-08
45,36,11,8,0.3333333333333333,UPR-0024;UPR-0064;UPR-0155;UPR-0280;UPR-0322;UPR-0343;UPR-0419;UPR-0581,0.10021973401308053,0.1064689774066209,1886259.0710661025,6.153900446620928e-08
46,12,9,8,0.06666666666666667,UPR-0079;UPR-0162;UPR-0169;UPR-0359;UPR-0556;UPR-0558;UPR-0598;UPR-0604,0.1871971040964126,0.08862667344510552,1902004.1205995413,6.009393423466764e-08
47,21,13,8,0.23076923076923078,UPR-0079;UPR-0290;UPR-0343;UPR-0359;UPR-0419;UPR-0556;UPR-0558;UPR-0598,0.12840743176639074,0.10567549616098403,1913728.5286252135,6.039128751660567e-08
48,45,15,8,0.23076923076923078,UPR-0024;UPR-0066;UPR-0155;UPR-0209;UPR-0280;UPR-0286;UPR-0322;UPR-0581,0.12721429206430906,0.1222724094986915,1893122.1200528224,5.8998362854057676e-08
49,29,13,8,0.7777777777777778,UPR-0024;UPR-0064;UPR-0209;UPR-0343;UPR-0393;UPR-0419;UPR-0550;UPR-0581,0.12721429206430906,0.11887500993907446,1893122.1200528224,6.284397355785382e-08
50,24,11,8,0.7777777777777778,UPR-0024;UPR-0209;UPR-0343;UPR-0393;UPR-0419;UPR-0430;UPR-0558;UPR-0581,0.13625182583928108,0.09289424493908878,1916781.674054468,5.8998362854057676e-08
51,35,15,8,0.7777777777777778,UPR-0024;UPR-0209;UPR-0286;UPR-0343;UPR-0393;UPR-0419;UPR-0550;UPR-0581,0.0920931473374366,0.11887500993907446,1880683.9810043082,5.915903071275784e-08
52,16,12,8,0.06666666666666667,UPR-0132;UPR-0154;UPR-0343;UPR-0359;UPR-0386;UPR-0430;UPR-0598;UPR-0604,0.0735074952244758,0.11887500993907446,1880178.5234177,6.183449076614008e-08
53,35,14,8,0.45454545454545453,UPR-0024;UPR-0064;UPR-0209;UPR-0284;UPR-0286;UPR-0343;UPR-0419;UPR-0581,0.07815390825271601,0.13417083956301207,1902004.1205995413,6.039128751660567e-08
54,35,10,8,0.45454545454545453,UPR-0024;UPR-0064;UPR-0155;UPR-0209;UPR-0322;UPR-0343;UPR-0419;UPR-0581,0.0920931473374366,0.1064689774066209,1886259.0710661025,6.153900446620928e-08
55,16,11,8,0.14285714285714285,UPR-0169;UPR-0289;UPR-0290;UPR-0359;UPR-0419;UPR-0558;UPR-0598;UPR-0604,0.15077670291066167,0.09289424493908878,1917427.0422241595,6.180383524770246e-08
56,27,12,8,1.0,UPR-0024;UPR-0209;UPR-0343;UPR-0393;UPR-0419;UPR-0550;UPR-0558;UPR-0581,0.07815390825271601,0.1086828112602233,1880178.5234177,6.286466622856728e-08
57,29,13,8,0.7777777777777778,UPR-0024;UPR-0290;UPR-0343;UPR-0393;UPR-0419;UPR-0550;UPR-0558;UPR-0581,0.07815390825271601,0.1462786495685577,1874571.122046048,6.284397355785382e-08
58,48,17,8,0.06666666666666667,UPR-0020;UPR-0024;UPR-0066;UPR-0155;UPR-0280;UPR-0286;UPR-0322;UPR-0408,0.1245994940400123,0.1381369829177856,1882200.3537641324,6.039128751660567e-08
59,14,8,8,0.06666666666666667,UPR-0079;UPR-0158;UPR-0162;UPR-0359;UPR-0556;UPR-0558;UPR-0598;UPR-0604,0.22388778254389757,0.1076248362660408,1919363.1467332337,5.915903071275784e-08
60,19,11,8,0.45454545454545453,UPR-0024;UPR-0290;UPR-0343;UPR-0359;UPR-0419;UPR-0430;UPR-0558;UPR-0581,0.1398312449455261,0.09289424493908878,1894450.39578262,6.128334736241973e-08
61,31,14,8,0.6,UPR-0024;UPR-0290;UPR-0343;UPR-0359;UPR-0393;UPR-0419;UPR-0558;UPR-0581,0.060121081769466324,0.1222724094986915,1894450.39578262,5.8450925162870543e-08
62,23,11,8,0.45454545454545453,UPR-0024;UPR-0290;UPR-0343;UPR-0359;UPR-0419;UPR-0430;UPR-0558;UPR-0581,0.07815390825271601,0.10841831751167769,1880683.9810043082,6.275170563891283e-08
63,21,10,8,0.3333333333333333,UPR-0024;UPR-0290;UPR-0359;UPR-0419;UPR-0430;UPR-0558;UPR-0581;UPR-0598,0.15436073020100588,0.0998274758458137,1884930.795336305,6.265973908359997e-08
64,45,13,8,0.3333333333333333,UPR-0020;UPR-0024;UPR-0155;UPR-0209;UPR-0286;UPR-0322;UPR-0419;UPR-0581,0.07815390825271601,0.11887500993907446,1874571.122046048,5.8998362854057676e-08
65,17,12,8,0.23076923076923078,UPR-0169;UPR-0289;UPR-0290;UPR-0343;UPR-0359;UPR-0419;UPR-0558;UPR-0598,0.1398312449455261,0.09289424493908878,1898435.2229720124,6.161209241986031e-08
66,31,12,8,1.0,UPR-0024;UPR-0209;UPR-0343;UPR-0393;UPR-0419;UPR-0550;UPR-0558;UPR-0581,0.07815390825271601,0.1462786495685577,1886259.0710661025,6.262898311061963e-08
67,36,12,8,0.23076923076923078,UPR-0024;UPR-0064;UPR-0155;UPR-0280;UPR-0286;UPR-0322;UPR-0343;UPR-0419,0.1350586861371994,0.10567549616098403,1917727.6195014282,5.8633172393854354e-08
68,30,15,8,0.7777777777777778,UPR-0024;UPR-0209;UPR-0286;UPR-0343;UPR-0393;UPR-0419;UPR-0550;UPR-0581,0.10021973401308053,0.10841831751167769,1902004.1205995413,6.039128751660567e-08
69,28,7,7,0.25,UPR-0020;UPR-0024;UPR-0155;UPR-0209;UPR-0322;UPR-0408;UPR-0581,0.22388778254389757,0.0998274758458137,1884930.795336305,6.134726163836712e-08
70,25,11,8,1.0,UPR-0024;UPR-0209;UPR-0343;UPR-0393;UPR-0419;UPR-0550;UPR-0558;UPR-0581,0.1245994940400123,0.09844182990491385,1880683.9810043082,6.134726163836712e-08
71,32,8,8,0.23076923076923078,UPR-0020;UPR-0024;UPR-0155;UPR-0209;UPR-0286;UPR-0322;UPR-0408;UPR-0581,0.20254363119602198,0.1076248362660408,1893122.1200528224,6.045520179255305e-08
72,35,8,8,0.23076923076923078,UPR-0020;UPR-0024;UPR-0155;UPR-0209;UPR-0286;UPR-0322;UPR-0408;UPR-0581,0.1836130768060684,0.10289920307695866,1899037.008553234,5.8450925162870543e-08
73,27,11,8,1.0,UPR-0024;UPR-0209;UPR-0343;UPR-0393;UPR-0419;UPR-0550;UPR-0558;UPR-0581,0.1245994940400123,0.11887500993907446,1884930.795336305,6.275170563891283e-08
74,16,8,8,0.14285714285714285,UPR-0162;UPR-0169;UPR-0343;UPR-0359;UPR-0430;UPR-0558;UPR-0598;UPR-0604,0.12721429206430906,0.10428985022008418,1902004.1205995413,6.161209241986031e-08
75,13,8,8,0.06666666666666667,UPR-0162;UPR-0169;UPR-0359;UPR-0430;UPR-0556;UPR-0558;UPR-0598;UPR-0604,0.15078131109476087,0.0942848920822143,1902004.1205995413,6.183449076614008e-08
76,34,13,8,0.7777777777777778,UPR-0024;UPR-0290;UPR-0343;UPR-0393;UPR-0419;UPR-0550;UPR-0558;UPR-0581,0.054514924064278526,0.21042570099234578,1871666.2519776486,6.286307717954568e-08
77,29,10,8,0.3333333333333333,UPR-0024;UPR-0209;UPR-0284;UPR-0286;UPR-0408;UPR-0558;UPR-0581;UPR-0598,0.1917915493249893,0.09844182990491385,1898435.2229720124,5.8998362854057676e-08
78,24,13,8,0.7777777777777778,UPR-0024;UPR-0290;UPR-0343;UPR-0393;UPR-0419;UPR-0550;UPR-0558;UPR-0581,0.10021973401308053,0.1064689774066209,1880683.9810043082,6.27209496659325e-08
79,24,10,8,0.6,UPR-0024;UPR-0093;UPR-0209;UPR-0393;UPR-0430;UPR-0550;UPR-0558;UPR-0581,0.1836130768060684,0.0998274758458137,1882200.3537641324,6.180383524770246e-08
80,17,9,8,0.14285714285714285,UPR-0169;UPR-0343;UPR-0359;UPR-0430;UPR-0556;UPR-0558;UPR-0598;UPR-0604,0.1245994940400123,0.10567549616098403,1893122.1200528224,6.262898311061963e-08
81,29,8,8,0.3333333333333333,UPR-0020;UPR-0024;UPR-0155;UPR-0209;UPR-0322;UPR-0408;UPR-0419;UPR-0581,0.15077670291066167,0.0998274758458137,1916781.674054468,6.134726163836712e-08
82,28,14,8,0.7777777777777778,UPR-0024;UPR-0290;UPR-0343;UPR-0393;UPR-0419;UPR-0550;UPR-0558;UPR-0581,0.1245994940400123,0.10508333146572105,1894450.39578262,5.8633172393854354e-08
83,14,9,8,0.14285714285714285,UPR-0169;UPR-0343;UPR-0359;UPR-0430;UPR-0556;UPR-0558;UPR-0598;UPR-0604,0.10021973401308053,0.09289424493908878,1871666.2519776486,6.128334736241973e-08
84,20,10,8,0.23076923076923078,UPR-0169;UPR-0343;UPR-0359;UPR-0419;UPR-0556;UPR-0558;UPR-0598;UPR-0604,0.11855715699493878,0.11887500993907446,1882200.3537641324,6.285033851229838e-08
85,16,9,8,0.23076923076923078,UPR-0024;UPR-0289;UPR-0290;UPR-0359;UPR-0556;UPR-0558;UPR-0581;UPR-0598,0.20254363119602198,0.0883397832512855,1920565.4558423087,5.962446119343626e-08
86,24,10,8,0.7777777777777778,UPR-0024;UPR-0209;UPR-0343;UPR-0393;UPR-0419;UPR-0430;UPR-0558;UPR-0581,0.1398312449455261,0.10841831751167769,1919663.7240105025,6.134726163836712e-08
87,42,12,8,0.3333333333333333,UPR-0020;UPR-0024;UPR-0155;UPR-0209;UPR-0322;UPR-0408;UPR-0419;UPR-0581,0.0696685165166854,0.1381369829177856,1880683.9810043082,6.134726163836712e-08
88,30,11,8,1.0,UPR-0024;UPR-0209;UPR-0343;UPR-0393;UPR-0419;UPR-0550;UPR-0558;UPR-0581,0.07815390825271601,0.1489925384521484,1893122.1200528224,6.291325342272523e-08
89,38,12,8,0.23076923076923078,UPR-0024;UPR-0064;UPR-0155;UPR-0284;UPR-0286;UPR-0419;UPR-0568;UPR-0581,0.1028345320373773,0.10508333146572105,1894450.39578262,5.8496486970616496e-08
90,22,11,8,0.45454545454545453,UPR-0024;UPR-0290;UPR-0343;UPR-0359;UPR-0419;UPR-0430;UPR-0558;UPR-0581,0.1398312449455261,0.10841831751167769,1914373.896794905,6.259832759218201e-08
91,36,13,8,0.3333333333333333,UPR-0024;UPR-0284;UPR-0286;UPR-0318;UPR-0343;UPR-0419;UPR-0568;UPR-0581,0.1028345320373773,0.10841831751167769,1898435.2229720124,5.8496486970616496e-08
92,17,8,8,0.14285714285714285,UPR-0162;UPR-0169;UPR-0343;UPR-0359;UPR-0430;UPR-0558;UPR-0598;UPR-0604,0.10021973401308053,0.1152755301445722,1877807.0212048285,6.284397355785382e-08
93,20,9,8,0.6,UPR-0024;UPR-0209;UPR-0393;UPR-0419;UPR-0430;UPR-0558;UPR-0581;UPR-0598,0.15077670291066167,0.0927986148744821,1913728.5286252135,6.259832759218201e-08
94,46,15,8,0.3333333333333333,UPR-0020;UPR-0024;UPR-0155;UPR-0209;UPR-0322;UPR-0408;UPR-0419;UPR-0581,0.1350586861371994,0.1462786495685577,1876771.2849269798,6.153900446620928e-08
95,30,8,8,0.23076923076923078,UPR-0020;UPR-0024;UPR-0155;UPR-0209;UPR-0284;UPR-0286;UPR-0408;UPR-0581,0.1836130768060684,0.10567549616098403,1922738.0557173635,5.8496486970616496e-08
96,27,13,8,0.7777777777777778,UPR-0024;UPR-0290;UPR-0343;UPR-0393;UPR-0419;UPR-0550;UPR-0558;UPR-0581,0.07815390825271601,0.13077344000339503,1883414.4225764805,6.259832759218201e-08
97,26,12,8,1.0,UPR-0024;UPR-0209;UPR-0343;UPR-0393;UPR-0419;UPR-0550;UPR-0558;UPR-0581,0.10021973401308053,0.10841831751167769,1898435.2229720124,6.128334736241973e-08
98,36,9,8,0.3333333333333333,UPR-0020;UPR-0024;UPR-0155;UPR-0209;UPR-0286;UPR-0322;UPR-0419;UPR-0581,0.15077670291066167,0.10428985022008418,1894450.39578262,5.8633172393854354e-08
99,22,10,8,0.14285714285714285,UPR-0169;UPR-0343;UPR-0359;UPR-0430;UPR-0556;UPR-0558;UPR-0598;UPR-0604,0.0696685165166854,0.1381369829177856,1875076.5796326562,6.284397355785382e-08
100,34,11,8,0.06666666666666667,UPR-0020;UPR-0024;UPR-0155;UPR-0223;UPR-0286;UPR-0317;UPR-0321;UPR-0322,0.22388778254389757,0.09705118276178833,1919663.7240105025,5.297192460587629e-08
101,20,9,8,0.23076923076923078,UPR-0289;UPR-0290;UPR-0359;UPR-0419;UPR-0556;UPR-0558;UPR-0581;UPR-0598,0.15436073020100588,0.0998274758458137,1899682.3767229253,6.180383524770246e-08
102,30,8,8,0.3333333333333333,UPR-0020;UPR-0024;UPR-0155;UPR-0209;UPR-0322;UPR-0408;UPR-0419;UPR-0581,0.15077670291066167,0.09289424493908878,1882200.3537641324,6.153900446620928e-08
103,22,7,7,0.25,UPR-0020;UPR-0024;UPR-0209;UPR-0284;UPR-0318;UPR-0568;UPR-0581,0.1871971040964126,0.08727877773344513,1903667.2039123178,6.128334736241973e-08
104,22,8,8,0.3333333333333333,UPR-0024;UPR-0209;UPR-0284;UPR-0408;UPR-0556;UPR-0558;UPR-0581;UPR-0598,0.20254363119602198,0.0998274758458137,1913728.5286252135,6.128334736241973e-08
105,32,17,8,0.3333333333333333,UPR-0024;UPR-0290;UPR-0393;UPR-0500;UPR-0542;UPR-0558;UPR-0581;UPR-0598,0.1871971040964126,0.1076248362660408,1919363.1467332337,4.9444094600211225e-08
106,36,9,8,0.3333333333333333,UPR-0020;UPR-0024;UPR-0155;UPR-0209;UPR-0286;UPR-0322;UPR-0419;UPR-0581,0.14719728380441666,0.1076248362660408,1903967.7811895865,5.8998362854057676e-08
107,27,11,8,0.45454545454545453,UPR-0024;UPR-0290;UPR-0343;UPR-0359;UPR-0419;UPR-0430;UPR-0558;UPR-0581,0.07815390825271601,0.1423125062137842,1874571.122046048,6.288038838740536e-08
108,38,11,8,0.3333333333333333,UPR-0020;UPR-0024;UPR-0064;UPR-0155;UPR-0209;UPR-0322;UPR-0419;UPR-0581,0.0888952929526567,0.1222724094986915,1893122.1200528224,6.161209241986031e-08
109,21,10,8,0.3333333333333333,UPR-0289;UPR-0290;UPR-0343;UPR-0359;UPR-0419;UPR-0558;UPR-0581;UPR-0598,0.0920931473374366,0.1064689774066209,1874571.122046048,6.259832759218201e-08
110,36,14,8,0.45454545454545453,UPR-0024;UPR-0209;UPR-0284;UPR-0343;UPR-0408;UPR-0419;UPR-0512;UPR-0581,0.060121081769466324,0.1423125062137842,1872701.9882554973,6.286943337563207e-08
111,23,12,8,0.23076923076923078,UPR-0169;UPR-0289;UPR-0290;UPR-0343;UPR-0359;UPR-0419;UPR-0558;UPR-0598,0.0920931473374366,0.1222724094986915,1898435.2229720124,6.284874946327678e-08
112,40,11,8,0.3333333333333333,UPR-0024;UPR-0064;UPR-0155;UPR-0286;UPR-0322;UPR-0343;UPR-0419;UPR-0581,0.0735074952244758,0.1086828112602233,1880178.5234177,5.8998362854057676e-08
113,33,14,8,0.7777777777777778,UPR-0024;UPR-0209;UPR-0343;UPR-0393;UPR-0408;UPR-0419;UPR-0550;UPR-0581,0.0696685165166854,0.1462786495685577,1880683.9810043082,6.275170563891283e-08
114,26,11,8,0.45454545454545453,UPR-0024;UPR-0290;UPR-0343;UPR-0359;UPR-0419;UPR-0430;UPR-0558;UPR-0581,0.10021973401308053,0.1462786495685577,1902004.1205995413,6.128334736241973e-08
115,53,18,8,0.06666666666666667,UPR-0024;UPR-0066;UPR-0155;UPR-0223;UPR-0280;UPR-0286;UPR-0317;UPR-0322,0.13625182583928108,0.11861051619052883,1921541.699105176,5.297192460587629e-08
116,23,12,8,0.6,UPR-0024;UPR-0290;UPR-0359;UPR-0393;UPR-0419;UPR-0550;UPR-0558;UPR-0581,0.15077670291066167,0.0998274758458137,1882200.3537641324,6.128334736241973e-08
117,18,9,8,0.6,UPR-0024;UPR-0209;UPR-0393;UPR-0419;UPR-0430;UPR-0558;UPR-0581;UPR-0598,0.15436073020100588,0.08862667344510552,1916781.674054468,6.128334736241973e-08
118,30,13,8,0.23076923076923078,UPR-0169;UPR-0290;UPR-0343;UPR-0359;UPR-0419;UPR-0556;UPR-0558;UPR-0598,0.03151900228112928,0.21313958987593648,1871321.006551699,6.291325342272523e-08
119,44,13,8,0.3333333333333333,UPR-0020;UPR-0024;UPR-0155;UPR-0209;UPR-0286;UPR-0322;UPR-0419;UPR-0581,0.1350586861371994,0.11861051619052883,1882200.3537641324,5.8633172393854354e-08
120,26,12,8,0.3333333333333333,UPR-0079;UPR-0290;UPR-0343;UPR-0359;UPR-0419;UPR-0558;UPR-0581;UPR-0598,0.08628049492835993,0.11887500993907446,1882200.3537641324,6.039128751660567e-08
121,45,15,8,0.7777777777777778,UPR-0024;UPR-0209;UPR-0321;UPR-0343;UPR-0393;UPR-0419;UPR-0550;UPR-0581,0.07815390825271601,0.1423125062137842,1882200.3537641324,5.297192460587629e-08
122,46,17,8,0.23076923076923078,UPR-0024;UPR-0064;UPR-0284;UPR-0286;UPR-0321;UPR-0419;UPR-0512;UPR-0581,0.13935288973152632,0.1381369829177856,1884930.795336305,5.3382676873825564e-08
123,28,11,8,0.45454545454545453,UPR-0024;UPR-0209;UPR-0284;UPR-0318;UPR-0343;UPR-0419;UPR-0568;UPR-0581,0.12721429206430906,0.0942848920822143,1898435.2229720124,6.284397355785382e-08
124,26,11,8,1.0,UPR-0024;UPR-0209;UPR-0343;UPR-0393;UPR-0419;UPR-0550;UPR-0558;UPR-0581,0.0920931473374366,0.10841831751167769,1882200.3537641324,6.262898311061963e-08
125,29,10,8,0.7777777777777778,UPR-0024;UPR-0209;UPR-0343;UPR-0393;UPR-0419;UPR-0430;UPR-0558;UPR-0581,0.070628261193633,0.1462786495685577,1912710.8134821288,6.275170563891283e-08
126,25,11,8,1.0,UPR-0024;UPR-0209;UPR-0343;UPR-0393;UPR-0419;UPR-0550;UPR-0558;UPR-0581,0.1245994940400123,0.1064689774066209,1880683.9810043082,6.275170563891283e-08
127,18,10,8,0.23076923076923078,UPR-0169;UPR-0343;UPR-0359;UPR-0419;UPR-0556;UPR-0558;UPR-0598;UPR-0604,0.13935288973152632,0.10567549616098403,1902004.1205995413,6.294929093185203e-08
128,16,10,8,0.14285714285714285,UPR-0079;UPR-0290;UPR-0359;UPR-0430;UPR-0556;UPR-0558;UPR-0581;UPR-0598,0.1836130768060684,0.0887223035097122,1898435.2229720124,6.039128751660567e-08
129,31,10,8,0.23076923076923078,UPR-0024;UPR-0066;UPR-0155;UPR-0209;UPR-0280;UPR-0286;UPR-0322;UPR-0581,0.20254363119602198,0.0998274758458137,1924470.4288937773,5.8450925162870543e-08
130,21,10,8,0.3333333333333333,UPR-0289;UPR-0290;UPR-0343;UPR-0359;UPR-0419;UPR-0558;UPR-0581;UPR-0598,0.11855715699493878,0.1086828112602233,1884742.698306278,6.27580705933574e-08
131,31,12,8,1.0,UPR-0024;UPR-0209;UPR-0343;UPR-0393;UPR-0419;UPR-0550;UPR-0558;UPR-0581,0.07815390825271601,0.1381369829177856,1880683.9810043082,6.284397355785382e-08
132,45,15,8,0.23076923076923078,UPR-0020;UPR-0024;UPR-0155;UPR-0209;UPR-0280;UPR-0322;UPR-0408;UPR-0581,0.09008843265473837,0.13077344000339503,1880683.9810043082,6.153900446620928e-08
133,33,12,8,0.3333333333333333,UPR-0289;UPR-0290;UPR-0343;UPR-0359;UPR-0419;UPR-0558;UPR-0581;UPR-0598,0.0494637265801429,0.21313958987593648,1872701.9882554973,6.161209241986031e-08
134,17,9,8,0.14285714285714285,UPR-0169;UPR-0343;UPR-0359;UPR-0430;UPR-0556;UPR-0558;UPR-0598;UPR-0604,0.0920931473374366,0.0998274758458137,1880178.5234177,6.275170563891283e-08
135,18,11,8,0.3333333333333333,UPR-0024;UPR-0290;UPR-0359;UPR-0393;UPR-0430;UPR-0558;UPR-0581;UPR-0598,0.1836130768060684,0.0883397832512855,1916781.674054468,6.009393423466764e-08
136,22,10,8,0.3333333333333333,UPR-0289;UPR-0290;UPR-0343;UPR-0359;UPR-0419;UPR-0558;UPR-0581;UPR-0598,0.07815390825271601,0.1086828112602233,1882200.3537641324,6.262898311061963e-08
137,60,18,8,0.06666666666666667,UPR-0020;UPR-0024;UPR-0066;UPR-0155;UPR-0280;UPR-0286;UPR-0322;UPR-0408,0.07815390825271601,0.21313958987593648,1894450.39578262,6.009393423466764e-08
138,42,12,8,0.45454545454545453,UPR-0024;UPR-0155;UPR-0209;UPR-0322;UPR-0343;UPR-0408;UPR-0419;UPR-0581,0.054514924064278526,0.1462786495685577,1903021.8357426263,6.284874946327678e-08
139,36,10,8,0.45454545454545453,UPR-0024;UPR-0064;UPR-0155;UPR-0209;UPR-0322;UPR-0343;UPR-0419;UPR-0581,0.07815390825271601,0.1086828112602233,1880178.5234177,6.180383524770246e-08
140,17,8,8,0.45454545454545453,UPR-0024;UPR-0209;UPR-0393;UPR-0430;UPR-0556;UPR-0558;UPR-0581;UPR-0598,0.1836130768060684,0.08727877773344513,1914373.896794905,6.128334736241973e-08
141,23,10,8,0.3333333333333333,UPR-0289;UPR-0290;UPR-0343;UPR-0359;UPR-0419;UPR-0558;UPR-0581;UPR-0598,0.1028345320373773,0.13050894625484938,1894450.39578262,6.134726163836712e-08
142,21,9,8,0.23076923076923078,UPR-0289;UPR-0290;UPR-0359;UPR-0419;UPR-0556;UPR-0558;UPR-0581;UPR-0598,0.15436073020100588,0.11861051619052883,1899037.008553234,6.161209241986031e-08
143,45,13,8,0.23076923076923078,UPR-0020;UPR-0024;UPR-0155;UPR-0209;UPR-0286;UPR-0322;UPR-0408;UPR-0419,0.15078131109476087,0.1381369829177856,1882200.3537641324,5.92957161359957e-08
144,51,18,8,0.45454545454545453,UPR-0024;UPR-0209;UPR-0284;UPR-0343;UPR-0408;UPR-0419;UPR-0512;UPR-0581,0.070628261193633,0.2796284146606922,1880683.9810043082,6.275648154433579e-08
145,24,13,8,0.7777777777777778,UPR-0024;UPR-0290;UPR-0343;UPR-0393;UPR-0419;UPR-0550;UPR-0558;UPR-0581,0.10021973401308053,0.1086828112602233,1882200.3537641324,6.161209241986031e-08
146,44,15,8,0.23076923076923078,UPR-0024;UPR-0066;UPR-0155;UPR-0209;UPR-0280;UPR-0286;UPR-0322;UPR-0581,0.0920931473374366,0.1222724094986915,1898435.2229720124,6.009393423466764e-08
147,19,9,8,0.14285714285714285,UPR-0162;UPR-0343;UPR-0359;UPR-0430;UPR-0556;UPR-0558;UPR-0598;UPR-0604,0.0696685165166854,0.1222724094986915,1872701.9882554973,6.259832759218201e-08
148,31,9,8,0.23076923076923078,UPR-0020;UPR-0024;UPR-0155;UPR-0209;UPR-0280;UPR-0286;UPR-0322;UPR-0581,0.1979491859674453,0.09844182990491385,1919663.7240105025,5.8450925162870543e-08
149,29,13,8,0.7777777777777778,UPR-0024;UPR-0209;UPR-0286;UPR-0393;UPR-0419;UPR-0550;UPR-0558;UPR-0581,0.14719728380441666,0.0998274758458137,1884930.795336305,5.8496486970616496e-08
150,25,14,8,0.7777777777777778,UPR-0024;UPR-0290;UPR-0343;UPR-0393;UPR-0419;UPR-0550;UPR-0558;UPR-0581,0.12840743176639074,0.09289424493908878,1883414.4225764805,5.8450925162870543e-08
151,52,17,8,0.14285714285714285,UPR-0020;UPR-0024;UPR-0066;UPR-0155;UPR-0209;UPR-0280;UPR-0322;UPR-0408,0.08601605892181391,0.21313958987593648,1917427.0422241595,6.134726163836712e-08
152,36,11,8,0.45454545454545453,UPR-0020;UPR-0024;UPR-0155;UPR-0209;UPR-0322;UPR-0343;UPR-0419;UPR-0581,0.10021973401308053,0.10841831751167769,1882200.3537641324,6.153900446620928e-08
153,25,8,8,0.23076923076923078,UPR-0020;UPR-0024;UPR-0209;UPR-0286;UPR-0318;UPR-0322;UPR-0408;UPR-0581,0.2465702295303344,0.09289424493908878,1903021.8357426263,5.915903071275784e-08
154,44,11,8,0.06666666666666667,UPR-0020;UPR-0024;UPR-0155;UPR-0223;UPR-0286;UPR-0317;UPR-0321;UPR-0322,0.19935236498713488,0.1076248362660408,1899037.008553234,5.297192460587629e-08
155,17,9,8,0.14285714285714285,UPR-0169;UPR-0343;UPR-0359;UPR-0430;UPR-0556;UPR-0558;UPR-0598;UPR-0604,0.1398312449455261,0.1076248362660408,1882200.3537641324,6.275170563891283e-08
156,16,10,8,0.3333333333333333,UPR-0289;UPR-0290;UPR-0343;UPR-0359;UPR-0419;UPR-0558;UPR-0581;UPR-0598,0.1398312449455261,0.08862667344510552,1914373.896794905,6.259832759218201e-08
157,44,13,8,0.3333333333333333,UPR-0020;UPR-0024;UPR-0155;UPR-0209;UPR-0280;UPR-0322;UPR-0419;UPR-0581,0.0735074952244758,0.11887500993907446,1880178.5234177,6.153900446620928e-08
158,18,9,8,0.14285714285714285,UPR-0169;UPR-0343;UPR-0359;UPR-0430;UPR-0556;UPR-0558;UPR-0598;UPR-0604,0.12721429206430906,0.11666117608547205,1902004.1205995413,6.164274793829792e-08
159,19,10,8,0.23076923076923078,UPR-0169;UPR-0343;UPR-0359;UPR-0419;UPR-0556;UPR-0558;UPR-0598;UPR-0604,0.0735074952244758,0.1086828112602233,1880683.9810043082,6.164274793829792e-08
160,17,9,8,0.14285714285714285,UPR-0169;UPR-0343;UPR-0359;UPR-0430;UPR-0556;UPR-0558;UPR-0598;UPR-0604,0.09008843265473837,0.1064689774066209,1880683.9810043082,6.266451498902293e-08
161,40,14,8,0.06666666666666667,UPR-0020;UPR-0024;UPR-0066;UPR-0155;UPR-0280;UPR-0286;UPR-0322;UPR-0408,0.1836130768060684,0.13417083956301207,1919663.7240105025,5.8998362854057676e-08
162,34,14,8,0.6,UPR-0064;UPR-0209;UPR-0343;UPR-0393;UPR-0408;UPR-0419;UPR-0550;UPR-0581,0.054514924064278526,0.1489925384521484,1872701.9882554973,6.310406086070947e-08
163,18,11,8,0.45454545454545453,UPR-0024;UPR-0290;UPR-0359;UPR-0393;UPR-0550;UPR-0558;UPR-0581;UPR-0598,0.1917915493249893,0.0887223035097122,1902004.1205995413,6.039128751660567e-08
164,36,12,8,0.23076923076923078,UPR-0024;UPR-0064;UPR-0155;UPR-0280;UPR-0286;UPR-0322;UPR-0343;UPR-0419,0.1350586861371994,0.1076248362660408,1912710.8134821288,6.039128751660567e-08
165,18,10,8,0.3333333333333333,UPR-0289;UPR-0290;UPR-0343;UPR-0359;UPR-0419;UPR-0558;UPR-0581;UPR-0598,0.1398312449455261,0.09705118276178833,1884930.795336305,6.180383524770246e-08
166,21,10,8,0.3333333333333333,UPR-0289;UPR-0290;UPR-0343;UPR-0359;UPR-0419;UPR-0558;UPR-0581;UPR-0598,0.1350586861371994,0.1086828112602233,1898435.2229720124,6.259832759218201e-08
167,23,8,8,0.6,UPR-0024;UPR-0209;UPR-0393;UPR-0550;UPR-0556;UPR-0558;UPR-0581;UPR-0598,0.1917915493249893,0.13050894625484938,1893122.1200528224,6.27209496659325e-08
168,26,12,8,1.0,UPR-0024;UPR-0209;UPR-0343;UPR-0393;UPR-0419;UPR-0550;UPR-0558;UPR-0581,0.10021973401308053,0.1086828112602233,1894450.39578262,6.186524673912042e-08
169,29,12,8,1.0,UPR-0024;UPR-0209;UPR-0343;UPR-0393;UPR-0419;UPR-0550;UPR-0558;UPR-0581,0.13625182583928108,0.11861051619052883,1898435.2229720124,6.039128751660567e-08
170,26,15,8,0.23076923076923078,UPR-0079;UPR-0290;UPR-0343;UPR-0359;UPR-0419;UPR-0556;UPR-0558;UPR-0598,0.1028345320373773,0.11861051619052883,1894450.39578262,5.92957161359957e-08
171,29,14,8,0.7777777777777778,UPR-0024;UPR-0290;UPR-0343;UPR-0393;UPR-0419;UPR-0550;UPR-0558;UPR-0581,0.0494637265801429,0.1222724094986915,1872701.9882554973,6.009393423466764e-08
172,27,13,8,0.7777777777777778,UPR-0024;UPR-0064;UPR-0209;UPR-0343;UPR-0393;UPR-0419;UPR-0550;UPR-0581,0.10021973401308053,0.10841831751167769,1902004.1205995413,6.180383524770246e-08
173,17,9,8,0.14285714285714285,UPR-0169;UPR-0343;UPR-0359;UPR-0430;UPR-0556;UPR-0558;UPR-0598;UPR-0604,0.12721429206430906,0.10428985022008418,1912710.8134821288,6.128334736241973e-08
174,24,10,8,0.7777777777777778,UPR-0024;UPR-0209;UPR-0393;UPR-0419;UPR-0430;UPR-0550;UPR-0558;UPR-0581,0.15436073020100588,0.09844182990491385,1894450.39578262,6.134726163836712e-08
175,24,9,8,0.3333333333333333,UPR-0024;UPR-0209;UPR-0286;UPR-0408;UPR-0556;UPR-0558;UPR-0581;UPR-0598,0.216326966881752,0.1462786495685577,1921793.0820407541,6.039128751660567e-08
176,23,12,8,0.23076923076923078,UPR-0169;UPR-0289;UPR-0290;UPR-0343;UPR-0359;UPR-0419;UPR-0558;UPR-0598,0.0752746742218732,0.11861051619052883,1872701.9882554973,6.128334736241973e-08
177,39,11,8,0.45454545454545453,UPR-0024;UPR-0155;UPR-0209;UPR-0322;UPR-0343;UPR-0408;UPR-0419;UPR-0581,0.08628049492835993,0.11887500993907446,1880683.9810043082,6.262898311061963e-08
178,35,13,8,0.23076923076923078,UPR-0024;UPR-0064;UPR-0155;UPR-0280;UPR-0286;UPR-0322;UPR-0343;UPR-0419,0.1398312449455261,0.10567549616098403,1920206.8739792663,6.009393423466764e-08
179,17,11,8,0.14285714285714285,UPR-0079;UPR-0343;UPR-0359;UPR-0430;UPR-0556;UPR-0558;UPR-0598;UPR-0604,0.13625182583928108,0.0927986148744821,1914373.896794905,5.92957161359957e-08
180,17,9,8,0.14285714285714285,UPR-0169;UPR-0343;UPR-0359;UPR-0430;UPR-0556;UPR-0558;UPR-0598;UPR-0604,0.1028345320373773,0.0998274758458137,1882200.3537641324,6.161209241986031e-08
181,37,13,8,0.45454545454545453,UPR-0024;UPR-0209;UPR-0284;UPR-0318;UPR-0343;UPR-0419;UPR-0568;UPR-0581,0.070628261193633,0.11887500993907446,1874571.122046048,6.153900446620928e-08
182,30,14,8,0.7777777777777778,UPR-0024;UPR-0290;UPR-0343;UPR-0393;UPR-0419;UPR-0550;UPR-0558;UPR-0581,0.0696685165166854,0.1381369829177856,1872701.9882554973,6.275170563891283e-08
183,33,8,8,0.3333333333333333,UPR-0020;UPR-0024;UPR-0155;UPR-0209;UPR-0322;UPR-0408;UPR-0419;UPR-0581,0.14719728380441666,0.1064689774066209,1880178.5234177,6.128334736241973e-08
184,70,18,8,0.06666666666666667,UPR-0020;UPR-0024;UPR-0066;UPR-0155;UPR-0280;UPR-0286;UPR-0322;UPR-0408,0.070628261193633,0.21313958987593648,1858088.16549454,5.935963041194308e-08
185,18,10,8,0.23076923076923078,UPR-0169;UPR-0343;UPR-0359;UPR-0419;UPR-0556;UPR-0558;UPR-0598;UPR-0604,0.10021973401308053,0.10841831751167769,1894450.39578262,6.284874946327678e-08
186,35,12,8,0.45454545454545453,UPR-0024;UPR-0209;UPR-0284;UPR-0318;UPR-0343;UPR-0419;UPR-0568;UPR-0581,0.10021973401308053,0.11861051619052883,1884930.795336305,6.128334736241973e-08
187,37,13,8,0.3333333333333333,UPR-0024;UPR-0284;UPR-0286;UPR-0318;UPR-0343;UPR-0419;UPR-0568;UPR-0581,0.0735074952244758,0.1086828112602233,1882200.3537641324,6.009393423466764e-08
188,21,7,7,0.5,UPR-0024;UPR-0209;UPR-0393;UPR-0556;UPR-0558;UPR-0581;UPR-0598,0.1871971040964126,0.09844182990491385,1913728.5286252135,6.187002264454338e-08
189,22,12,8,0.23076923076923078,UPR-0169;UPR-0289;UPR-0290;UPR-0343;UPR-0359;UPR-0419;UPR-0558;UPR-0598,0.10103389061987395,0.11887500993907446,1882200.3537641324,6.27209496659325e-08
190,29,10,8,0.45454545454545453,UPR-0024;UPR-0064;UPR-0155;UPR-0209;UPR-0322;UPR-0343;UPR-0419;UPR-0581,0.1398312449455261,0.09705118276178833,1912710.8134821288,6.134726163836712e-08
191,16,10,8,0.45454545454545453,UPR-0024;UPR-0290;UPR-0359;UPR-0393;UPR-0550;UPR-0558;UPR-0581;UPR-0598,0.2107079774141311,0.0883397832512855,1898019.293410149,6.262898311061963e-08
192,21,7,7,0.5,UPR-0024;UPR-0209;UPR-0393;UPR-0556;UPR-0558;UPR-0581;UPR-0598,0.1871971040964126,0.09844182990491385,1916781.674054468,6.286307717954568e-08
193,28,9,8,0.23076923076923078,UPR-0020;UPR-0024;UPR-0155;UPR-0209;UPR-0280;UPR-0286;UPR-0322;UPR-0581,0.1836130768060684,0.08862667344510552,1917427.0422241595,5.8450925162870543e-08
194,23,9,8,0.6,UPR-0024;UPR-0209;UPR-0343;UPR-0419;UPR-0430;UPR-0558;UPR-0581;UPR-0598,0.1398312449455261,0.10428985022008418,1920565.4558423087,6.259832759218201e-08
195,39,11,8,0.3333333333333333,UPR-0024;UPR-0064;UPR-0155;UPR-0286;UPR-0322;UPR-0343;UPR-0419;UPR-0581,0.0920931473374366,0.10841831751167769,1898435.2229720124,5.8998362854057676e-08
196,43,14,8,0.3333333333333333,UPR-0020;UPR-0024;UPR-0155;UPR-0209;UPR-0322;UPR-0408;UPR-0419;UPR-0581,0.12721429206430906,0.1462786495685577,1875076.5796326562,6.134726163836712e-08
197,44,16,8,0.23076923076923078,UPR-0024;UPR-0066;UPR-0155;UPR-0209;UPR-0280;UPR-0322;UPR-0408;UPR-0581,0.10021973401308053,0.1462786495685577,1898435.2229720124,6.275170563891283e-08
198,31,12,8,1.0,UPR-0024;UPR-0209;UPR-0343;UPR-0393;UPR-0419;UPR-0550;UPR-0558;UPR-0581,0.07815390825271601,0.1462786495685577,1880683.9810043082,6.291325342272523e-08
199,23,12,8,0.6,UPR-0024;UPR-0290;UPR-0359;UPR-0393;UPR-0419;UPR-0550;UPR-0558;UPR-0581,0.14293691702187056,0.1076248362660408,1872701.9882554973,6.183449076614008e-08
200,38,12,8,0.23076923076923078,UPR-0024;UPR-0066;UPR-0155;UPR-0280;UPR-0286;UPR-0322;UPR-0419;UPR-0581,0.14719728380441666,0.10841831751167769,1902004.1205995413,6.009393423466764e-08
201,31,13,8,1.0,UPR-0024;UPR-0209;UPR-0343;UPR-0393;UPR-0419;UPR-0550;UPR-0558;UPR-0581,0.1245994940400123,0.11861051619052883,1882200.3537641324,5.8998362854057676e-08
202,19,11,8,0.23076923076923078,UPR-0169;UPR-0290;UPR-0343;UPR-0359;UPR-0419;UPR-0556;UPR-0558;UPR-0598,0.13625182583928108,0.09844182990491385,1894450.39578262,6.134726163836712e-08
203,25,11,8,0.7777777777777778,UPR-0024;UPR-0064;UPR-0209;UPR-0343;UPR-0393;UPR-0419;UPR-0558;UPR-0581,0.1398312449455261,0.10567549616098403,1913728.5286252135,6.153900446620928e-08
204,36,19,8,0.23076923076923078,UPR-0079;UPR-0177;UPR-0290;UPR-0359;UPR-0419;UPR-0558;UPR-0581;UPR-0598,0.10021973401308053,0.11887500993907446,1884742.698306278,5.297192460587629e-08
205,25,13,8,1.0,UPR-0024;UPR-0209;UPR-0343;UPR-0393;UPR-0419;UPR-0550;UPR-0558;UPR-0581,0.10021973401308053,0.0942848920822143,1898435.2229720124,6.045520179255305e-08
206,40,13,8,0.14285714285714285,UPR-0024;UPR-0066;UPR-0155;UPR-0280;UPR-0286;UPR-0322;UPR-0408;UPR-0419,0.14719728380441666,0.1222724094986915,1916781.674054468,5.8633172393854354e-08
207,21,10,8,0.3333333333333333,UPR-0289;UPR-0290;UPR-0343;UPR-0359;UPR-0419;UPR-0558;UPR-0581;UPR-0598,0.1398312449455261,0.09844182990491385,1880683.9810043082,6.265973908359997e-08
208,17,12,8,0.23076923076923078,UPR-0169;UPR-0289;UPR-0290;UPR-0343;UPR-0359;UPR-0419;UPR-0558;UPR-0598,0.1245994940400123,0.0942848920822143,1898435.2229720124,6.180383524770246e-08
209,39,12,8,0.45454545454545453,UPR-0020;UPR-0024;UPR-0155;UPR-0209;UPR-0322;UPR-0343;UPR-0419;UPR-0581,0.12721429206430906,0.1222724094986915,1877807.0212048285,6.153900446620928e-08
210,27,13,8,0.7777777777777778,UPR-0024;UPR-0064;UPR-0209;UPR-0343;UPR-0393;UPR-0419;UPR-0550;UPR-0581,0.10021973401308053,0.1064689774066209,1880683.9810043082,6.286307717954568e-08
211,31,15,8,0.7777777777777778,UPR-0024;UPR-0209;UPR-0286;UPR-0343;UPR-0393;UPR-0419;UPR-0550;UPR-0581,0.13625182583928108,0.10428985022008418,1903021.8357426263,5.92957161359957e-08
212,38,13,8,0.45454545454545453,UPR-0024;UPR-0290;UPR-0343;UPR-0354;UPR-0359;UPR-0419;UPR-0558;UPR-0581,0.0365701997652649,0.21042570099234578,1871321.006551699,6.183449076614008e-08
213,17,9,8,0.14285714285714285,UPR-0169;UPR-0343;UPR-0359;UPR-0430;UPR-0556;UPR-0558;UPR-0598;UPR-0604,0.0920931473374366,0.10567549616098403,1884930.795336305,6.275170563891283e-08
214,39,13,8,0.3333333333333333,UPR-0024;UPR-0209;UPR-0284;UPR-0318;UPR-0343;UPR-0408;UPR-0568;UPR-0581,0.07815390825271601,0.1462786495685577,1882200.3537641324,6.291325342272523e-08
215,25,13,8,0.7777777777777778,UPR-0024;UPR-0290;UPR-0343;UPR-0393;UPR-0419;UPR-0550;UPR-0558;UPR-0581,0.07815390825271601,0.1086828112602233,1880683.9810043082,6.183449076614008e-08
216,14,12,8,0.0,UPR-0132;UPR-0154;UPR-0340;UPR-0386;UPR-0396;UPR-0458;UPR-0598;UPR-0604,0.0752746742218732,0.1222724094986915,1872701.9882554973,6.128334736241973e-08
217,25,8,8,0.23076923076923078,UPR-0020;UPR-0024;UPR-0155;UPR-0209;UPR-0286;UPR-0322;UPR-0408;UPR-0581,0.1871971040964126,0.0887223035097122,1922738.0557173635,5.8998362854057676e-08
218,16,11,8,0.23076923076923078,UPR-0169;UPR-0290;UPR-0343;UPR-0359;UPR-0419;UPR-0556;UPR-0558;UPR-0598,0.11497312970459456,0.0942848920822143,1884930.795336305,6.27209496659325e-08
219,24,6,6,0.2727272727272727,UPR-0020;UPR-0024;UPR-0155;UPR-0209;UPR-0322;UPR-0581,0.1836130768060684,0.08164286240935323,1894450.39578262,6.183449076614008e-08
220,19,13,8,0.06666666666666667,UPR-0079;UPR-0158;UPR-0177;UPR-0359;UPR-0556;UPR-0558;UPR-0598;UPR-0604,0.1871971040964126,0.09173760935664173,1902004.1205995413,5.3382676873825564e-08
221,26,10,8,0.6,UPR-0024;UPR-0093;UPR-0209;UPR-0393;UPR-0550;UPR-0558;UPR-0581;UPR-0598,0.1871971040964126,0.10428985022008418,1903021.8357426263,5.8496486970616496e-08
222,47,15,8,0.23076923076923078,UPR-0020;UPR-0024;UPR-0155;UPR-0209;UPR-0286;UPR-0322;UPR-0408;UPR-0581,0.1028345320373773,0.13077344000339503,1886259.0710661025,5.8633172393854354e-08
223,14,12,8,0.0,UPR-0132;UPR-0154;UPR-0340;UPR-0386;UPR-0396;UPR-0458;UPR-0598;UPR-0604,0.0752746742218732,0.13417083956301207,1858088.16549454,6.259832759218201e-08
224,28,9,8,0.3333333333333333,UPR-0020;UPR-0024;UPR-0155;UPR-0209;UPR-0286;UPR-0322;UPR-0419;UPR-0581,0.15077670291066167,0.0887223035097122,1916781.674054468,5.8496486970616496e-08
225,17,12,8,0.23076923076923078,UPR-0169;UPR-0289;UPR-0290;UPR-0343;UPR-0359;UPR-0419;UPR-0558;UPR-0598,0.0920931473374366,0.0942848920822143,1884742.698306278,6.128334736241973e-08
226,32,12,8,0.45454545454545453,UPR-0024;UPR-0209;UPR-0284;UPR-0318;UPR-0343;UPR-0419;UPR-0568;UPR-0581,0.1245994940400123,0.10428985022008418,1893122.1200528224,6.186524673912042e-08
227,24,10,8,0.23076923076923078,UPR-0169;UPR-0343;UPR-0359;UPR-0419;UPR-0556;UPR-0558;UPR-0598;UPR-0604,0.054514924064278526,0.1462786495685577,1872701.9882554973,6.291325342272523e-08
228,35,13,8,0.23076923076923078,UPR-0020;UPR-0024;UPR-0155;UPR-0280;UPR-0286;UPR-0322;UPR-0419;UPR-0581,0.12721429206430906,0.10841831751167769,1921108.6058110725,6.009393423466764e-08
229,29,12,8,1.0,UPR-0024;UPR-0209;UPR-0343;UPR-0393;UPR-0419;UPR-0550;UPR-0558;UPR-0581,0.07815390825271601,0.13417083956301207,1880683.9810043082,6.128334736241973e-08
230,21,11,8,0.45454545454545453,UPR-0024;UPR-0290;UPR-0359;UPR-0393;UPR-0550;UPR-0558;UPR-0581;UPR-0598,0.1871971040964126,0.0942848920822143,1894450.39578262,5.886167743081982e-08
231,36,13,8,0.3333333333333333,UPR-0020;UPR-0024;UPR-0155;UPR-0209;UPR-0280;UPR-0322;UPR-0419;UPR-0581,0.1350586861371994,0.11666117608547205,1912710.8134821288,6.180383524770246e-08
232,44,17,8,0.14285714285714285,UPR-0020;UPR-0024;UPR-0155;UPR-0209;UPR-0280;UPR-0286;UPR-0322;UPR-0408,0.13625182583928108,0.1489925384521484,1930023.3012451138,5.8633172393854354e-08
233,38,11,8,0.3333333333333333,UPR-0024;UPR-0064;UPR-0155;UPR-0286;UPR-0322;UPR-0343;UPR-0419;UPR-0581,0.13625182583928108,0.1086828112602233,1882200.3537641324,6.039128751660567e-08
234,15,7,7,0.15384615384615385,UPR-0289;UPR-0290;UPR-0359;UPR-0556;UPR-0558;UPR-0581;UPR-0598,0.22388778254389757,0.0998274758458137,1917427.0422241595,6.259832759218201e-08
235,29,12,8,0.45454545454545453,UPR-0024;UPR-0290;UPR-0343;UPR-0359;UPR-0419;UPR-0558;UPR-0581;UPR-0598,0.070628261193633,0.1381369829177856,1880178.5234177,6.045520179255305e-08
236,23,12,8,0.6,UPR-0024;UPR-0290;UPR-0343;UPR-0359;UPR-0393;UPR-0419;UPR-0558;UPR-0581,0.1028345320373773,0.1076248362660408,1917427.0422241595,6.153900446620928e-08
237,30,13,8,0.3333333333333333,UPR-0024;UPR-0284;UPR-0286;UPR-0318;UPR-0343;UPR-0419;UPR-0568;UPR-0581,0.0920931473374366,0.0942848920822143,1912710.8134821288,6.009393423466764e-08
238,53,17,8,0.06666666666666667,UPR-0020;UPR-0024;UPR-0066;UPR-0155;UPR-0280;UPR-0286;UPR-0322;UPR-0408,0.0888952929526567,0.1381369829177856,1883414.4225764805,5.8633172393854354e-08
239,27,13,8,0.7777777777777778,UPR-0024;UPR-0064;UPR-0209;UPR-0343;UPR-0393;UPR-0419;UPR-0550;UPR-0581,0.1398312449455261,0.0998274758458137,1898435.2229720124,6.153900446620928e-08
240,24,17,8,0.14285714285714285,UPR-0079;UPR-0177;UPR-0290;UPR-0359;UPR-0419;UPR-0558;UPR-0598;UPR-0604,0.15436073020100588,0.09705118276178833,1920565.4558423087,5.297192460587629e-08
241,14,12,8,0.0,UPR-0132;UPR-0154;UPR-0340;UPR-0386;UPR-0396;UPR-0458;UPR-0598;UPR-0604,0.0696685165166854,0.1222724094986915,1872701.9882554973,6.161209241986031e-08
242,22,10,8,0.3333333333333333,UPR-0289;UPR-0290;UPR-0343;UPR-0359;UPR-0419;UPR-0558;UPR-0581;UPR-0598,0.0920931473374366,0.1086828112602233,1883414.4225764805,6.128334736241973e-08
243,15,7,7,0.5,UPR-0024;UPR-0209;UPR-0393;UPR-0556;UPR-0558;UPR-0581;UPR-0598,0.1871971040964126,0.08164286240935323,1912710.8134821288,6.27209496659325e-08
244,25,11,8,1.0,UPR-0024;UPR-0209;UPR-0343;UPR-0393;UPR-0419;UPR-0550;UPR-0558;UPR-0581,0.10402767173945898,0.1064689774066209,1882200.3537641324,6.161209241986031e-08
245,23,10,8,0.3333333333333333,UPR-0289;UPR-0290;UPR-0343;UPR-0359;UPR-0419;UPR-0558;UPR-0581;UPR-0598,0.1398312449455261,0.1222724094986915,1921108.6058110725,6.128334736241973e-08
246,17,9,8,0.3333333333333333,UPR-0024;UPR-0289;UPR-0290;UPR-0359;UPR-0393;UPR-0558;UPR-0581;UPR-0598,0.22388778254389757,0.0998274758458137,1917427.0422241595,6.128334736241973e-08
247,28,11,8,1.0,UPR-0024;UPR-0209;UPR-0343;UPR-0393;UPR-0419;UPR-0550;UPR-0558;UPR-0581,0.0494637265801429,0.1222724094986915,1882200.3537641324,6.286307717954568e-08
248,17,9,8,0.14285714285714285,UPR-0169;UPR-0359;UPR-0419;UPR-0430;UPR-0556;UPR-0558;UPR-0598;UPR-0604,0.16651599109172815,0.09844182990491385,1884930.795336305,6.153900446620928e-08
249,37,13,8,0.3333333333333333,UPR-0024;UPR-0066;UPR-0155;UPR-0209;UPR-0280;UPR-0322;UPR-0343;UPR-0581,0.1245994940400123,0.1086828112602233,1893122.1200528224,6.153900446620928e-08
250,33,12,8,0.45454545454545453,UPR-0024;UPR-0209;UPR-0284;UPR-0318;UPR-0343;UPR-0419;UPR-0568;UPR-0581,0.12721429206430906,0.1086828112602233,1884930.795336305,6.153900446620928e-08
251,25,11,8,0.45454545454545453,UPR-0024;UPR-0290;UPR-0343;UPR-0359;UPR-0419;UPR-0430;UPR-0558;UPR-0581,0.07815390825271601,0.11887500993907446,1882200.3537641324,6.161209241986031e-08
252,20,12,8,0.23076923076923078,UPR-0169;UPR-0289;UPR-0290;UPR-0343;UPR-0359;UPR-0419;UPR-0558;UPR-0598,0.1350586861371994,0.10567549616098403,1898019.293410149,6.128334736241973e-08
253,24,12,8,0.23076923076923078,UPR-0169;UPR-0289;UPR-0290;UPR-0343;UPR-0359;UPR-0419;UPR-0558;UPR-0598,0.10021973401308053,0.1381369829177856,1883414.4225764805,6.284874946327678e-08
254,35,12,8,0.23076923076923078,UPR-0024;UPR-0064;UPR-0155;UPR-0284;UPR-0286;UPR-0419;UPR-0568;UPR-0581,0.12721429206430906,0.10428985022008418,1912710.8134821288,5.8998362854057676e-08
255,36,13,8,0.23076923076923078,UPR-0024;UPR-0064;UPR-0155;UPR-0280;UPR-0286;UPR-0322;UPR-0343;UPR-0419,0.13625182583928108,0.10428985022008418,1917427.0422241595,6.009393423466764e-08
256,31,8,8,0.23076923076923078,UPR-0020;UPR-0024;UPR-0155;UPR-0209;UPR-0286;UPR-0322;UPR-0408;UPR-0581,0.1836130768060684,0.10567549616098403,1925623.543661162,5.8496486970616496e-08
257,16,12,8,0.06666666666666667,UPR-0132;UPR-0154;UPR-0343;UPR-0359;UPR-0386;UPR-0430;UPR-0598;UPR-0604,0.0696685165166854,0.13417083956301207,1871666.2519776486,6.259832759218201e-08
258,21,12,8,0.45454545454545453,UPR-0024;UPR-0290;UPR-0343;UPR-0359;UPR-0419;UPR-0558;UPR-0581;UPR-0598,0.10402767173945898,0.0942848920822143,1898435.2229720124,6.009393423466764e-08
259,13,8,8,0.14285714285714285,UPR-0162;UPR-0169;UPR-0343;UPR-0359;UPR-0430;UPR-0558;UPR-0598;UPR-0604,0.10021973401308053,0.0942848920822143,1913728.5286252135,6.27209496659325e-08
260,30,13,8,0.7777777777777778,UPR-0024;UPR-0064;UPR-0209;UPR-0343;UPR-0393;UPR-0419;UPR-0550;UPR-0581,0.0735074952244758,0.11887500993907446,1880178.5234177,6.285033851229838e-08
261,22,11,8,0.23076923076923078,UPR-0169;UPR-0289;UPR-0343;UPR-0359;UPR-0419;UPR-0558;UPR-0598;UPR-0604,0.070628261193633,0.11887500993907446,1874571.122046048,6.259832759218201e-08
262,44,15,8,0.23076923076923078,UPR-0024;UPR-0066;UPR-0155;UPR-0209;UPR-0280;UPR-0286;UPR-0322;UPR-0581,0.13625182583928108,0.11887500993907446,1886259.0710661025,6.039128751660567e-08
263,31,15,8,0.7777777777777778,UPR-0024;UPR-0290;UPR-0343;UPR-0393;UPR-0419;UPR-0550;UPR-0558;UPR-0581,0.1245994940400123,0.13417083956301207,1871666.2519776486,5.92957161359957e-08
264,11,7,7,0.07142857142857142,UPR-0162;UPR-0169;UPR-0359;UPR-0556;UPR-0558;UPR-0598;UPR-0604,0.1979491859674453,0.09705118276178833,1893122.1200528224,6.265973908359997e-08
265,21,9,8,0.14285714285714285,UPR-0162;UPR-0169;UPR-0343;UPR-0359;UPR-0430;UPR-0558;UPR-0598;UPR-0604,0.0752746742218732,0.1381369829177856,1876771.2849269798,6.284874946327678e-08
266,19,9,8,0.14285714285714285,UPR-0162;UPR-0343;UPR-0359;UPR-0430;UPR-0556;UPR-0558;UPR-0598;UPR-0604,0.0920931473374366,0.11861051619052883,1913728.5286252135,6.266610403804453e-08
267,36,10,8,0.45454545454545453,UPR-0024;UPR-0064;UPR-0155;UPR-0209;UPR-0322;UPR-0343;UPR-0419;UPR-0581,0.0735074952244758,0.1086828112602233,1880178.5234177,6.134726163836712e-08
268,44,15,8,0.23076923076923078,UPR-0024;UPR-0066;UPR-0155;UPR-0209;UPR-0280;UPR-0286;UPR-0322;UPR-0581,0.10021973401308053,0.11861051619052883,1877807.0212048285,6.045520179255305e-08
269,38,12,8,0.23076923076923078,UPR-0020;UPR-0024;UPR-0064;UPR-0155;UPR-0209;UPR-0286;UPR-0322;UPR-0419,0.12721429206430906,0.11861051619052883,1912710.8134821288,6.039128751660567e-08
270,23,12,8,0.23076923076923078,UPR-0169;UPR-0289;UPR-0290;UPR-0343;UPR-0359;UPR-0419;UPR-0558;UPR-0598,0.0696685165166854,0.1222724094986915,1872701.9882554973,6.259832759218201e-08
271,15,9,8,0.14285714285714285,UPR-0079;UPR-0289;UPR-0290;UPR-0359;UPR-0556;UPR-0558;UPR-0581;UPR-0598,0.1979491859674453,0.08727877773344513,1893122.1200528224,6.045520179255305e-08
272,24,10,8,0.7777777777777778,UPR-0024;UPR-0209;UPR-0343;UPR-0393;UPR-0419;UPR-0430;UPR-0558;UPR-0581,0.12721429206430906,0.10567549616098403,1912710.8134821288,6.262898311061963e-08
273,20,11,8,0.45454545454545453,UPR-0024;UPR-0290;UPR-0359;UPR-0393;UPR-0550;UPR-0558;UPR-0581;UPR-0598,0.1871971040964126,0.0942848920822143,1886259.0710661025,6.039128751660567e-08
274,29,10,8,0.3333333333333333,UPR-0024;UPR-0209;UPR-0284;UPR-0286;UPR-0408;UPR-0558;UPR-0581;UPR-0598,0.1917915493249893,0.13050894625484938,1914373.896794905,5.886167743081982e-08
275,34,11,8,0.23076923076923078,UPR-0024;UPR-0066;UPR-0155;UPR-0280;UPR-0286;UPR-0322;UPR-0419;UPR-0581,0.15077670291066167,0.1076248362660408,1921541.699105176,5.8450925162870543e-08
276,45,15,8,0.23076923076923078,UPR-0020;UPR-0024;UPR-0155;UPR-0209;UPR-0280;UPR-0322;UPR-0408;UPR-0581,0.0920931473374366,0.1381369829177856,1880683.9810043082,6.134726163836712e-08
277,45,15,8,0.23076923076923078,UPR-0020;UPR-0024;UPR-0155;UPR-0209;UPR-0286;UPR-0322;UPR-0408;UPR-0581,0.08340126089751712,0.13417083956301207,1913728.5286252135,5.8633172393854354e-08
278,24,10,8,0.7777777777777778,UPR-0024;UPR-0209;UPR-0343;UPR-0393;UPR-0419;UPR-0430;UPR-0558;UPR-0581,0.10021973401308053,0.10508333146572105,1912710.8134821288,6.286466622856728e-08
279,42,13,8,0.14285714285714285,UPR-0024;UPR-0066;UPR-0155;UPR-0280;UPR-0286;UPR-0322;UPR-0408;UPR-0419,0.14719728380441666,0.11861051619052883,1920565.4558423087,5.8633172393854354e-08
280,28,11,8,0.45454545454545453,UPR-0024;UPR-0290;UPR-0343;UPR-0359;UPR-0419;UPR-0430;UPR-0558;UPR-0581,0.054514924064278526,0.1489925384521484,1874571.122046048,6.284874946327678e-08
281,24,11,8,0.45454545454545453,UPR-0024;UPR-0290;UPR-0343;UPR-0359;UPR-0419;UPR-0430;UPR-0558;UPR-0581,0.10103389061987395,0.11887500993907446,1874571.122046048,6.286943337563207e-08
282,31,14,8,0.7777777777777778,UPR-0024;UPR-0290;UPR-0343;UPR-0393;UPR-0419;UPR-0550;UPR-0558;UPR-0581,0.060121081769466324,0.11861051619052883,1871321.006551699,6.039128751660567e-08
283,45,16,8,0.14285714285714285,UPR-0020;UPR-0024;UPR-0155;UPR-0209;UPR-0280;UPR-0286;UPR-0322;UPR-0408,0.1245994940400123,0.13050894625484938,1912710.8134821288,5.8633172393854354e-08
284,18,10,8,0.14285714285714285,UPR-0169;UPR-0343;UPR-0359;UPR-0430;UPR-0556;UPR-0558;UPR-0598;UPR-0604,0.0735074952244758,0.1086828112602233,1880178.5234177,6.275170563891283e-08
285,40,12,8,0.23076923076923078,UPR-0020;UPR-0024;UPR-0155;UPR-0209;UPR-0286;UPR-0322;UPR-0408;UPR-0419,0.14719728380441666,0.13077344000339503,1899037.008553234,6.045520179255305e-08
286,25,11,8,0.45454545454545453,UPR-0024;UPR-0290;UPR-0359;UPR-0393;UPR-0419;UPR-0430;UPR-0558;UPR-0581,0.15078131109476087,0.1462786495685577,1919663.7240105025,6.186524673912042e-08
287,21,11,8,0.14285714285714285,UPR-0169;UPR-0343;UPR-0359;UPR-0430;UPR-0556;UPR-0558;UPR-0598;UPR-0604,0.0696685165166854,0.1222724094986915,1871321.006551699,6.275648154433579e-08
288,33,11,8,0.3333333333333333,UPR-0024;UPR-0064;UPR-0155;UPR-0284;UPR-0286;UPR-0343;UPR-0419;UPR-0581,0.1398312449455261,0.1076248362660408,1916781.674054468,5.8633172393854354e-08
289,20,8,8,0.45454545454545453,UPR-0024;UPR-0158;UPR-0209;UPR-0393;UPR-0556;UPR-0558;UPR-0581;UPR-0598,0.1871971040964126,0.09705118276178833,1913728.5286252135,6.072003257404623e-08
290,38,14,8,0.23076923076923078,UPR-0020;UPR-0024;UPR-0209;UPR-0284;UPR-0318;UPR-0408;UPR-0568;UPR-0581,0.0696685165166854,0.13417083956301207,1875076.5796326562,6.153900446620928e-08
291,41,17,8,0.3333333333333333,UPR-0024;UPR-0209;UPR-0284;UPR-0286;UPR-0408;UPR-0419;UPR-0512;UPR-0581,0.0494637265801429,0.1462786495685577,1874571.122046048,6.045520179255305e-08
292,20,6,6,0.2727272727272727,UPR-0020;UPR-0024;UPR-0155;UPR-0209;UPR-0322;UPR-0581,0.21010444685816757,0.08201084099709985,1917427.0422241595,6.153900446620928e-08
293,29,12,8,1.0,UPR-0024;UPR-0209;UPR-0343;UPR-0393;UPR-0419;UPR-0550;UPR-0558;UPR-0581,0.07815390825271601,0.1222724094986915,1880683.9810043082,6.275170563891283e-08
294,52,19,8,0.14285714285714285,UPR-0024;UPR-0066;UPR-0155;UPR-0209;UPR-0280;UPR-0286;UPR-0322;UPR-0408,0.1350586861371994,0.13077344000339503,1898435.2229720124,5.8633172393854354e-08
295,21,10,8,0.3333333333333333,UPR-0289;UPR-0290;UPR-0343;UPR-0359;UPR-0419;UPR-0558;UPR-0581;UPR-0598,0.12721429206430906,0.10567549616098403,1893122.1200528224,6.180383524770246e-08
296,14,11,8,0.14285714285714285,UPR-0169;UPR-0289;UPR-0290;UPR-0359;UPR-0419;UPR-0558;UPR-0598;UPR-0604,0.15077670291066167,0.0883397832512855,1903021.8357426263,6.262898311061963e-08
297,28,11,8,0.7777777777777778,UPR-0024;UPR-0209;UPR-0343;UPR-0393;UPR-0419;UPR-0430;UPR-0558;UPR-0581,0.12840743176639074,0.10567549616098403,1913728.5286252135,5.8450925162870543e-08
298,24,13,8,0.7777777777777778,UPR-0024;UPR-0290;UPR-0343;UPR-0393;UPR-0419;UPR-0550;UPR-0558;UPR-0581,0.07815390825271601,0.10508333146572105,1898435.2229720124,6.183449076614008e-08
299,26,12,8,0.45454545454545453,UPR-0024;UPR-0290;UPR-0343;UPR-0359;UPR-0419;UPR-0558;UPR-0581;UPR-0598,0.1245994940400123,0.11887500993907446,1912710.8134821288,6.045520179255305e-08
300,26,14,8,0.7777777777777778,UPR-0024;UPR-0290;UPR-0343;UPR-0393;UPR-0419;UPR-0550;UPR-0558;UPR-0581,0.1350586861371994,0.1086828112602233,1890845.6838367162,6.039128751660567e-08
301,38,14,8,0.23076923076923078,UPR-0024;UPR-0066;UPR-0155;UPR-0209;UPR-0280;UPR-0286;UPR-0322;UPR-0581,0.1350586861371994,0.1086828112602233,1916781.674054468,5.8633172393854354e-08
302,41,13,8,0.3333333333333333,UPR-0024;UPR-0066;UPR-0155;UPR-0209;UPR-0280;UPR-0322;UPR-0343;UPR-0581,0.0735074952244758,0.1222724094986915,1882200.3537641324,6.284874946327678e-08
303,26,12,8,0.6,UPR-0024;UPR-0290;UPR-0343;UPR-0359;UPR-0393;UPR-0419;UPR-0558;UPR-0581,0.07815390825271601,0.13077344000339503,1884742.698306278,6.188256670533827e-08
304,38,12,8,0.3333333333333333,UPR-0020;UPR-0024;UPR-0064;UPR-0209;UPR-0318;UPR-0322;UPR-0419;UPR-0581,0.0696685165166854,0.1222724094986915,1874571.122046048,6.153900446620928e-08
305,27,13,8,0.7777777777777778,UPR-0024;UPR-0290;UPR-0343;UPR-0393;UPR-0419;UPR-0550;UPR-0558;UPR-0581,0.07815390825271601,0.11887500993907446,1902004.1205995413,6.183449076614008e-08
306,66,25,8,0.6,UPR-0024;UPR-0209;UPR-0343;UPR-0393;UPR-0408;UPR-0512;UPR-0550;UPR-0581,0.0255374275147914,0.34539882838726044,1871321.006551699,6.286129352407167e-08
307,21,10,8,0.3333333333333333,UPR-0289;UPR-0290;UPR-0343;UPR-0359;UPR-0419;UPR-0558;UPR-0581;UPR-0598,0.12840743176639074,0.10841831751167769,1920565.4558423087,6.128334736241973e-08
308,35,12,8,0.23076923076923078,UPR-0024;UPR-0064;UPR-0155;UPR-0280;UPR-0286;UPR-0322;UPR-0343;UPR-0419,0.10021973401308053,0.0942848920822143,1898435.2229720124,6.009393423466764e-08
309,21,12,8,0.3333333333333333,UPR-0079;UPR-0290;UPR-0343;UPR-0359;UPR-0419;UPR-0558;UPR-0581;UPR-0598,0.13935288973152632,0.09289424493908878,1902004.1205995413,5.886167743081982e-08
310,11,7,7,0.07142857142857142,UPR-0162;UPR-0169;UPR-0359;UPR-0556;UPR-0558;UPR-0598;UPR-0604,0.20254363119602198,0.09695555269718165,1884930.795336305,6.284874946327678e-08
311,16,11,8,0.23076923076923078,UPR-0079;UPR-0343;UPR-0359;UPR-0419;UPR-0430;UPR-0558;UPR-0598;UPR-0604,0.12721429206430906,0.0942848920822143,1919363.1467332337,6.075068809248385e-08
312,18,10,8,0.3333333333333333,UPR-0289;UPR-0290;UPR-0343;UPR-0359;UPR-0419;UPR-0558;UPR-0581;UPR-0598,0.10021973401308053,0.0942848920822143,1902004.1205995413,6.262898311061963e-08
313,29,8,8,0.3333333333333333,UPR-0020;UPR-0024;UPR-0155;UPR-0209;UPR-0322;UPR-0408;UPR-0419;UPR-0581,0.16651599109172815,0.0998274758458137,1916781.674054468,6.128334736241973e-08
314,21,10,8,0.23076923076923078,UPR-0169;UPR-0343;UPR-0359;UPR-0419;UPR-0556;UPR-0558;UPR-0598;UPR-0604,0.0696685165166854,0.13417083956301207,1872701.9882554973,6.128334736241973e-08
315,28,12,8,0.7777777777777778,UPR-0024;UPR-0093;UPR-0209;UPR-0393;UPR-0419;UPR-0550;UPR-0558;UPR-0581,0.14719728380441666,0.10841831751167769,1884930.795336305,5.8633172393854354e-08
316,29,13,8,0.7777777777777778,UPR-0024;UPR-0064;UPR-0209;UPR-0343;UPR-0393;UPR-0419;UPR-0550;UPR-0581,0.1350586861371994,0.11861051619052883,1902004.1205995413,6.134726163836712e-08
317,17,9,8,0.06666666666666667,UPR-0169;UPR-0289;UPR-0290;UPR-0359;UPR-0556;UPR-0558;UPR-0598;UPR-0604,0.20254363119602198,0.11861051619052883,1917427.0422241595,6.128334736241973e-08
318,45,15,8,0.23076923076923078,UPR-0020;UPR-0024;UPR-0155;UPR-0209;UPR-0286;UPR-0322;UPR-0408;UPR-0581,0.10021973401308053,0.1381369829177856,1902004.1205995413,6.045520179255305e-08
319,30,12,8,0.6,UPR-0024;UPR-0064;UPR-0209;UPR-0343;UPR-0393;UPR-0408;UPR-0419;UPR-0581,0.1245994940400123,0.1423125062137842,1912710.8134821288,6.259832759218201e-08
320,26,14,8,0.7777777777777778,UPR-0024;UPR-0290;UPR-0343;UPR-0393;UPR-0419;UPR-0550;UPR-0558;UPR-0581,0.11497312970459456,0.0998274758458137,1882200.3537641324,6.039128751660567e-08
321,16,10,8,0.3333333333333333,UPR-0289;UPR-0290;UPR-0343;UPR-0359;UPR-0419;UPR-0558;UPR-0581;UPR-0598,0.12840743176639074,0.08727877773344513,1902004.1205995413,6.180383524770246e-08
322,42,16,8,0.14285714285714285,UPR-0020;UPR-0024;UPR-0066;UPR-0155;UPR-0209;UPR-0280;UPR-0322;UPR-0408,0.12721429206430906,0.13417083956301207,1917727.6195014282,6.153900446620928e-08
323,13,8,8,0.06666666666666667,UPR-0162;UPR-0169;UPR-0359;UPR-0430;UPR-0556;UPR-0558;UPR-0598;UPR-0604,0.15436073020100588,0.09289424493908878,1886259.0710661025,6.27209496659325e-08
324,25,11,8,1.0,UPR-0024;UPR-0209;UPR-0343;UPR-0393;UPR-0419;UPR-0550;UPR-0558;UPR-0581,0.12721429206430906,0.10567549616098403,1898435.2229720124,6.180383524770246e-08
325,21,10,8,0.23076923076923078,UPR-0169;UPR-0343;UPR-0359;UPR-0419;UPR-0556;UPR-0558;UPR-0598;UPR-0604,0.070628261193633,0.13417083956301207,1874571.122046048,6.275170563891283e-08
326,21,10,8,0.3333333333333333,UPR-0289;UPR-0290;UPR-0343;UPR-0359;UPR-0419;UPR-0558;UPR-0581;UPR-0598,0.12721429206430906,0.10841831751167769,1914373.896794905,6.134726163836712e-08
327,45,13,8,0.14285714285714285,UPR-0024;UPR-0223;UPR-0284;UPR-0286;UPR-0317;UPR-0318;UPR-0321;UPR-0419,0.16293657198548314,0.1076248362660408,1921541.699105176,4.887692910465556e-08
328,22,11,8,0.45454545454545453,UPR-0024;UPR-0290;UPR-0359;UPR-0393;UPR-0419;UPR-0430;UPR-0558;UPR-0581,0.15436073020100588,0.11666117608547205,1919663.7240105025,6.259832759218201e-08
329,25,12,8,0.45454545454545453,UPR-0024;UPR-0290;UPR-0343;UPR-0359;UPR-0419;UPR-0558;UPR-0581;UPR-0598,0.1245994940400123,0.10567549616098403,1912710.8134821288,5.92957161359957e-08
330,34,12,8,0.45454545454545453,UPR-0024;UPR-0209;UPR-0284;UPR-0318;UPR-0343;UPR-0419;UPR-0568;UPR-0581,0.10021973401308053,0.11887500993907446,1902004.1205995413,6.134726163836712e-08
331,20,10,8,0.14285714285714285,UPR-0169;UPR-0343;UPR-0359;UPR-0430;UPR-0556;UPR-0558;UPR-0598;UPR-0604,0.054514924064278526,0.1222724094986915,1874571.122046048,6.284874946327678e-08
332,18,9,8,0.3333333333333333,UPR-0024;UPR-0289;UPR-0359;UPR-0393;UPR-0556;UPR-0558;UPR-0581;UPR-0598,0.2500605322420597,0.1076248362660408,1917427.0422241595,5.8496486970616496e-08
333,35,10,8,0.3333333333333333,UPR-0024;UPR-0155;UPR-0209;UPR-0280;UPR-0286;UPR-0322;UPR-0419;UPR-0581,0.14719728380441666,0.1076248362660408,1913728.5286252135,5.8633172393854354e-08
334,34,10,8,0.45454545454545453,UPR-0024;UPR-0064;UPR-0155;UPR-0209;UPR-0322;UPR-0343;UPR-0419;UPR-0581,0.1245994940400123,0.10841831751167769,1902004.1205995413,6.128334736241973e-08
335,35,18,8,0.7777777777777778,UPR-0024;UPR-0290;UPR-0343;UPR-0393;UPR-0419;UPR-0550;UPR-0558;UPR-0581,0.12721429206430906,0.1086828112602233,1884930.795336305,5.297192460587629e-08
336,42,14,8,0.23076923076923078,UPR-0024;UPR-0066;UPR-0155;UPR-0209;UPR-0280;UPR-0286;UPR-0322;UPR-0581,0.1350586861371994,0.1086828112602233,1880683.9810043082,5.8496486970616496e-08
337,26,9,8,0.45454545454545453,UPR-0024;UPR-0064;UPR-0155;UPR-0209;UPR-0284;UPR-0343;UPR-0419;UPR-0581,0.10021973401308053,0.0942848920822143,1919663.7240105025,6.262898311061963e-08
338,39,15,8,0.23076923076923078,UPR-0024;UPR-0066;UPR-0155;UPR-0209;UPR-0280;UPR-0286;UPR-0322;UPR-0581,0.10402767173945898,0.11861051619052883,1920565.4558423087,6.039128751660567e-08
339,11,7,7,0.07142857142857142,UPR-0162;UPR-0169;UPR-0359;UPR-0556;UPR-0558;UPR-0598;UPR-0604,0.20254363119602198,0.09173760935664173,1919663.7240105025,6.134726163836712e-08
340,24,10,8,0.3333333333333333,UPR-0289;UPR-0290;UPR-0343;UPR-0359;UPR-0419;UPR-0558;UPR-0581;UPR-0598,0.08628049492835993,0.13077344000339503,1898019.293410149,6.27209496659325e-08
341,14,6,6,0.07692307692307693,UPR-0162;UPR-0169;UPR-0359;UPR-0558;UPR-0598;UPR-0604,0.1871971040964126,0.10567549616098403,1882200.3537641324,6.27209496659325e-08
342,44,17,8,0.06666666666666667,UPR-0020;UPR-0024;UPR-0066;UPR-0155;UPR-0280;UPR-0286;UPR-0322;UPR-0408,0.1350586861371994,0.1381369829177856,1917427.0422241595,6.009393423466764e-08
343,33,15,8,0.45454545454545453,UPR-0024;UPR-0209;UPR-0284;UPR-0286;UPR-0343;UPR-0419;UPR-0512;UPR-0581,0.13935288973152632,0.1086828112602233,1880683.9810043082,6.039128751660567e-08
344,29,12,8,0.7777777777777778,UPR-0024;UPR-0209;UPR-0286;UPR-0343;UPR-0393;UPR-0419;UPR-0558;UPR-0581,0.1245994940400123,0.10508333146572105,1913728.5286252135,5.8450925162870543e-08
345,26,12,8,1.0,UPR-0024;UPR-0209;UPR-0343;UPR-0393;UPR-0419;UPR-0550;UPR-0558;UPR-0581,0.1245994940400123,0.1076248362660408,1882200.3537641324,6.134726163836712e-08
346,23,14,8,0.23076923076923078,UPR-0079;UPR-0289;UPR-0290;UPR-0343;UPR-0359;UPR-0419;UPR-0558;UPR-0598,0.08628049492835993,0.10841831751167769,1888311.5959338073,6.039128751660567e-08
347,19,10,8,0.23076923076923078,UPR-0169;UPR-0343;UPR-0359;UPR-0419;UPR-0556;UPR-0558;UPR-0598;UPR-0604,0.07815390825271601,0.10841831751167769,1874571.122046048,6.286307717954568e-08
348,24,11,8,0.45454545454545453,UPR-0024;UPR-0290;UPR-0343;UPR-0359;UPR-0419;UPR-0430;UPR-0558;UPR-0581,0.10021973401308053,0.11861051619052883,1894450.39578262,6.161209241986031e-08
349,20,9,8,0.45454545454545453,UPR-0024;UPR-0209;UPR-0286;UPR-0393;UPR-0556;UPR-0558;UPR-0581;UPR-0598,0.1979491859674453,0.09289424493908878,1916781.674054468,6.039128751660567e-08
350,31,11,8,0.45454545454545453,UPR-0024;UPR-0155;UPR-0209;UPR-0284;UPR-0343;UPR-0419;UPR-0568;UPR-0581,0.1245994940400123,0.10428985022008418,1914373.896794905,6.180383524770246e-08
351,17,9,8,0.14285714285714285,UPR-0169;UPR-0343;UPR-0359;UPR-0430;UPR-0556;UPR-0558;UPR-0598;UPR-0604,0.1245994940400123,0.09844182990491385,1912710.8134821288,6.161209241986031e-08
352,23,10,8,0.6,UPR-0024;UPR-0093;UPR-0209;UPR-0393;UPR-0408;UPR-0550;UPR-0558;UPR-0581,0.20254363119602198,0.0998274758458137,1902004.1205995413,6.153900446620928e-08
353,42,14,8,0.23076923076923078,UPR-0024;UPR-0066;UPR-0155;UPR-0209;UPR-0280;UPR-0286;UPR-0322;UPR-0581,0.1350586861371994,0.10841831751167769,1882200.3537641324,5.8633172393854354e-08
354,20,10,8,0.14285714285714285,UPR-0169;UPR-0343;UPR-0359;UPR-0430;UPR-0556;UPR-0558;UPR-0598;UPR-0604,0.070628261193633,0.11887500993907446,1882200.3537641324,6.284397355785382e-08
355,29,12,8,1.0,UPR-0024;UPR-0209;UPR-0343;UPR-0393;UPR-0419;UPR-0550;UPR-0558;UPR-0581,0.07815390825271601,0.11887500993907446,1898435.2229720124,6.161209241986031e-08
356,30,13,8,0.7777777777777778,UPR-0024;UPR-0064;UPR-0209;UPR-0343;UPR-0393;UPR-0419;UPR-0550;UPR-0581,0.0920931473374366,0.1222724094986915,1886259.0710661025,6.134726163836712e-08
357,27,13,8,0.7777777777777778,UPR-0024;UPR-0064;UPR-0209;UPR-0343;UPR-0393;UPR-0419;UPR-0550;UPR-0581,0.12721429206430906,0.10841831751167769,1882200.3537641324,6.153900446620928e-08
358,24,10,8,0.7777777777777778,UPR-0024;UPR-0209;UPR-0343;UPR-0393;UPR-0419;UPR-0430;UPR-0558;UPR-0581,0.13625182583928108,0.10428985022008418,1916781.674054468,6.161209241986031e-08
359,20,10,8,0.14285714285714285,UPR-0169;UPR-0343;UPR-0359;UPR-0430;UPR-0556;UPR-0558;UPR-0598;UPR-0604,0.0920931473374366,0.1222724094986915,1884930.795336305,6.286307717954568e-08
360,20,9,8,0.45454545454545453,UPR-0024;UPR-0209;UPR-0419;UPR-0430;UPR-0556;UPR-0558;UPR-0581;UPR-0598,0.15077670291066167,0.0883397832512855,1921108.6058110725,5.8496486970616496e-08
361,35,10,8,0.45454545454545453,UPR-0024;UPR-0064;UPR-0155;UPR-0209;UPR-0322;UPR-0343;UPR-0419;UPR-0581,0.0920931473374366,0.10567549616098403,1882200.3537641324,6.153900446620928e-08
362,20,9,8,0.23076923076923078,UPR-0289;UPR-0290;UPR-0359;UPR-0419;UPR-0556;UPR-0558;UPR-0581;UPR-0598,0.15436073020100588,0.10567549616098403,1916781.674054468,6.262898311061963e-08
363,14,9,8,0.14285714285714285,UPR-0169;UPR-0343;UPR-0359;UPR-0430;UPR-0556;UPR-0558;UPR-0598;UPR-0604,0.1398312449455261,0.0927986148744821,1894450.39578262,6.27209496659325e-08
364,11,8,8,0.06666666666666667,UPR-0162;UPR-0289;UPR-0290;UPR-0359;UPR-0556;UPR-0558;UPR-0598;UPR-0604,0.2255674935877323,0.09289424493908878,1882200.3537641324,6.284874946327678e-08
365,27,11,8,1.0,UPR-0024;UPR-0209;UPR-0343;UPR-0393;UPR-0419;UPR-0550;UPR-0558;UPR-0581,0.1245994940400123,0.13050894625484938,1893122.1200528224,6.262898311061963e-08
366,19,9,8,0.14285714285714285,UPR-0169;UPR-0343;UPR-0359;UPR-0430;UPR-0556;UPR-0558;UPR-0598;UPR-0604,0.13625182583928108,0.11861051619052883,1902004.1205995413,6.161209241986031e-08
367,27,12,8,0.45454545454545453,UPR-0024;UPR-0290;UPR-0343;UPR-0359;UPR-0419;UPR-0558;UPR-0581;UPR-0598,0.08628049492835993,0.1086828112602233,1880178.5234177,5.8450925162870543e-08
368,24,12,8,0.23076923076923078,UPR-0024;UPR-0108;UPR-0177;UPR-0290;UPR-0359;UPR-0558;UPR-0581;UPR-0598,0.1871971040964126,0.09289424493908878,1913728.5286252135,5.297192460587629e-08
369,22,11,8,0.45454545454545453,UPR-0024;UPR-0290;UPR-0343;UPR-0359;UPR-0419;UPR-0430;UPR-0558;UPR-0581,0.10021973401308053,0.1086828112602233,1883414.4225764805,6.183449076614008e-08
370,31,9,8,0.3333333333333333,UPR-0024;UPR-0155;UPR-0209;UPR-0284;UPR-0286;UPR-0408;UPR-0419;UPR-0581,0.15077670291066167,0.09844182990491385,1916781.674054468,6.009393423466764e-08
371,21,9,8,0.23076923076923078,UPR-0024;UPR-0289;UPR-0290;UPR-0359;UPR-0556;UPR-0558;UPR-0581;UPR-0598,0.20254363119602198,0.1076248362660408,1921108.6058110725,5.886167743081982e-08
372,19,10,8,0.23076923076923078,UPR-0169;UPR-0343;UPR-0359;UPR-0419;UPR-0556;UPR-0558;UPR-0598;UPR-0604,0.07815390825271601,0.10841831751167769,1880683.9810043082,6.291642589653216e-08
373,18,7,7,0.25,UPR-0020;UPR-0024;UPR-0209;UPR-0284;UPR-0286;UPR-0318;UPR-0581,0.24717376008629793,0.08727877773344513,1919363.1467332337,6.045520179255305e-08
374,43,13,8,0.3333333333333333,UPR-0020;UPR-0024;UPR-0155;UPR-0209;UPR-0322;UPR-0408;UPR-0419;UPR-0581,0.08340126089751712,0.1381369829177856,1882704.1945621553,6.187002264454338e-08
375,34,19,8,0.3333333333333333,UPR-0079;UPR-0290;UPR-0343;UPR-0419;UPR-0500;UPR-0542;UPR-0558;UPR-0581,0.1245994940400123,0.10841831751167769,1917727.6195014282,5.11455910868782e-08
376,40,12,8,0.45454545454545453,UPR-0020;UPR-0024;UPR-0155;UPR-0209;UPR-0322;UPR-0343;UPR-0419;UPR-0581,0.07815390825271601,0.11887500993907446,1874571.122046048,6.134726163836712e-08
377,23,14,8,0.23076923076923078,UPR-0079;UPR-0289;UPR-0290;UPR-0343;UPR-0359;UPR-0419;UPR-0558;UPR-0598,0.1398312449455261,0.10567549616098403,1920565.4558423087,5.92957161359957e-08
378,40,12,8,0.45454545454545453,UPR-0024;UPR-0155;UPR-0209;UPR-0322;UPR-0343;UPR-0408;UPR-0419;UPR-0581,0.12721429206430906,0.1381369829177856,1893122.1200528224,6.284397355785382e-08
379,17,9,8,0.14285714285714285,UPR-0162;UPR-0343;UPR-0359;UPR-0430;UPR-0556;UPR-0558;UPR-0598;UPR-0604,0.07815390825271601,0.1086828112602233,1882200.3537641324,6.259832759218201e-08
380,34,9,8,0.45454545454545453,UPR-0024;UPR-0064;UPR-0155;UPR-0209;UPR-0322;UPR-0343;UPR-0419;UPR-0581,0.10021973401308053,0.1086828112602233,1880178.5234177,6.287562124034057e-08
381,39,13,8,0.23076923076923078,UPR-0020;UPR-0024;UPR-0155;UPR-0280;UPR-0286;UPR-0322;UPR-0419;UPR-0581,0.12721429206430906,0.1086828112602233,1898019.293410149,6.009393423466764e-08
382,38,12,8,0.7777777777777778,UPR-0024;UPR-0209;UPR-0343;UPR-0393;UPR-0419;UPR-0558;UPR-0581;UPR-0598,0.08340126089751712,0.2345219403505325,1914674.4740721737,5.96551167118739e-08
383,24,13,8,0.7777777777777778,UPR-0024;UPR-0290;UPR-0343;UPR-0393;UPR-0419;UPR-0550;UPR-0558;UPR-0581,0.10021973401308053,0.10841831751167769,1884930.795336305,6.134726163836712e-08
384,21,10,8,0.3333333333333333,UPR-0024;UPR-0290;UPR-0359;UPR-0419;UPR-0430;UPR-0558;UPR-0581;UPR-0598,0.1671195216476917,0.0998274758458137,1882200.3537641324,6.286466622856728e-08
385,23,12,8,0.23076923076923078,UPR-0169;UPR-0289;UPR-0290;UPR-0343;UPR-0359;UPR-0419;UPR-0558;UPR-0598,0.0735074952244758,0.1222724094986915,1880683.9810043082,6.164274793829792e-08
386,60,18,8,0.14285714285714285,UPR-0020;UPR-0065;UPR-0209;UPR-0284;UPR-0318;UPR-0408;UPR-0568;UPR-0581,0.03151900228112928,0.2345219403505325,1880178.5234177,6.134726163836712e-08
387,31,13,8,1.0,UPR-0024;UPR-0209;UPR-0343;UPR-0393;UPR-0419;UPR-0550;UPR-0558;UPR-0581,0.1350586861371994,0.13050894625484938,1882200.3537641324,5.8998362854057676e-08
388,43,15,8,0.23076923076923078,UPR-0020;UPR-0024;UPR-0155;UPR-0209;UPR-0286;UPR-0322;UPR-0408;UPR-0581,0.1350586861371994,0.13417083956301207,1915650.717335041,5.92957161359957e-08
389,42,13,8,0.3333333333333333,UPR-0024;UPR-0284;UPR-0286;UPR-0318;UPR-0343;UPR-0419;UPR-0568;UPR-0581,0.07815390825271601,0.11887500993907446,1874571.122046048,5.8496486970616496e-08
390,18,14,8,0.06666666666666667,UPR-0079;UPR-0177;UPR-0290;UPR-0359;UPR-0556;UPR-0558;UPR-0598;UPR-0604,0.1979491859674453,0.0887223035097122,1902004.1205995413,5.297192460587629e-08
391,19,9,8,0.14285714285714285,UPR-0162;UPR-0169;UPR-0343;UPR-0359;UPR-0430;UPR-0558;UPR-0598;UPR-0604,0.070628261193633,0.11887500993907446,1880178.5234177,6.284874946327678e-08
392,22,7,7,0.25,UPR-0020;UPR-0024;UPR-0209;UPR-0284;UPR-0286;UPR-0318;UPR-0581,0.1871971040964126,0.0834955759346485,1919363.1467332337,6.009393423466764e-08
393,22,11,8,0.45454545454545453,UPR-0024;UPR-0290;UPR-0343;UPR-0359;UPR-0419;UPR-0430;UPR-0558;UPR-0581,0.1028345320373773,0.1064689774066209,1884930.795336305,6.134726163836712e-08
394,40,13,8,0.23076923076923078,UPR-0024;UPR-0064;UPR-0155;UPR-0280;UPR-0286;UPR-0322;UPR-0343;UPR-0419,0.12721429206430906,0.10428985022008418,1902004.1205995413,5.8998362854057676e-08
395,41,16,8,0.14285714285714285,UPR-0024;UPR-0064;UPR-0122;UPR-0155;UPR-0280;UPR-0286;UPR-0322;UPR-0419,0.1350586861371994,0.10567549616098403,1913728.5286252135,5.8633172393854354e-08
396,18,10,8,0.14285714285714285,UPR-0169;UPR-0343;UPR-0359;UPR-0430;UPR-0556;UPR-0558;UPR-0598;UPR-0604,0.0735074952244758,0.1086828112602233,1880178.5234177,6.275170563891283e-08
397,29,12,8,1.0,UPR-0024;UPR-0209;UPR-0343;UPR-0393;UPR-0419;UPR-0550;UPR-0558;UPR-0581,0.10021973401308053,0.13417083956301207,1879135.296934626,6.039128751660567e-08
398,63,21,8,0.7777777777777778,UPR-0024;UPR-0290;UPR-0343;UPR-0393;UPR-0419;UPR-0550;UPR-0558;UPR-0581,0.03151900228112928,0.2796284146606922,1884742.698306278,5.8998362854057676e-08
399,21,10,8,0.23076923076923078,UPR-0169;UPR-0343;UPR-0359;UPR-0419;UPR-0556;UPR-0558;UPR-0598;UPR-0604,0.07815390825271601,0.11887500993907446,1882200.3537641324,6.161209241986031e-08
400,15,10,8,0.23076923076923078,UPR-0169;UPR-0343;UPR-0359;UPR-0419;UPR-0556;UPR-0558;UPR-0598;UPR-0604,0.1398312449455261,0.09589454717934127,1893122.1200528224,6.262898311061963e-08
401,38,14,8,0.23076923076923078,UPR-0020;UPR-0024;UPR-0209;UPR-0284;UPR-0318;UPR-0408;UPR-0568;UPR-0581,0.07815390825271601,0.13077344000339503,1886259.0710661025,6.180383524770246e-08
402,34,10,8,0.45454545454545453,UPR-0024;UPR-0064;UPR-0155;UPR-0209;UPR-0322;UPR-0343;UPR-0419;UPR-0581,0.12721429206430906,0.09844182990491385,1902004.1205995413,6.153900446620928e-08
403,25,9,8,0.6,UPR-0024;UPR-0209;UPR-0343;UPR-0419;UPR-0430;UPR-0558;UPR-0581;UPR-0598,0.1398312449455261,0.13417083956301207,1920565.4558423087,6.259832759218201e-08
404,19,11,8,0.45454545454545453,UPR-0024;UPR-0290;UPR-0343;UPR-0359;UPR-0419;UPR-0430;UPR-0558;UPR-0581,0.10021973401308053,0.0942848920822143,1898435.2229720124,6.180383524770246e-08
405,13,9,8,0.3333333333333333,UPR-0024;UPR-0289;UPR-0290;UPR-0359;UPR-0393;UPR-0558;UPR-0581;UPR-0598,0.22449131309986112,0.0887223035097122,1916781.674054468,6.27209496659325e-08
406,16,12,8,0.06666666666666667,UPR-0132;UPR-0154;UPR-0343;UPR-0359;UPR-0386;UPR-0430;UPR-0598;UPR-0604,0.070628261193633,0.11887500993907446,1871321.006551699,6.275170563891283e-08
407,27,9,8,0.3333333333333333,UPR-0020;UPR-0024;UPR-0155;UPR-0209;UPR-0280;UPR-0322;UPR-0419;UPR-0581,0.15077670291066167,0.09173760935664173,1913728.5286252135,6.180383524770246e-08
408,18,8,8,0.14285714285714285,UPR-0058;UPR-0162;UPR-0343;UPR-0359;UPR-0430;UPR-0558;UPR-0598;UPR-0604,0.0696685165166854,0.1222724094986915,1880683.9810043082,6.259832759218201e-08
409,27,11,8,1.0,UPR-0024;UPR-0209;UPR-0343;UPR-0393;UPR-0419;UPR-0550;UPR-0558;UPR-0581,0.08340126089751712,0.11378925293684,1898019.293410149,6.186524673912042e-08
410,39,12,8,0.45454545454545453,UPR-0020;UPR-0024;UPR-0155;UPR-0209;UPR-0322;UPR-0343;UPR-0419;UPR-0581,0.10021973401308053,0.11887500993907446,1874571.122046048,6.153900446620928e-08
411,18,8,8,0.6,UPR-0024;UPR-0209;UPR-0393;UPR-0550;UPR-0556;UPR-0558;UPR-0581;UPR-0598,0.216326966881752,0.09289424493908878,1894450.39578262,6.183449076614008e-08
412,48,13,8,0.3333333333333333,UPR-0020;UPR-0024;UPR-0155;UPR-0209;UPR-0322;UPR-0408;UPR-0419;UPR-0581,0.08628049492835993,0.21042570099234578,1917427.0422241595,6.180383524770246e-08
413,38,12,8,0.3333333333333333,UPR-0020;UPR-0024;UPR-0155;UPR-0209;UPR-0286;UPR-0322;UPR-0419;UPR-0581,0.12721429206430906,0.10841831751167769,1902004.1205995413,6.045520179255305e-08
414,27,14,8,0.7777777777777778,UPR-0024;UPR-0290;UPR-0343;UPR-0393;UPR-0419;UPR-0550;UPR-0558;UPR-0581,0.0920931473374366,0.1086828112602233,1898435.2229720124,6.072003257404623e-08
415,37,11,8,0.3333333333333333,UPR-0024;UPR-0064;UPR-0155;UPR-0286;UPR-0322;UPR-0343;UPR-0419;UPR-0581,0.1398312449455261,0.09844182990491385,1902004.1205995413,6.039128751660567e-08
416,28,19,8,0.23076923076923078,UPR-0079;UPR-0343;UPR-0359;UPR-0419;UPR-0500;UPR-0542;UPR-0558;UPR-0598,0.13935288973152632,0.10428985022008418,1894450.39578262,5.11455910868782e-08
417,16,8,8,0.06666666666666667,UPR-0162;UPR-0169;UPR-0359;UPR-0430;UPR-0556;UPR-0558;UPR-0598;UPR-0604,0.15895517542958257,0.10428985022008418,1872701.9882554973,6.262898311061963e-08
418,21,13,8,0.7777777777777778,UPR-0024;UPR-0290;UPR-0343;UPR-0393;UPR-0419;UPR-0550;UPR-0558;UPR-0581,0.1245994940400123,0.09289424493908878,1898435.2229720124,6.153900446620928e-08
419,18,10,8,0.23076923076923078,UPR-0169;UPR-0343;UPR-0359;UPR-0419;UPR-0556;UPR-0558;UPR-0598;UPR-0604,0.1245994940400123,0.10567549616098403,1889827.9686936315,6.262898311061963e-08
420,42,14,8,0.3333333333333333,UPR-0020;UPR-0024;UPR-0155;UPR-0209;UPR-0322;UPR-0408;UPR-0419;UPR-0581,0.1350586861371994,0.1381369829177856,1898019.293410149,6.180383524770246e-08
421,19,10,8,0.23076923076923078,UPR-0169;UPR-0343;UPR-0359;UPR-0419;UPR-0556;UPR-0558;UPR-0598;UPR-0604,0.0735074952244758,0.1086828112602233,1880178.5234177,6.153900446620928e-08
422,18,10,8,0.14285714285714285,UPR-0169;UPR-0343;UPR-0359;UPR-0430;UPR-0556;UPR-0558;UPR-0598;UPR-0604,0.0735074952244758,0.1086828112602233,1880178.5234177,6.266451498902293e-08
423,29,18,8,0.14285714285714285,UPR-0079;UPR-0108;UPR-0177;UPR-0343;UPR-0359;UPR-0542;UPR-0558;UPR-0598,0.10402767173945898,0.1064689774066209,1894450.39578262,5.11455910868782e-08
424,34,15,8,0.7777777777777778,UPR-0024;UPR-0209;UPR-0286;UPR-0343;UPR-0393;UPR-0419;UPR-0550;UPR-0581,0.13625182583928108,0.13077344000339503,1898019.293410149,5.8633172393854354e-08
425,27,8,8,0.23076923076923078,UPR-0020;UPR-0024;UPR-0155;UPR-0209;UPR-0286;UPR-0322;UPR-0408;UPR-0581,0.1836130768060684,0.09289424493908878,1922738.0557173635,6.039128751660567e-08
426,16,8,8,0.14285714285714285,UPR-0162;UPR-0169;UPR-0343;UPR-0359;UPR-0430;UPR-0558;UPR-0598;UPR-0604,0.1245994940400123,0.09844182990491385,1898435.2229720124,6.180383524770246e-08
427,36,12,8,0.23076923076923078,UPR-0024;UPR-0064;UPR-0155;UPR-0280;UPR-0286;UPR-0322;UPR-0343;UPR-0419,0.1028345320373773,0.0942848920822143,1898435.2229720124,5.8998362854057676e-08
428,16,11,8,0.14285714285714285,UPR-0079;UPR-0359;UPR-0419;UPR-0430;UPR-0556;UPR-0558;UPR-0598;UPR-0604,0.15077670291066167,0.09289424493908878,1902004.1205995413,6.045520179255305e-08
429,27,12,8,0.6,UPR-0024;UPR-0290;UPR-0343;UPR-0359;UPR-0393;UPR-0419;UPR-0558;UPR-0581,0.13625182583928108,0.1462786495685577,1917427.0422241595,6.286466622856728e-08
430,20,10,8,0.14285714285714285,UPR-0169;UPR-0343;UPR-0359;UPR-0430;UPR-0556;UPR-0558;UPR-0598;UPR-0604,0.0735074952244758,0.11887500993907446,1880178.5234177,6.262898311061963e-08
431,42,13,8,0.3333333333333333,UPR-0020;UPR-0024;UPR-0155;UPR-0209;UPR-0280;UPR-0322;UPR-0419;UPR-0581,0.11497312970459456,0.1222724094986915,1882200.3537641324,6.153900446620928e-08
432,33,13,8,0.45454545454545453,UPR-0024;UPR-0064;UPR-0209;UPR-0284;UPR-0343;UPR-0419;UPR-0512;UPR-0581,0.0888952929526567,0.1222724094986915,1882200.3537641324,6.167350391127825e-08
433,24,10,8,0.3333333333333333,UPR-0289;UPR-0290;UPR-0343;UPR-0359;UPR-0419;UPR-0558;UPR-0581;UPR-0598,0.0735074952244758,0.1222724094986915,1882200.3537641324,6.167827981670121e-08
434,25,11,8,0.45454545454545453,UPR-0024;UPR-0290;UPR-0343;UPR-0359;UPR-0419;UPR-0430;UPR-0558;UPR-0581,0.054514924064278526,0.13417083956301207,1872701.9882554973,6.265973908359997e-08
435,23,9,8,0.6,UPR-0024;UPR-0209;UPR-0393;UPR-0419;UPR-0430;UPR-0558;UPR-0581;UPR-0598,0.15078131109476087,0.0998274758458137,1912710.8134821288,6.134726163836712e-08
436,28,13,8,0.7777777777777778,UPR-0024;UPR-0290;UPR-0343;UPR-0393;UPR-0419;UPR-0550;UPR-0558;UPR-0581,0.1028345320373773,0.1381369829177856,1884930.795336305,6.286307717954568e-08
437,31,14,8,0.7777777777777778,UPR-0024;UPR-0209;UPR-0343;UPR-0393;UPR-0408;UPR-0419;UPR-0550;UPR-0581,0.070628261193633,0.1222724094986915,1872701.9882554973,6.284874946327678e-08
438,23,13,8,0.14285714285714285,UPR-0079;UPR-0108;UPR-0158;UPR-0343;UPR-0359;UPR-0558;UPR-0598;UPR-0604,0.12840743176639074,0.10567549616098403,1894450.39578262,5.3680030155763586e-08
439,9,7,7,0.0,UPR-0132;UPR-0162;UPR-0340;UPR-0359;UPR-0386;UPR-0598;UPR-0604,0.2532890737056732,0.10567549616098403,1893122.1200528224,6.128334736241973e-08
440,49,17,8,0.45454545454545453,UPR-0024;UPR-0209;UPR-0284;UPR-0343;UPR-0408;UPR-0419;UPR-0512;UPR-0581,0.0494637265801429,0.2345219403505325,1874571.122046048,6.161209241986031e-08
441,31,11,8,0.45454545454545453,UPR-0024;UPR-0209;UPR-0284;UPR-0318;UPR-0343;UPR-0419;UPR-0568;UPR-0581,0.0920931473374366,0.10428985022008418,1903021.8357426263,6.262898311061963e-08
442,16,8,8,0.14285714285714285,UPR-0162;UPR-0169;UPR-0343;UPR-0359;UPR-0430;UPR-0558;UPR-0598;UPR-0604,0.1398312449455261,0.10280357301235198,1913728.5286252135,6.284874946327678e-08
443,33,9,8,0.3333333333333333,UPR-0020;UPR-0024;UPR-0155;UPR-0209;UPR-0286;UPR-0322;UPR-0419;UPR-0581,0.15436073020100588,0.10567549616098403,1917427.0422241595,5.8633172393854354e-08
444,32,12,8,1.0,UPR-0024;UPR-0209;UPR-0343;UPR-0393;UPR-0419;UPR-0550;UPR-0558;UPR-0581,0.0696685165166854,0.1489925384521484,1871666.2519776486,6.284874946327678e-08
445,40,11,8,0.3333333333333333,UPR-0024;UPR-0064;UPR-0155;UPR-0286;UPR-0322;UPR-0343;UPR-0419;UPR-0581,0.10021973401308053,0.10508333146572105,1883414.4225764805,5.8496486970616496e-08
446,14,11,8,0.06666666666666667,UPR-0079;UPR-0162;UPR-0177;UPR-0359;UPR-0556;UPR-0558;UPR-0598;UPR-0604,0.2107079774141311,0.081695020198822,1919663.7240105025,5.297192460587629e-08
447,24,9,8,0.14285714285714285,UPR-0020;UPR-0024;UPR-0284;UPR-0286;UPR-0317;UPR-0318;UPR-0321;UPR-0581,0.22388778254389757,0.0834955759346485,1923171.149011467,5.11455910868782e-08
448,35,19,8,0.06666666666666667,UPR-0079;UPR-0108;UPR-0177;UPR-0359;UPR-0430;UPR-0542;UPR-0558;UPR-0598,0.0920931473374366,0.1076248362660408,1886259.0710661025,4.070541366366421e-08
449,28,14,8,0.7777777777777778,UPR-0024;UPR-0209;UPR-0343;UPR-0393;UPR-0408;UPR-0419;UPR-0550;UPR-0581,0.12721429206430906,0.0998274758458137,1886259.0710661025,6.259832759218201e-08
450,24,12,8,0.23076923076923078,UPR-0169;UPR-0289;UPR-0290;UPR-0343;UPR-0359;UPR-0419;UPR-0558;UPR-0598,0.1028345320373773,0.1462786495685577,1898435.2229720124,6.128334736241973e-08
451,28,13,8,0.45454545454545453,UPR-0024;UPR-0290;UPR-0343;UPR-0359;UPR-0419;UPR-0558;UPR-0581;UPR-0598,0.1350586861371994,0.1222724094986915,1913728.5286252135,5.92957161359957e-08
452,12,9,8,0.14285714285714285,UPR-0169;UPR-0343;UPR-0359;UPR-0430;UPR-0556;UPR-0558;UPR-0598;UPR-0604,0.1398312449455261,0.084095761179924,1921541.699105176,6.134726163836712e-08
453,33,12,8,0.45454545454545453,UPR-0024;UPR-0209;UPR-0284;UPR-0318;UPR-0343;UPR-0419;UPR-0568;UPR-0581,0.10021973401308053,0.10841831751167769,1886259.0710661025,6.153900446620928e-08
454,44,15,8,0.14285714285714285,UPR-0020;UPR-0024;UPR-0155;UPR-0209;UPR-0280;UPR-0286;UPR-0322;UPR-0408,0.10021973401308053,0.13077344000339503,1880683.9810043082,6.009393423466764e-08
455,19,11,8,0.45454545454545453,UPR-0024;UPR-0290;UPR-0343;UPR-0359;UPR-0419;UPR-0430;UPR-0558;UPR-0581,0.13625182583928108,0.09695555269718165,1912710.8134821288,6.180383524770246e-08
456,32,13,8,0.45454545454545453,UPR-0024;UPR-0064;UPR-0209;UPR-0284;UPR-0343;UPR-0419;UPR-0512;UPR-0581,0.10021973401308053,0.11887500993907446,1886259.0710661025,6.134726163836712e-08
457,39,12,8,0.45454545454545453,UPR-0020;UPR-0024;UPR-0155;UPR-0209;UPR-0322;UPR-0343;UPR-0419;UPR-0581,0.07815390825271601,0.11887500993907446,1898435.2229720124,6.153900446620928e-08
458,28,14,8,0.7777777777777778,UPR-0024;UPR-0290;UPR-0343;UPR-0393;UPR-0419;UPR-0550;UPR-0558;UPR-0581,0.12721429206430906,0.13417083956301207,1882704.1945621553,6.039128751660567e-08
459,18,10,8,0.3333333333333333,UPR-0289;UPR-0290;UPR-0343;UPR-0359;UPR-0419;UPR-0558;UPR-0581;UPR-0598,0.10021973401308053,0.09289424493908878,1902004.1205995413,6.153900446620928e-08
460,23,8,8,0.45454545454545453,UPR-0024;UPR-0158;UPR-0209;UPR-0393;UPR-0556;UPR-0558;UPR-0581;UPR-0598,0.20254363119602198,0.1076248362660408,1917427.0422241595,5.8496486970616496e-08
461,24,13,8,0.7777777777777778,UPR-0024;UPR-0290;UPR-0343;UPR-0393;UPR-0419;UPR-0550;UPR-0558;UPR-0581,0.1245994940400123,0.10841831751167769,1882200.3537641324,6.262898311061963e-08
462,25,9,8,0.6,UPR-0024;UPR-0209;UPR-0393;UPR-0419;UPR-0430;UPR-0558;UPR-0581;UPR-0598,0.14719728380441666,0.11861051619052883,1914373.896794905,6.128334736241973e-08
463,28,11,8,0.45454545454545453,UPR-0024;UPR-0064;UPR-0209;UPR-0318;UPR-0322;UPR-0343;UPR-0419;UPR-0581,0.12840743176639074,0.0887223035097122,1893122.1200528224,6.153900446620928e-08
464,50,20,8,0.14285714285714285,UPR-0024;UPR-0066;UPR-0122;UPR-0155;UPR-0209;UPR-0280;UPR-0322;UPR-0408,0.07815390825271601,0.1423125062137842,1920565.4558423087,6.134726163836712e-08
465,35,10,8,0.45454545454545453,UPR-0024;UPR-0064;UPR-0155;UPR-0209;UPR-0322;UPR-0343;UPR-0419;UPR-0581,0.13625182583928108,0.1086828112602233,1880683.9810043082,6.128334736241973e-08
466,16,7,7,0.5,UPR-0024;UPR-0209;UPR-0393;UPR-0556;UPR-0558;UPR-0581;UPR-0598,0.24871978908777229,0.0998274758458137,1916781.674054468,6.262898311061963e-08
467,33,13,8,1.0,UPR-0024;UPR-0209;UPR-0343;UPR-0393;UPR-0419;UPR-0550;UPR-0558;UPR-0581,0.0696685165166854,0.1381369829177856,1871666.2519776486,6.291325342272523e-08
468,29,12,8,1.0,UPR-0024;UPR-0209;UPR-0343;UPR-0393;UPR-0419;UPR-0550;UPR-0558;UPR-0581,0.0696685165166854,0.13417083956301207,1880683.9810043082,6.276902560513068e-08
469,13,10,8,0.0,UPR-0162;UPR-0340;UPR-0386;UPR-0430;UPR-0458;UPR-0552;UPR-0598;UPR-0604,0.0696685165166854,0.1381369829177856,1913728.5286252135,6.275648154433579e-08
470,17,9,8,0.14285714285714285,UPR-0169;UPR-0343;UPR-0359;UPR-0430;UPR-0556;UPR-0558;UPR-0598;UPR-0604,0.12840743176639074,0.10567549616098403,1884930.795336305,6.275170563891283e-08
471,14,9,8,0.14285714285714285,UPR-0169;UPR-0343;UPR-0359;UPR-0430;UPR-0556;UPR-0558;UPR-0598;UPR-0604,0.0920931473374366,0.0942848920822143,1903021.8357426263,6.259832759218201e-08
472,29,11,8,0.45454545454545453,UPR-0024;UPR-0064;UPR-0209;UPR-0284;UPR-0318;UPR-0343;UPR-0419;UPR-0581,0.13625182583928108,0.10289920307695866,1917727.6195014282,6.134726163836712e-08
473,39,12,8,0.3333333333333333,UPR-0020;UPR-0024;UPR-0155;UPR-0209;UPR-0286;UPR-0322;UPR-0419;UPR-0581,0.1398312449455261,0.10841831751167769,1882200.3537641324,6.045520179255305e-08
474,17,9,8,0.14285714285714285,UPR-0162;UPR-0343;UPR-0359;UPR-0430;UPR-0556;UPR-0558;UPR-0598;UPR-0604,0.0920931473374366,0.1086828112602233,1898435.2229720124,6.128334736241973e-08
475,15,9,8,0.23076923076923078,UPR-0289;UPR-0290;UPR-0359;UPR-0419;UPR-0556;UPR-0558;UPR-0581;UPR-0598,0.15077670291066167,0.0887223035097122,1913728.5286252135,6.259832759218201e-08
476,22,12,8,0.3333333333333333,UPR-0079;UPR-0290;UPR-0343;UPR-0359;UPR-0419;UPR-0558;UPR-0581;UPR-0598,0.0920931473374366,0.0942848920822143,1917727.6195014282,5.8450925162870543e-08
477,34,9,8,0.3333333333333333,UPR-0020;UPR-0024;UPR-0155;UPR-0209;UPR-0322;UPR-0408;UPR-0419;UPR-0581,0.14719728380441666,0.10841831751167769,1886259.0710661025,6.128334736241973e-08
478,20,10,8,0.7777777777777778,UPR-0024;UPR-0209;UPR-0393;UPR-0419;UPR-0430;UPR-0550;UPR-0558;UPR-0581,0.15077670291066167,0.09173760935664173,1898435.2229720124,6.134726163836712e-08
479,20,10,8,0.14285714285714285,UPR-0169;UPR-0343;UPR-0359;UPR-0430;UPR-0556;UPR-0558;UPR-0598;UPR-0604,0.0735074952244758,0.11887500993907446,1880178.5234177,6.161209241986031e-08
480,44,15,8,0.23076923076923078,UPR-0024;UPR-0066;UPR-0155;UPR-0209;UPR-0280;UPR-0286;UPR-0322;UPR-0581,0.1245994940400123,0.11861051619052883,1912710.8134821288,5.8633172393854354e-08
481,32,12,8,0.3333333333333333,UPR-0024;UPR-0064;UPR-0209;UPR-0284;UPR-0286;UPR-0318;UPR-0419;UPR-0581,0.13625182583928108,0.1076248362660408,1920565.4558423087,5.8998362854057676e-08
482,45,13,8,0.3333333333333333,UPR-0020;UPR-0024;UPR-0155;UPR-0209;UPR-0322;UPR-0408;UPR-0419;UPR-0581,0.07815390825271601,0.1381369829177856,1871666.2519776486,6.187002264454338e-08
483,36,13,8,0.3333333333333333,UPR-0024;UPR-0284;UPR-0286;UPR-0318;UPR-0343;UPR-0419;UPR-0568;UPR-0581,0.13625182583928108,0.1076248362660408,1898019.293410149,5.8633172393854354e-08
484,36,13,8,0.3333333333333333,UPR-0020;UPR-0024;UPR-0209;UPR-0286;UPR-0318;UPR-0322;UPR-0419;UPR-0581,0.1028345320373773,0.1086828112602233,1917727.6195014282,5.8496486970616496e-08
485,29,11,8,0.3333333333333333,UPR-0024;UPR-0209;UPR-0284;UPR-0286;UPR-0408;UPR-0430;UPR-0558;UPR-0581,0.1836130768060684,0.1086828112602233,1903021.8357426263,6.039128751660567e-08
486,35,11,8,0.3333333333333333,UPR-0024;UPR-0064;UPR-0155;UPR-0280;UPR-0322;UPR-0343;UPR-0419;UPR-0581,0.1350586861371994,0.10567549616098403,1894450.39578262,6.134726163836712e-08
487,21,10,8,0.3333333333333333,UPR-0289;UPR-0290;UPR-0343;UPR-0359;UPR-0419;UPR-0558;UPR-0581;UPR-0598,0.1245994940400123,0.1076248362660408,1912710.8134821288,6.161209241986031e-08
488,27,9,8,0.3333333333333333,UPR-0024;UPR-0155;UPR-0209;UPR-0284;UPR-0286;UPR-0408;UPR-0419;UPR-0581,0.15077670291066167,0.08862667344510552,1917427.0422241595,5.8633172393854354e-08
489,24,9,8,0.45454545454545453,UPR-0024;UPR-0064;UPR-0155;UPR-0209;UPR-0322;UPR-0343;UPR-0419;UPR-0581,0.1398312449455261,0.084095761179924,1921541.699105176,6.180383524770246e-08
490,31,9,8,0.23076923076923078,UPR-0020;UPR-0024;UPR-0155;UPR-0209;UPR-0280;UPR-0286;UPR-0322;UPR-0581,0.1871971040964126,0.10567549616098403,1917727.6195014282,6.009393423466764e-08
491,20,7,7,0.25,UPR-0020;UPR-0024;UPR-0209;UPR-0284;UPR-0318;UPR-0408;UPR-0581,0.21010444685816757,0.08862667344510552,1917427.0422241595,6.134726163836712e-08
492,29,12,8,0.45454545454545453,UPR-0024;UPR-0064;UPR-0209;UPR-0284;UPR-0343;UPR-0408;UPR-0419;UPR-0581,0.12721429206430906,0.1086828112602233,1893122.1200528224,6.275170563891283e-08
493,30,9,8,0.23076923076923078,UPR-0020;UPR-0024;UPR-0155;UPR-0209;UPR-0280;UPR-0286;UPR-0322;UPR-0581,0.1871971040964126,0.10567549616098403,1922738.0557173635,6.009393423466764e-08
494,25,10,8,0.6,UPR-0024;UPR-0209;UPR-0393;UPR-0430;UPR-0550;UPR-0558;UPR-0581;UPR-0598,0.1836130768060684,0.0998274758458137,1893122.1200528224,6.039128751660567e-08
495,17,9,8,0.14285714285714285,UPR-0169;UPR-0343;UPR-0359;UPR-0430;UPR-0556;UPR-0558;UPR-0598;UPR-0604,0.10021973401308053,0.0998274758458137,1882200.3537641324,6.262898311061963e-08
496,29,11,8,0.7777777777777778,UPR-0024;UPR-0064;UPR-0209;UPR-0343;UPR-0393;UPR-0419;UPR-0558;UPR-0581,0.10021973401308053,0.1489925384521484,1912710.8134821288,6.183449076614008e-08
497,28,14,8,0.7777777777777778,UPR-0024;UPR-0209;UPR-0343;UPR-0393;UPR-0408;UPR-0419;UPR-0550;UPR-0581,0.1398312449455261,0.09844182990491385,1894450.39578262,6.153900446620928e-08
498,21,7,7,0.25,UPR-0020;UPR-0024;UPR-0209;UPR-0284;UPR-0318;UPR-0568;UPR-0581,0.20254363119602198,0.081695020198822,1898019.293410149,6.183449076614008e-08
499,20,12,8,0.23076923076923078,UPR-0169;UPR-0289;UPR-0290;UPR-0343;UPR-0359;UPR-0419;UPR-0558;UPR-0598,0.1398312449455261,0.11272824741899963,1922694.8138725604,6.128334736241973e-08
500,26,12,8,1.0,UPR-0024;UPR-0209;UPR-0343;UPR-0393;UPR-0419;UPR-0550;UPR-0558;UPR-0581,0.12721429206430906,0.1064689774066209,1884930.795336305,6.180383524770246e-08
