candidate_id,canonical_il_key,nominal_pareto_rank_1,nominal_formal_shortlist,hard_feasible_frequency,pareto_rank_1_frequency,selection_frequency
UPR-0024,KIJWMNYEVKNAGY-UHFFFAOYSA-N||KDCFMDHINPOTEA-UHFFFAOYSA-N,True,True,0.708,0.708,0.706
UPR-0581,LSFWFJFDPRFPBK-UHFFFAOYSA-N||KDCFMDHINPOTEA-UHFFFAOYSA-N,True,True,0.778,0.778,0.704
UPR-0419,MCTWTZJPVLRJOU-UHFFFAOYSA-O||XBDQKXXYIPTUBI-UHFFFAOYSA-M,True,True,0.742,0.742,0.66
UPR-0343,HVVRUQBMAZRKPJ-UHFFFAOYSA-N||XBDQKXXYIPTUBI-UHFFFAOYSA-M,True,True,0.742,0.742,0.602
UPR-0558,WVDDUSFOSWWJJH-UHFFFAOYSA-N||DTQVDTLACAAQTR-UHFFFAOYSA-M,True,True,0.984,0.638,0.576
UPR-0209,AMKUSFIBHAUBIJ-UHFFFAOYSA-N||CXERBOODJDWFQL-UHFFFAOYSA-N,True,True,0.562,0.562,0.47
UPR-0598,HOMONHWYLOPSLL-UHFFFAOYSA-N||CXERBOODJDWFQL-UHFFFAOYSA-N,True,False,1.0,0.654,0.38
UPR-0359,BYCVVPOEPZGGGL-UHFFFAOYSA-N||DTQVDTLACAAQTR-UHFFFAOYSA-M,False,False,0.992,0.43,0.374
UPR-0155,MCTWTZJPVLRJOU-UHFFFAOYSA-O||KDCFMDHINPOTEA-UHFFFAOYSA-N,False,False,0.282,0.282,0.282
UPR-0322,HVVRUQBMAZRKPJ-UHFFFAOYSA-N||CXERBOODJDWFQL-UHFFFAOYSA-N,False,False,0.274,0.274,0.274
UPR-0393,XUAXVBUVQVRIIQ-UHFFFAOYSA-N||KDCFMDHINPOTEA-UHFFFAOYSA-N,True,True,0.61,0.272,0.272
UPR-0290,FCZZZYZIQDHCIW-UHFFFAOYSA-N||CXERBOODJDWFQL-UHFFFAOYSA-N,False,False,0.824,0.268,0.268
UPR-0286,KIJWMNYEVKNAGY-UHFFFAOYSA-N||CXERBOODJDWFQL-UHFFFAOYSA-N,False,False,0.224,0.224,0.224
UPR-0550,JYARJXBHOOZQQD-UHFFFAOYSA-N||KDCFMDHINPOTEA-UHFFFAOYSA-N,True,True,0.434,0.198,0.198
UPR-0430,KIJWMNYEVKNAGY-UHFFFAOYSA-N||XBDQKXXYIPTUBI-UHFFFAOYSA-M,True,False,0.88,0.62,0.192
UPR-0556,WVDDUSFOSWWJJH-UHFFFAOYSA-N||ITMCEJHCFYSIIV-UHFFFAOYSA-M,True,False,0.958,0.612,0.184
UPR-0020,MCTWTZJPVLRJOU-UHFFFAOYSA-O||NVIANCROYQGROD-UHFFFAOYSA-N,False,False,0.326,0.326,0.182
UPR-0604,HOMONHWYLOPSLL-UHFFFAOYSA-N||KDCFMDHINPOTEA-UHFFFAOYSA-N,False,False,1.0,0.222,0.172
UPR-0408,REACWASHYHDPSQ-UHFFFAOYSA-N||KDCFMDHINPOTEA-UHFFFAOYSA-N,False,False,0.378,0.378,0.164
UPR-0169,FCZZZYZIQDHCIW-UHFFFAOYSA-N||KDCFMDHINPOTEA-UHFFFAOYSA-N,False,False,0.942,0.184,0.158
UPR-0280,MCTWTZJPVLRJOU-UHFFFAOYSA-O||CXERBOODJDWFQL-UHFFFAOYSA-N,False,False,0.126,0.126,0.126
UPR-0064,MCTWTZJPVLRJOU-UHFFFAOYSA-O||BDAGIHXWWSANSR-UHFFFAOYSA-M,False,False,0.314,0.314,0.114
UPR-0289,AMKUSFIBHAUBIJ-UHFFFAOYSA-N||KDCFMDHINPOTEA-UHFFFAOYSA-N,False,False,0.816,0.262,0.108
UPR-0284,WVDDUSFOSWWJJH-UHFFFAOYSA-N||KDCFMDHINPOTEA-UHFFFAOYSA-N,False,False,0.374,0.1,0.1
UPR-0318,HVVRUQBMAZRKPJ-UHFFFAOYSA-N||ITMCEJHCFYSIIV-UHFFFAOYSA-M,False,False,0.346,0.064,0.064
UPR-0066,OIDIRWZVUWCCCO-UHFFFAOYSA-N||KDCFMDHINPOTEA-UHFFFAOYSA-N,False,False,0.072,0.072,0.062
UPR-0162,IXGKOODVBRRWQB-UHFFFAOYSA-N||NHHWJSXMTZIPES-UHFFFAOYSA-N,False,False,1.0,0.222,0.054
UPR-0079,FCZZZYZIQDHCIW-UHFFFAOYSA-N||UKDLHLAPDXIAID-UHFFFAOYSA-N,False,False,0.366,0.05,0.05
UPR-0568,WWVMHGUBIOZASN-UHFFFAOYSA-N||KDCFMDHINPOTEA-UHFFFAOYSA-N,False,False,0.254,0.048,0.048
UPR-0512,MXLZUALXSYVAIV-UHFFFAOYSA-N||KDCFMDHINPOTEA-UHFFFAOYSA-N,False,False,0.138,0.018,0.018
UPR-0177,IXGKOODVBRRWQB-UHFFFAOYSA-N||NVIANCROYQGROD-UHFFFAOYSA-N,False,False,0.038,0.024,0.016
UPR-0386,KIJWMNYEVKNAGY-UHFFFAOYSA-N||QTBSBXVTEAMEQO-UHFFFAOYSA-M,False,False,0.93,0.016,0.016
UPR-0132,HJHUXWBTVVFLQI-UHFFFAOYSA-N||KDCFMDHINPOTEA-UHFFFAOYSA-N,False,False,0.998,0.014,0.014
UPR-0158,KIJWMNYEVKNAGY-UHFFFAOYSA-N||DTQVDTLACAAQTR-UHFFFAOYSA-M,False,False,0.366,0.172,0.012
UPR-0321,HVVRUQBMAZRKPJ-UHFFFAOYSA-N||DTQVDTLACAAQTR-UHFFFAOYSA-M,False,False,0.014,0.014,0.012
UPR-0154,IXGKOODVBRRWQB-UHFFFAOYSA-N||DTQVDTLACAAQTR-UHFFFAOYSA-M,False,False,0.972,0.012,0.012
UPR-0093,BYCVVPOEPZGGGL-UHFFFAOYSA-N||KDCFMDHINPOTEA-UHFFFAOYSA-N,True,False,0.324,0.088,0.01
UPR-0340,DZLFLBLQUQXARW-UHFFFAOYSA-N||KDCFMDHINPOTEA-UHFFFAOYSA-N,False,False,0.81,0.016,0.01
UPR-0317,HVVRUQBMAZRKPJ-UHFFFAOYSA-N||NVIANCROYQGROD-UHFFFAOYSA-N,False,False,0.01,0.01,0.01
UPR-0542,JYARJXBHOOZQQD-UHFFFAOYSA-N||NVIANCROYQGROD-UHFFFAOYSA-N,False,False,0.014,0.01,0.01
UPR-0108,WWVMHGUBIOZASN-UHFFFAOYSA-N||DTQVDTLACAAQTR-UHFFFAOYSA-M,False,False,0.036,0.03,0.008
UPR-0223,QUSNBJAOOMFDIB-UHFFFAOYSA-O||ODGCEQLVLXJUCC-UHFFFAOYSA-N,False,False,0.008,0.008,0.008
UPR-0458,QCLVFLIIJODTJU-UHFFFAOYSA-N||KDCFMDHINPOTEA-UHFFFAOYSA-N,False,False,0.812,0.008,0.008
UPR-0396,XUAXVBUVQVRIIQ-UHFFFAOYSA-N||DTQVDTLACAAQTR-UHFFFAOYSA-M,False,False,0.87,0.006,0.006
UPR-0500,XUAXVBUVQVRIIQ-UHFFFAOYSA-N||NVIANCROYQGROD-UHFFFAOYSA-N,False,False,0.01,0.006,0.006
UPR-0122,HVVRUQBMAZRKPJ-UHFFFAOYSA-N||DHMQDGOQFOQNFH-UHFFFAOYSA-M,False,False,0.004,0.004,0.004
UPR-0065,ZGZLRWJZGFRHHQ-UHFFFAOYSA-N||KDCFMDHINPOTEA-UHFFFAOYSA-N,False,False,0.082,0.082,0.002
UPR-0058,KIJWMNYEVKNAGY-UHFFFAOYSA-N||FERIUCNNQQJTOY-UHFFFAOYSA-M,False,False,0.292,0.052,0.002
UPR-0552,LSFWFJFDPRFPBK-UHFFFAOYSA-N||DTQVDTLACAAQTR-UHFFFAOYSA-M,False,False,0.392,0.014,0.002
UPR-0354,IXGKOODVBRRWQB-UHFFFAOYSA-N||KDCFMDHINPOTEA-UHFFFAOYSA-N,False,False,0.02,0.002,0.002
UPR-0189,WWVMHGUBIOZASN-UHFFFAOYSA-N||ODGCEQLVLXJUCC-UHFFFAOYSA-N,False,False,0.136,0.136,0.0
UPR-0287,NJMWOUFKYKNWDW-UHFFFAOYSA-N||BDAGIHXWWSANSR-UHFFFAOYSA-M,False,False,0.136,0.136,0.0
UPR-0323,HVVRUQBMAZRKPJ-UHFFFAOYSA-N||KIWBPDUYBMNFTB-UHFFFAOYSA-M,False,False,0.056,0.056,0.0
UPR-0507,WVDDUSFOSWWJJH-UHFFFAOYSA-N||BDAGIHXWWSANSR-UHFFFAOYSA-M,False,False,0.03,0.028,0.0
UPR-0281,QCLVFLIIJODTJU-UHFFFAOYSA-N||CXERBOODJDWFQL-UHFFFAOYSA-N,False,False,0.034,0.022,0.0
UPR-0301,WVDDUSFOSWWJJH-UHFFFAOYSA-N||KZWJWYFPLXRYIL-UHFFFAOYSA-M,False,False,0.072,0.022,0.0
UPR-0143,KIJWMNYEVKNAGY-UHFFFAOYSA-N||BDAGIHXWWSANSR-UHFFFAOYSA-M,False,False,0.036,0.018,0.0
UPR-0205,KIJWMNYEVKNAGY-UHFFFAOYSA-N||KZWJWYFPLXRYIL-UHFFFAOYSA-M,False,False,0.03,0.018,0.0
UPR-0129,BYCVVPOEPZGGGL-UHFFFAOYSA-N||BDAGIHXWWSANSR-UHFFFAOYSA-M,False,False,0.024,0.016,0.0
UPR-0461,HVVRUQBMAZRKPJ-UHFFFAOYSA-N||FERIUCNNQQJTOY-UHFFFAOYSA-M,False,False,0.016,0.016,0.0
UPR-0562,WVDDUSFOSWWJJH-UHFFFAOYSA-N||KIWBPDUYBMNFTB-UHFFFAOYSA-M,False,False,0.02,0.01,0.0
UPR-0463,NJMWOUFKYKNWDW-UHFFFAOYSA-N||XBDQKXXYIPTUBI-UHFFFAOYSA-M,False,False,0.008,0.008,0.0
UPR-0236,KIJWMNYEVKNAGY-UHFFFAOYSA-N||KIWBPDUYBMNFTB-UHFFFAOYSA-M,False,False,0.006,0.006,0.0
UPR-0279,DZLFLBLQUQXARW-UHFFFAOYSA-N||CXERBOODJDWFQL-UHFFFAOYSA-N,False,False,0.048,0.006,0.0
UPR-0337,HJHUXWBTVVFLQI-UHFFFAOYSA-N||CXERBOODJDWFQL-UHFFFAOYSA-N,False,False,0.008,0.006,0.0
UPR-0379,KIJWMNYEVKNAGY-UHFFFAOYSA-N||JZMJDSHXVKJFKW-UHFFFAOYSA-M,False,False,0.006,0.006,0.0
UPR-0478,MCTWTZJPVLRJOU-UHFFFAOYSA-O||DHMQDGOQFOQNFH-UHFFFAOYSA-M,False,False,0.006,0.006,0.0
UPR-0229,MXLZUALXSYVAIV-UHFFFAOYSA-N||ITMCEJHCFYSIIV-UHFFFAOYSA-M,False,False,0.012,0.004,0.0
UPR-0373,MCTWTZJPVLRJOU-UHFFFAOYSA-O||JZMJDSHXVKJFKW-UHFFFAOYSA-M,False,False,0.004,0.004,0.0
UPR-0462,HVVRUQBMAZRKPJ-UHFFFAOYSA-N||BDAGIHXWWSANSR-UHFFFAOYSA-M,False,False,0.004,0.004,0.0
UPR-0515,MXLZUALXSYVAIV-UHFFFAOYSA-N||KIWBPDUYBMNFTB-UHFFFAOYSA-M,False,False,0.006,0.004,0.0
UPR-0553,LSFWFJFDPRFPBK-UHFFFAOYSA-N||AFVFQIVMOAPDHO-UHFFFAOYSA-M,False,False,0.006,0.004,0.0
UPR-0572,LSFWFJFDPRFPBK-UHFFFAOYSA-N||NVIANCROYQGROD-UHFFFAOYSA-N,False,False,0.006,0.004,0.0
UPR-0070,KIJWMNYEVKNAGY-UHFFFAOYSA-N||ZMZDMBWJUHKJPS-UHFFFAOYSA-M,False,False,0.022,0.002,0.0
UPR-0142,ZGZLRWJZGFRHHQ-UHFFFAOYSA-N||BDAGIHXWWSANSR-UHFFFAOYSA-M,False,False,0.014,0.002,0.0
UPR-0204,ZGZLRWJZGFRHHQ-UHFFFAOYSA-N||KZWJWYFPLXRYIL-UHFFFAOYSA-M,False,False,0.012,0.002,0.0
UPR-0273,NJMWOUFKYKNWDW-UHFFFAOYSA-N||FERIUCNNQQJTOY-UHFFFAOYSA-M,False,False,0.002,0.002,0.0
UPR-0573,LSFWFJFDPRFPBK-UHFFFAOYSA-N||JZMJDSHXVKJFKW-UHFFFAOYSA-M,False,False,0.002,0.002,0.0
UPR-0582,LSFWFJFDPRFPBK-UHFFFAOYSA-N||KZWJWYFPLXRYIL-UHFFFAOYSA-M,False,False,0.136,0.002,0.0
UPR-0001,WXMVWUBWIHZLMQ-UHFFFAOYSA-N||QTBSBXVTEAMEQO-UHFFFAOYSA-M,False,False,0.0,0.0,0.0
UPR-0002,QUSNBJAOOMFDIB-UHFFFAOYSA-O||OXDZSRZJFHVGGS-UHFFFAOYSA-N,False,False,0.0,0.0,0.0
UPR-0003,PYVOHVLEZJMINC-UHFFFAOYSA-N||SLSPYQCCSCAKIB-UHFFFAOYSA-N,False,False,0.0,0.0,0.0
UPR-0004,QUSNBJAOOMFDIB-UHFFFAOYSA-O||JOXIMZWYDAKGHI-UHFFFAOYSA-M,False,False,0.0,0.0,0.0
UPR-0005,QUSNBJAOOMFDIB-UHFFFAOYSA-O||VEXZGXHMUGYJMC-UHFFFAOYSA-M,False,False,0.0,0.0,0.0
UPR-0006,IDRFNBZFUVYEJX-UHFFFAOYSA-N||OXDZSRZJFHVGGS-UHFFFAOYSA-N,False,False,0.0,0.0,0.0
UPR-0007,BJQWBACJIAKDTJ-UHFFFAOYSA-N||CPELXLSAUQHCOX-UHFFFAOYSA-M,False,False,0.0,0.0,0.0
UPR-0008,PYVOHVLEZJMINC-UHFFFAOYSA-N||ZMZDMBWJUHKJPS-UHFFFAOYSA-M,False,False,0.0,0.0,0.0
UPR-0009,BJQWBACJIAKDTJ-UHFFFAOYSA-N||IDGLPDIIVPZHRB-UHFFFAOYSA-N,False,False,0.0,0.0,0.0
UPR-0010,ZGZLRWJZGFRHHQ-UHFFFAOYSA-N||SLSPYQCCSCAKIB-UHFFFAOYSA-N,False,False,0.0,0.0,0.0
UPR-0011,ZGZLRWJZGFRHHQ-UHFFFAOYSA-N||IDGLPDIIVPZHRB-UHFFFAOYSA-N,False,False,0.0,0.0,0.0
UPR-0012,QUSNBJAOOMFDIB-UHFFFAOYSA-O||LJQLCJWAZJINEB-UHFFFAOYSA-N,False,False,0.0,0.0,0.0
UPR-0013,BYCVVPOEPZGGGL-UHFFFAOYSA-N||CPELXLSAUQHCOX-UHFFFAOYSA-M,False,False,0.0,0.0,0.0
UPR-0014,QCLVFLIIJODTJU-UHFFFAOYSA-N||SLSPYQCCSCAKIB-UHFFFAOYSA-N,False,False,0.0,0.0,0.0
UPR-0015,BJQWBACJIAKDTJ-UHFFFAOYSA-N||LJQLCJWAZJINEB-UHFFFAOYSA-N,False,False,0.0,0.0,0.0
UPR-0016,PYVOHVLEZJMINC-UHFFFAOYSA-N||AYFVYJQAPQTCCC-GBXIJSLDSA-M,False,False,0.0,0.0,0.0
UPR-0017,QUSNBJAOOMFDIB-UHFFFAOYSA-O||AYFVYJQAPQTCCC-GBXIJSLDSA-M,False,False,0.0,0.0,0.0
UPR-0018,ZGZLRWJZGFRHHQ-UHFFFAOYSA-N||ZMZDMBWJUHKJPS-UHFFFAOYSA-M,False,False,0.0,0.0,0.0
UPR-0019,QCLVFLIIJODTJU-UHFFFAOYSA-N||AYFVYJQAPQTCCC-GBXIJSLDSA-M,False,False,0.0,0.0,0.0
UPR-0021,OIDIRWZVUWCCCO-UHFFFAOYSA-N||JOXIMZWYDAKGHI-UHFFFAOYSA-M,False,False,0.0,0.0,0.0
UPR-0022,ZGZLRWJZGFRHHQ-UHFFFAOYSA-N||AYFVYJQAPQTCCC-GBXIJSLDSA-M,False,False,0.0,0.0,0.0
UPR-0023,HVVRUQBMAZRKPJ-UHFFFAOYSA-N||LJQLCJWAZJINEB-UHFFFAOYSA-N,False,False,0.0,0.0,0.0
UPR-0025,QUSNBJAOOMFDIB-UHFFFAOYSA-O||NHHWJSXMTZIPES-UHFFFAOYSA-N,False,False,0.0,0.0,0.0
UPR-0026,OIDIRWZVUWCCCO-UHFFFAOYSA-N||SLSPYQCCSCAKIB-UHFFFAOYSA-N,False,False,0.0,0.0,0.0
UPR-0027,OIDIRWZVUWCCCO-UHFFFAOYSA-N||AYFVYJQAPQTCCC-GBXIJSLDSA-M,False,False,0.0,0.0,0.0
UPR-0028,BJQWBACJIAKDTJ-UHFFFAOYSA-N||NHNBFGGVMKEFGY-UHFFFAOYSA-N,False,False,0.0,0.0,0.0
UPR-0029,BJQWBACJIAKDTJ-UHFFFAOYSA-N||OXDZSRZJFHVGGS-UHFFFAOYSA-N,False,False,0.0,0.0,0.0
UPR-0030,QUSNBJAOOMFDIB-UHFFFAOYSA-O||UKDLHLAPDXIAID-UHFFFAOYSA-N,False,False,0.0,0.0,0.0
UPR-0031,HJHUXWBTVVFLQI-UHFFFAOYSA-N||ZMZDMBWJUHKJPS-UHFFFAOYSA-M,False,False,0.0,0.0,0.0
UPR-0032,IDRFNBZFUVYEJX-UHFFFAOYSA-N||NHHWJSXMTZIPES-UHFFFAOYSA-N,False,False,0.0,0.0,0.0
UPR-0033,MCTWTZJPVLRJOU-UHFFFAOYSA-O||OXDZSRZJFHVGGS-UHFFFAOYSA-N,False,False,0.002,0.0,0.0
UPR-0034,PYVOHVLEZJMINC-UHFFFAOYSA-N||NHNBFGGVMKEFGY-UHFFFAOYSA-N,False,False,0.0,0.0,0.0
UPR-0035,KIJWMNYEVKNAGY-UHFFFAOYSA-N||IDGLPDIIVPZHRB-UHFFFAOYSA-N,False,False,0.0,0.0,0.0
UPR-0036,ZGZLRWJZGFRHHQ-UHFFFAOYSA-N||NHNBFGGVMKEFGY-UHFFFAOYSA-N,False,False,0.018,0.0,0.0
UPR-0037,DZLFLBLQUQXARW-UHFFFAOYSA-N||NVIANCROYQGROD-UHFFFAOYSA-N,False,False,0.0,0.0,0.0
UPR-0038,KIJWMNYEVKNAGY-UHFFFAOYSA-N||JGTNAGYHADQMCM-UHFFFAOYSA-M,False,False,0.0,0.0,0.0
UPR-0039,MCTWTZJPVLRJOU-UHFFFAOYSA-O||UKDLHLAPDXIAID-UHFFFAOYSA-N,False,False,0.0,0.0,0.0
UPR-0040,KIJWMNYEVKNAGY-UHFFFAOYSA-N||QAOWNCQODCNURD-UHFFFAOYSA-M,False,False,0.0,0.0,0.0
UPR-0041,IDRFNBZFUVYEJX-UHFFFAOYSA-N||IDGLPDIIVPZHRB-UHFFFAOYSA-N,False,False,0.0,0.0,0.0
UPR-0042,IDRFNBZFUVYEJX-UHFFFAOYSA-N||QAOWNCQODCNURD-UHFFFAOYSA-M,False,False,0.0,0.0,0.0
UPR-0043,IDRFNBZFUVYEJX-UHFFFAOYSA-N||ZMZDMBWJUHKJPS-UHFFFAOYSA-M,False,False,0.0,0.0,0.0
UPR-0044,PYVOHVLEZJMINC-UHFFFAOYSA-N||NVIANCROYQGROD-UHFFFAOYSA-N,False,False,0.0,0.0,0.0
UPR-0045,KIJWMNYEVKNAGY-UHFFFAOYSA-N||LJQLCJWAZJINEB-UHFFFAOYSA-N,False,False,0.0,0.0,0.0
UPR-0046,IDRFNBZFUVYEJX-UHFFFAOYSA-N||ODGCEQLVLXJUCC-UHFFFAOYSA-N,False,False,0.0,0.0,0.0
UPR-0047,OIDIRWZVUWCCCO-UHFFFAOYSA-N||NHNBFGGVMKEFGY-UHFFFAOYSA-N,False,False,0.0,0.0,0.0
UPR-0048,BJQWBACJIAKDTJ-UHFFFAOYSA-N||KDCFMDHINPOTEA-UHFFFAOYSA-N,False,False,0.812,0.0,0.0
UPR-0049,QUSNBJAOOMFDIB-UHFFFAOYSA-O||JZMJDSHXVKJFKW-UHFFFAOYSA-M,False,False,0.0,0.0,0.0
UPR-0050,OIDIRWZVUWCCCO-UHFFFAOYSA-N||ZMZDMBWJUHKJPS-UHFFFAOYSA-M,False,False,0.0,0.0,0.0
UPR-0051,ZGZLRWJZGFRHHQ-UHFFFAOYSA-N||NVIANCROYQGROD-UHFFFAOYSA-N,False,False,0.006,0.0,0.0
UPR-0052,ZGZLRWJZGFRHHQ-UHFFFAOYSA-N||FERIUCNNQQJTOY-UHFFFAOYSA-M,False,False,0.0,0.0,0.0
UPR-0053,PYVOHVLEZJMINC-UHFFFAOYSA-N||CXERBOODJDWFQL-UHFFFAOYSA-N,False,False,0.0,0.0,0.0
UPR-0054,MCTWTZJPVLRJOU-UHFFFAOYSA-O||IDGLPDIIVPZHRB-UHFFFAOYSA-N,False,False,0.0,0.0,0.0
UPR-0055,IDRFNBZFUVYEJX-UHFFFAOYSA-N||KDCFMDHINPOTEA-UHFFFAOYSA-N,False,False,0.0,0.0,0.0
UPR-0056,QCLVFLIIJODTJU-UHFFFAOYSA-N||FERIUCNNQQJTOY-UHFFFAOYSA-M,False,False,0.0,0.0,0.0
UPR-0057,BYCVVPOEPZGGGL-UHFFFAOYSA-N||DHMQDGOQFOQNFH-UHFFFAOYSA-M,False,False,0.0,0.0,0.0
UPR-0059,REACWASHYHDPSQ-UHFFFAOYSA-N||KZWJWYFPLXRYIL-UHFFFAOYSA-M,False,False,0.0,0.0,0.0
UPR-0060,IDRFNBZFUVYEJX-UHFFFAOYSA-N||AYFVYJQAPQTCCC-GBXIJSLDSA-M,False,False,0.0,0.0,0.0
UPR-0061,KIJWMNYEVKNAGY-UHFFFAOYSA-N||AYFVYJQAPQTCCC-GBXIJSLDSA-M,False,False,0.0,0.0,0.0
UPR-0062,OIDIRWZVUWCCCO-UHFFFAOYSA-N||VEXZGXHMUGYJMC-UHFFFAOYSA-M,False,False,0.0,0.0,0.0
UPR-0063,SROUAIZIOIOQID-UHFFFAOYSA-N||NHNBFGGVMKEFGY-UHFFFAOYSA-N,False,False,0.0,0.0,0.0
UPR-0067,BYCVVPOEPZGGGL-UHFFFAOYSA-N||JOXIMZWYDAKGHI-UHFFFAOYSA-M,False,False,0.0,0.0,0.0
UPR-0068,QUSNBJAOOMFDIB-UHFFFAOYSA-O||ZMZDMBWJUHKJPS-UHFFFAOYSA-M,False,False,0.0,0.0,0.0
UPR-0069,HJHUXWBTVVFLQI-UHFFFAOYSA-N||JOXIMZWYDAKGHI-UHFFFAOYSA-M,False,False,0.0,0.0,0.0
UPR-0071,MCTWTZJPVLRJOU-UHFFFAOYSA-O||JGTNAGYHADQMCM-UHFFFAOYSA-M,False,False,0.0,0.0,0.0
UPR-0072,AMKUSFIBHAUBIJ-UHFFFAOYSA-N||OXDZSRZJFHVGGS-UHFFFAOYSA-N,False,False,0.0,0.0,0.0
UPR-0073,AMKUSFIBHAUBIJ-UHFFFAOYSA-N||QAOWNCQODCNURD-UHFFFAOYSA-M,False,False,0.0,0.0,0.0
UPR-0074,QCLVFLIIJODTJU-UHFFFAOYSA-N||QAOWNCQODCNURD-UHFFFAOYSA-M,False,False,0.0,0.0,0.0
UPR-0075,HJHUXWBTVVFLQI-UHFFFAOYSA-N||DTQVDTLACAAQTR-UHFFFAOYSA-M,False,False,0.002,0.0,0.0
UPR-0076,SROUAIZIOIOQID-UHFFFAOYSA-N||FERIUCNNQQJTOY-UHFFFAOYSA-M,False,False,0.0,0.0,0.0
UPR-0077,BYCVVPOEPZGGGL-UHFFFAOYSA-N||KZWJWYFPLXRYIL-UHFFFAOYSA-M,False,False,0.0,0.0,0.0
UPR-0078,KIJWMNYEVKNAGY-UHFFFAOYSA-N||NHNBFGGVMKEFGY-UHFFFAOYSA-N,False,False,0.0,0.0,0.0
UPR-0080,IXGKOODVBRRWQB-UHFFFAOYSA-N||SLSPYQCCSCAKIB-UHFFFAOYSA-N,False,False,0.0,0.0,0.0
UPR-0081,LDVVBLGHGCHZBJ-UHFFFAOYSA-N||NHNBFGGVMKEFGY-UHFFFAOYSA-N,False,False,0.0,0.0,0.0
UPR-0082,HVVRUQBMAZRKPJ-UHFFFAOYSA-N||QAOWNCQODCNURD-UHFFFAOYSA-M,False,False,0.0,0.0,0.0
UPR-0083,KIJWMNYEVKNAGY-UHFFFAOYSA-N||VEXZGXHMUGYJMC-UHFFFAOYSA-M,False,False,0.0,0.0,0.0
UPR-0084,HJHUXWBTVVFLQI-UHFFFAOYSA-N||JGTNAGYHADQMCM-UHFFFAOYSA-M,False,False,0.0,0.0,0.0
UPR-0085,BYCVVPOEPZGGGL-UHFFFAOYSA-N||OXDZSRZJFHVGGS-UHFFFAOYSA-N,False,False,0.0,0.0,0.0
UPR-0086,ZGZLRWJZGFRHHQ-UHFFFAOYSA-N||VEXZGXHMUGYJMC-UHFFFAOYSA-M,False,False,0.0,0.0,0.0
UPR-0087,AMKUSFIBHAUBIJ-UHFFFAOYSA-N||IDGLPDIIVPZHRB-UHFFFAOYSA-N,False,False,0.0,0.0,0.0
UPR-0088,DZLFLBLQUQXARW-UHFFFAOYSA-N||UKDLHLAPDXIAID-UHFFFAOYSA-N,False,False,0.0,0.0,0.0
UPR-0089,PYVOHVLEZJMINC-UHFFFAOYSA-N||DTQVDTLACAAQTR-UHFFFAOYSA-M,False,False,0.0,0.0,0.0
UPR-0090,BYCVVPOEPZGGGL-UHFFFAOYSA-N||ZMZDMBWJUHKJPS-UHFFFAOYSA-M,False,False,0.0,0.0,0.0
UPR-0091,OIDIRWZVUWCCCO-UHFFFAOYSA-N||FERIUCNNQQJTOY-UHFFFAOYSA-M,False,False,0.0,0.0,0.0
UPR-0092,PYVOHVLEZJMINC-UHFFFAOYSA-N||QAOWNCQODCNURD-UHFFFAOYSA-M,False,False,0.0,0.0,0.0
UPR-0094,DZLFLBLQUQXARW-UHFFFAOYSA-N||DHMQDGOQFOQNFH-UHFFFAOYSA-M,False,False,0.0,0.0,0.0
UPR-0095,FCZZZYZIQDHCIW-UHFFFAOYSA-N||JGTNAGYHADQMCM-UHFFFAOYSA-M,False,False,0.0,0.0,0.0
UPR-0096,LDVVBLGHGCHZBJ-UHFFFAOYSA-N||KIWBPDUYBMNFTB-UHFFFAOYSA-M,False,False,0.0,0.0,0.0
UPR-0097,MCTWTZJPVLRJOU-UHFFFAOYSA-O||AYFVYJQAPQTCCC-GBXIJSLDSA-M,False,False,0.0,0.0,0.0
UPR-0098,QUSNBJAOOMFDIB-UHFFFAOYSA-O||SLSPYQCCSCAKIB-UHFFFAOYSA-N,False,False,0.0,0.0,0.0
UPR-0099,MCTWTZJPVLRJOU-UHFFFAOYSA-O||ZMZDMBWJUHKJPS-UHFFFAOYSA-M,False,False,0.0,0.0,0.0
UPR-0100,ZGZLRWJZGFRHHQ-UHFFFAOYSA-N||QAOWNCQODCNURD-UHFFFAOYSA-M,False,False,0.0,0.0,0.0
UPR-0101,KIJWMNYEVKNAGY-UHFFFAOYSA-N||NVIANCROYQGROD-UHFFFAOYSA-N,False,False,0.002,0.0,0.0
UPR-0102,BJQWBACJIAKDTJ-UHFFFAOYSA-N||ITMCEJHCFYSIIV-UHFFFAOYSA-M,False,False,0.0,0.0,0.0
UPR-0103,QUSNBJAOOMFDIB-UHFFFAOYSA-O||DTQVDTLACAAQTR-UHFFFAOYSA-M,False,False,0.0,0.0,0.0
UPR-0104,IXGKOODVBRRWQB-UHFFFAOYSA-N||LJQLCJWAZJINEB-UHFFFAOYSA-N,False,False,0.0,0.0,0.0
UPR-0105,IDRFNBZFUVYEJX-UHFFFAOYSA-N||DTQVDTLACAAQTR-UHFFFAOYSA-M,False,False,0.0,0.0,0.0
UPR-0106,HJHUXWBTVVFLQI-UHFFFAOYSA-N||ODGCEQLVLXJUCC-UHFFFAOYSA-N,False,False,0.0,0.0,0.0
UPR-0107,IXGKOODVBRRWQB-UHFFFAOYSA-N||AFVFQIVMOAPDHO-UHFFFAOYSA-M,False,False,0.0,0.0,0.0
UPR-0109,LDVVBLGHGCHZBJ-UHFFFAOYSA-N||JOXIMZWYDAKGHI-UHFFFAOYSA-M,False,False,0.0,0.0,0.0
UPR-0110,FCZZZYZIQDHCIW-UHFFFAOYSA-N||VEXZGXHMUGYJMC-UHFFFAOYSA-M,False,False,0.0,0.0,0.0
UPR-0111,AMKUSFIBHAUBIJ-UHFFFAOYSA-N||DHMQDGOQFOQNFH-UHFFFAOYSA-M,False,False,0.0,0.0,0.0
UPR-0112,QUSNBJAOOMFDIB-UHFFFAOYSA-O||IDGLPDIIVPZHRB-UHFFFAOYSA-N,False,False,0.0,0.0,0.0
UPR-0113,HJHUXWBTVVFLQI-UHFFFAOYSA-N||VEXZGXHMUGYJMC-UHFFFAOYSA-M,False,False,0.0,0.0,0.0
UPR-0114,WWVMHGUBIOZASN-UHFFFAOYSA-N||KIWBPDUYBMNFTB-UHFFFAOYSA-M,False,False,0.0,0.0,0.0
UPR-0115,PYVOHVLEZJMINC-UHFFFAOYSA-N||BDAGIHXWWSANSR-UHFFFAOYSA-M,False,False,0.0,0.0,0.0
UPR-0116,REACWASHYHDPSQ-UHFFFAOYSA-N||LJQLCJWAZJINEB-UHFFFAOYSA-N,False,False,0.0,0.0,0.0
UPR-0117,MCTWTZJPVLRJOU-UHFFFAOYSA-O||JOXIMZWYDAKGHI-UHFFFAOYSA-M,False,False,0.0,0.0,0.0
UPR-0118,ZGZLRWJZGFRHHQ-UHFFFAOYSA-N||JOXIMZWYDAKGHI-UHFFFAOYSA-M,False,False,0.0,0.0,0.0
UPR-0119,KIJWMNYEVKNAGY-UHFFFAOYSA-N||JOXIMZWYDAKGHI-UHFFFAOYSA-M,False,False,0.0,0.0,0.0
UPR-0120,BYCVVPOEPZGGGL-UHFFFAOYSA-N||IDGLPDIIVPZHRB-UHFFFAOYSA-N,False,False,0.0,0.0,0.0
UPR-0121,DZLFLBLQUQXARW-UHFFFAOYSA-N||BDAGIHXWWSANSR-UHFFFAOYSA-M,False,False,0.0,0.0,0.0
UPR-0123,QUSNBJAOOMFDIB-UHFFFAOYSA-O||KDCFMDHINPOTEA-UHFFFAOYSA-N,False,False,0.0,0.0,0.0
UPR-0124,HJHUXWBTVVFLQI-UHFFFAOYSA-N||OXDZSRZJFHVGGS-UHFFFAOYSA-N,False,False,0.0,0.0,0.0
UPR-0125,BJQWBACJIAKDTJ-UHFFFAOYSA-N||ZMZDMBWJUHKJPS-UHFFFAOYSA-M,False,False,0.0,0.0,0.0
UPR-0126,SROUAIZIOIOQID-UHFFFAOYSA-N||VEXZGXHMUGYJMC-UHFFFAOYSA-M,False,False,0.0,0.0,0.0
UPR-0127,HJHUXWBTVVFLQI-UHFFFAOYSA-N||NHNBFGGVMKEFGY-UHFFFAOYSA-N,False,False,0.0,0.0,0.0
UPR-0128,BJQWBACJIAKDTJ-UHFFFAOYSA-N||JOXIMZWYDAKGHI-UHFFFAOYSA-M,False,False,0.0,0.0,0.0
UPR-0130,HJHUXWBTVVFLQI-UHFFFAOYSA-N||IDGLPDIIVPZHRB-UHFFFAOYSA-N,False,False,0.0,0.0,0.0
UPR-0131,SROUAIZIOIOQID-UHFFFAOYSA-N||JZMJDSHXVKJFKW-UHFFFAOYSA-M,False,False,0.0,0.0,0.0
UPR-0133,OIDIRWZVUWCCCO-UHFFFAOYSA-N||AFVFQIVMOAPDHO-UHFFFAOYSA-M,False,False,0.0,0.0,0.0
UPR-0134,SROUAIZIOIOQID-UHFFFAOYSA-N||JOXIMZWYDAKGHI-UHFFFAOYSA-M,False,False,0.0,0.0,0.0
UPR-0135,BYCVVPOEPZGGGL-UHFFFAOYSA-N||NHNBFGGVMKEFGY-UHFFFAOYSA-N,False,False,0.0,0.0,0.0
UPR-0136,SROUAIZIOIOQID-UHFFFAOYSA-N||DHMQDGOQFOQNFH-UHFFFAOYSA-M,False,False,0.0,0.0,0.0
UPR-0137,SROUAIZIOIOQID-UHFFFAOYSA-N||JGTNAGYHADQMCM-UHFFFAOYSA-M,False,False,0.0,0.0,0.0
UPR-0138,QUSNBJAOOMFDIB-UHFFFAOYSA-O||DHMQDGOQFOQNFH-UHFFFAOYSA-M,False,False,0.0,0.0,0.0
UPR-0139,IDRFNBZFUVYEJX-UHFFFAOYSA-N||BDAGIHXWWSANSR-UHFFFAOYSA-M,False,False,0.0,0.0,0.0
UPR-0140,BYCVVPOEPZGGGL-UHFFFAOYSA-N||FERIUCNNQQJTOY-UHFFFAOYSA-M,False,False,0.0,0.0,0.0
UPR-0141,MCTWTZJPVLRJOU-UHFFFAOYSA-O||FERIUCNNQQJTOY-UHFFFAOYSA-M,False,False,0.0,0.0,0.0
UPR-0144,QUSNBJAOOMFDIB-UHFFFAOYSA-O||KZWJWYFPLXRYIL-UHFFFAOYSA-M,False,False,0.0,0.0,0.0
UPR-0145,QCLVFLIIJODTJU-UHFFFAOYSA-N||BDAGIHXWWSANSR-UHFFFAOYSA-M,False,False,0.0,0.0,0.0
UPR-0146,DZLFLBLQUQXARW-UHFFFAOYSA-N||QAOWNCQODCNURD-UHFFFAOYSA-M,False,False,0.0,0.0,0.0
UPR-0147,QCLVFLIIJODTJU-UHFFFAOYSA-N||UKDLHLAPDXIAID-UHFFFAOYSA-N,False,False,0.0,0.0,0.0
UPR-0148,DZLFLBLQUQXARW-UHFFFAOYSA-N||FERIUCNNQQJTOY-UHFFFAOYSA-M,False,False,0.0,0.0,0.0
UPR-0149,SROUAIZIOIOQID-UHFFFAOYSA-N||KZWJWYFPLXRYIL-UHFFFAOYSA-M,False,False,0.0,0.0,0.0
UPR-0150,LDVVBLGHGCHZBJ-UHFFFAOYSA-N||AYFVYJQAPQTCCC-GBXIJSLDSA-M,False,False,0.0,0.0,0.0
UPR-0151,WWVMHGUBIOZASN-UHFFFAOYSA-N||OXDZSRZJFHVGGS-UHFFFAOYSA-N,False,False,0.0,0.0,0.0
UPR-0152,RVEJOWGVUQQIIZ-UHFFFAOYSA-N||NVIANCROYQGROD-UHFFFAOYSA-N,False,False,0.032,0.0,0.0
UPR-0153,PYVOHVLEZJMINC-UHFFFAOYSA-N||DHMQDGOQFOQNFH-UHFFFAOYSA-M,False,False,0.0,0.0,0.0
UPR-0156,BJQWBACJIAKDTJ-UHFFFAOYSA-N||NHHWJSXMTZIPES-UHFFFAOYSA-N,False,False,0.0,0.0,0.0
UPR-0157,HVVRUQBMAZRKPJ-UHFFFAOYSA-N||KZWJWYFPLXRYIL-UHFFFAOYSA-M,False,False,0.002,0.0,0.0
UPR-0159,DZLFLBLQUQXARW-UHFFFAOYSA-N||SLSPYQCCSCAKIB-UHFFFAOYSA-N,False,False,0.0,0.0,0.0
UPR-0160,HJHUXWBTVVFLQI-UHFFFAOYSA-N||JZMJDSHXVKJFKW-UHFFFAOYSA-M,False,False,0.0,0.0,0.0
UPR-0161,IXGKOODVBRRWQB-UHFFFAOYSA-N||UKDLHLAPDXIAID-UHFFFAOYSA-N,False,False,0.0,0.0,0.0
UPR-0163,QCLVFLIIJODTJU-UHFFFAOYSA-N||NVIANCROYQGROD-UHFFFAOYSA-N,False,False,0.0,0.0,0.0
UPR-0164,IDRFNBZFUVYEJX-UHFFFAOYSA-N||SLSPYQCCSCAKIB-UHFFFAOYSA-N,False,False,0.0,0.0,0.0
UPR-0165,KIJWMNYEVKNAGY-UHFFFAOYSA-N||UKDLHLAPDXIAID-UHFFFAOYSA-N,False,False,0.0,0.0,0.0
UPR-0166,FCZZZYZIQDHCIW-UHFFFAOYSA-N||ZMZDMBWJUHKJPS-UHFFFAOYSA-M,False,False,0.012,0.0,0.0
UPR-0167,OIDIRWZVUWCCCO-UHFFFAOYSA-N||BDAGIHXWWSANSR-UHFFFAOYSA-M,False,False,0.0,0.0,0.0
UPR-0168,IDRFNBZFUVYEJX-UHFFFAOYSA-N||UKDLHLAPDXIAID-UHFFFAOYSA-N,False,False,0.0,0.0,0.0
UPR-0170,DZLFLBLQUQXARW-UHFFFAOYSA-N||AYFVYJQAPQTCCC-GBXIJSLDSA-M,False,False,0.0,0.0,0.0
UPR-0171,SROUAIZIOIOQID-UHFFFAOYSA-N||LJQLCJWAZJINEB-UHFFFAOYSA-N,False,False,0.0,0.0,0.0
UPR-0172,QCLVFLIIJODTJU-UHFFFAOYSA-N||DHMQDGOQFOQNFH-UHFFFAOYSA-M,False,False,0.0,0.0,0.0
UPR-0173,KIJWMNYEVKNAGY-UHFFFAOYSA-N||DHMQDGOQFOQNFH-UHFFFAOYSA-M,False,False,0.002,0.0,0.0
UPR-0174,HVVRUQBMAZRKPJ-UHFFFAOYSA-N||CPELXLSAUQHCOX-UHFFFAOYSA-M,False,False,0.0,0.0,0.0
UPR-0175,BYCVVPOEPZGGGL-UHFFFAOYSA-N||QAOWNCQODCNURD-UHFFFAOYSA-M,False,False,0.0,0.0,0.0
UPR-0176,MCTWTZJPVLRJOU-UHFFFAOYSA-O||AFVFQIVMOAPDHO-UHFFFAOYSA-M,False,False,0.012,0.0,0.0
UPR-0178,HJHUXWBTVVFLQI-UHFFFAOYSA-N||KZWJWYFPLXRYIL-UHFFFAOYSA-M,False,False,0.0,0.0,0.0
UPR-0179,HVVRUQBMAZRKPJ-UHFFFAOYSA-N||SLSPYQCCSCAKIB-UHFFFAOYSA-N,False,False,0.002,0.0,0.0
UPR-0180,IDRFNBZFUVYEJX-UHFFFAOYSA-N||NVIANCROYQGROD-UHFFFAOYSA-N,False,False,0.0,0.0,0.0
UPR-0181,HVVRUQBMAZRKPJ-UHFFFAOYSA-N||NHNBFGGVMKEFGY-UHFFFAOYSA-N,False,False,0.0,0.0,0.0
UPR-0182,LDVVBLGHGCHZBJ-UHFFFAOYSA-N||DTQVDTLACAAQTR-UHFFFAOYSA-M,False,False,0.0,0.0,0.0
UPR-0183,SROUAIZIOIOQID-UHFFFAOYSA-N||CXERBOODJDWFQL-UHFFFAOYSA-N,False,False,0.0,0.0,0.0
UPR-0184,RVEJOWGVUQQIIZ-UHFFFAOYSA-N||AFVFQIVMOAPDHO-UHFFFAOYSA-M,False,False,0.002,0.0,0.0
UPR-0185,WWVMHGUBIOZASN-UHFFFAOYSA-N||CXERBOODJDWFQL-UHFFFAOYSA-N,False,False,0.0,0.0,0.0
UPR-0186,WVDDUSFOSWWJJH-UHFFFAOYSA-N||IDGLPDIIVPZHRB-UHFFFAOYSA-N,False,False,0.0,0.0,0.0
UPR-0187,MCTWTZJPVLRJOU-UHFFFAOYSA-O||DTQVDTLACAAQTR-UHFFFAOYSA-M,False,False,0.0,0.0,0.0
UPR-0188,DZLFLBLQUQXARW-UHFFFAOYSA-N||LJQLCJWAZJINEB-UHFFFAOYSA-N,False,False,0.0,0.0,0.0
UPR-0190,PYVOHVLEZJMINC-UHFFFAOYSA-N||XBDQKXXYIPTUBI-UHFFFAOYSA-M,False,False,0.0,0.0,0.0
UPR-0191,PYVOHVLEZJMINC-UHFFFAOYSA-N||JZMJDSHXVKJFKW-UHFFFAOYSA-M,False,False,0.0,0.0,0.0
UPR-0192,LDVVBLGHGCHZBJ-UHFFFAOYSA-N||QNAYBMKLOCPYGJ-REOHCLBHSA-M,False,False,0.0,0.0,0.0
UPR-0193,DZLFLBLQUQXARW-UHFFFAOYSA-N||NHHWJSXMTZIPES-UHFFFAOYSA-N,False,False,0.0,0.0,0.0
UPR-0194,ZGZLRWJZGFRHHQ-UHFFFAOYSA-N||AFVFQIVMOAPDHO-UHFFFAOYSA-M,False,False,0.0,0.0,0.0
UPR-0195,QCLVFLIIJODTJU-UHFFFAOYSA-N||AFVFQIVMOAPDHO-UHFFFAOYSA-M,False,False,0.0,0.0,0.0
UPR-0196,KIJWMNYEVKNAGY-UHFFFAOYSA-N||AFVFQIVMOAPDHO-UHFFFAOYSA-M,False,False,0.0,0.0,0.0
UPR-0197,JYARJXBHOOZQQD-UHFFFAOYSA-N||SLSPYQCCSCAKIB-UHFFFAOYSA-N,False,False,0.0,0.0,0.0
UPR-0198,IDRFNBZFUVYEJX-UHFFFAOYSA-N||AFVFQIVMOAPDHO-UHFFFAOYSA-M,False,False,0.0,0.0,0.0
UPR-0199,BYCVVPOEPZGGGL-UHFFFAOYSA-N||JGTNAGYHADQMCM-UHFFFAOYSA-M,False,False,0.0,0.0,0.0
UPR-0200,QUSNBJAOOMFDIB-UHFFFAOYSA-O||NVIANCROYQGROD-UHFFFAOYSA-N,False,False,0.0,0.0,0.0
UPR-0201,LDVVBLGHGCHZBJ-UHFFFAOYSA-N||KZWJWYFPLXRYIL-UHFFFAOYSA-M,False,False,0.002,0.0,0.0
UPR-0202,OIDIRWZVUWCCCO-UHFFFAOYSA-N||JGTNAGYHADQMCM-UHFFFAOYSA-M,False,False,0.0,0.0,0.0
UPR-0203,PYVOHVLEZJMINC-UHFFFAOYSA-N||KZWJWYFPLXRYIL-UHFFFAOYSA-M,False,False,0.0,0.0,0.0
UPR-0206,LDVVBLGHGCHZBJ-UHFFFAOYSA-N||OXDZSRZJFHVGGS-UHFFFAOYSA-N,False,False,0.0,0.0,0.0
UPR-0207,BYCVVPOEPZGGGL-UHFFFAOYSA-N||KIWBPDUYBMNFTB-UHFFFAOYSA-M,False,False,0.0,0.0,0.0
UPR-0208,KIJWMNYEVKNAGY-UHFFFAOYSA-N||SLSPYQCCSCAKIB-UHFFFAOYSA-N,False,False,0.0,0.0,0.0
UPR-0210,QCLVFLIIJODTJU-UHFFFAOYSA-N||ODGCEQLVLXJUCC-UHFFFAOYSA-N,False,False,0.0,0.0,0.0
UPR-0211,BJQWBACJIAKDTJ-UHFFFAOYSA-N||KIWBPDUYBMNFTB-UHFFFAOYSA-M,False,False,0.0,0.0,0.0
UPR-0212,LDVVBLGHGCHZBJ-UHFFFAOYSA-N||QAOWNCQODCNURD-UHFFFAOYSA-M,False,False,0.0,0.0,0.0
UPR-0213,JYARJXBHOOZQQD-UHFFFAOYSA-N||JOXIMZWYDAKGHI-UHFFFAOYSA-M,False,False,0.0,0.0,0.0
UPR-0214,AMKUSFIBHAUBIJ-UHFFFAOYSA-N||KIWBPDUYBMNFTB-UHFFFAOYSA-M,False,False,0.0,0.0,0.0
UPR-0215,LDVVBLGHGCHZBJ-UHFFFAOYSA-N||IDGLPDIIVPZHRB-UHFFFAOYSA-N,False,False,0.0,0.0,0.0
UPR-0216,JYARJXBHOOZQQD-UHFFFAOYSA-N||AYFVYJQAPQTCCC-GBXIJSLDSA-M,False,False,0.0,0.0,0.0
UPR-0217,JYARJXBHOOZQQD-UHFFFAOYSA-N||NHNBFGGVMKEFGY-UHFFFAOYSA-N,False,False,0.0,0.0,0.0
UPR-0218,JYARJXBHOOZQQD-UHFFFAOYSA-N||FERIUCNNQQJTOY-UHFFFAOYSA-M,False,False,0.0,0.0,0.0
UPR-0219,LDVVBLGHGCHZBJ-UHFFFAOYSA-N||FERIUCNNQQJTOY-UHFFFAOYSA-M,False,False,0.0,0.0,0.0
UPR-0220,QCLVFLIIJODTJU-UHFFFAOYSA-N||JGTNAGYHADQMCM-UHFFFAOYSA-M,False,False,0.0,0.0,0.0
UPR-0221,QCLVFLIIJODTJU-UHFFFAOYSA-N||DTQVDTLACAAQTR-UHFFFAOYSA-M,False,False,0.0,0.0,0.0
UPR-0222,QUSNBJAOOMFDIB-UHFFFAOYSA-O||JGTNAGYHADQMCM-UHFFFAOYSA-M,False,False,0.0,0.0,0.0
UPR-0224,OIDIRWZVUWCCCO-UHFFFAOYSA-N||QNAYBMKLOCPYGJ-REOHCLBHSA-M,False,False,0.0,0.0,0.0
UPR-0225,IDRFNBZFUVYEJX-UHFFFAOYSA-N||QNAYBMKLOCPYGJ-REOHCLBHSA-M,False,False,0.0,0.0,0.0
UPR-0226,DZLFLBLQUQXARW-UHFFFAOYSA-N||ITMCEJHCFYSIIV-UHFFFAOYSA-M,False,False,0.0,0.0,0.0
UPR-0227,SROUAIZIOIOQID-UHFFFAOYSA-N||OXDZSRZJFHVGGS-UHFFFAOYSA-N,False,False,0.0,0.0,0.0
UPR-0228,AMKUSFIBHAUBIJ-UHFFFAOYSA-N||BDAGIHXWWSANSR-UHFFFAOYSA-M,False,False,0.0,0.0,0.0
UPR-0230,SROUAIZIOIOQID-UHFFFAOYSA-N||SLSPYQCCSCAKIB-UHFFFAOYSA-N,False,False,0.0,0.0,0.0
UPR-0231,MCTWTZJPVLRJOU-UHFFFAOYSA-O||KIWBPDUYBMNFTB-UHFFFAOYSA-M,False,False,0.002,0.0,0.0
UPR-0232,OIDIRWZVUWCCCO-UHFFFAOYSA-N||QAOWNCQODCNURD-UHFFFAOYSA-M,False,False,0.0,0.0,0.0
UPR-0233,IDRFNBZFUVYEJX-UHFFFAOYSA-N||KIWBPDUYBMNFTB-UHFFFAOYSA-M,False,False,0.0,0.0,0.0
UPR-0234,IXGKOODVBRRWQB-UHFFFAOYSA-N||ODGCEQLVLXJUCC-UHFFFAOYSA-N,False,False,0.0,0.0,0.0
UPR-0235,ZGZLRWJZGFRHHQ-UHFFFAOYSA-N||KIWBPDUYBMNFTB-UHFFFAOYSA-M,False,False,0.0,0.0,0.0
UPR-0237,SROUAIZIOIOQID-UHFFFAOYSA-N||BDAGIHXWWSANSR-UHFFFAOYSA-M,False,False,0.002,0.0,0.0
UPR-0238,SROUAIZIOIOQID-UHFFFAOYSA-N||ZMZDMBWJUHKJPS-UHFFFAOYSA-M,False,False,0.0,0.0,0.0
UPR-0239,IDRFNBZFUVYEJX-UHFFFAOYSA-N||JGTNAGYHADQMCM-UHFFFAOYSA-M,False,False,0.0,0.0,0.0
UPR-0240,XUAXVBUVQVRIIQ-UHFFFAOYSA-N||QNAYBMKLOCPYGJ-REOHCLBHSA-M,False,False,0.0,0.0,0.0
UPR-0241,IDRFNBZFUVYEJX-UHFFFAOYSA-N||XBDQKXXYIPTUBI-UHFFFAOYSA-M,False,False,0.0,0.0,0.0
UPR-0242,MXLZUALXSYVAIV-UHFFFAOYSA-N||QTBSBXVTEAMEQO-UHFFFAOYSA-M,False,False,0.0,0.0,0.0
UPR-0243,OIDIRWZVUWCCCO-UHFFFAOYSA-N||OXDZSRZJFHVGGS-UHFFFAOYSA-N,False,False,0.0,0.0,0.0
UPR-0244,IDRFNBZFUVYEJX-UHFFFAOYSA-N||NHNBFGGVMKEFGY-UHFFFAOYSA-N,False,False,0.0,0.0,0.0
UPR-0245,IDRFNBZFUVYEJX-UHFFFAOYSA-N||JOXIMZWYDAKGHI-UHFFFAOYSA-M,False,False,0.0,0.0,0.0
UPR-0246,SROUAIZIOIOQID-UHFFFAOYSA-N||QAOWNCQODCNURD-UHFFFAOYSA-M,False,False,0.0,0.0,0.0
UPR-0247,IDRFNBZFUVYEJX-UHFFFAOYSA-N||KZWJWYFPLXRYIL-UHFFFAOYSA-M,False,False,0.0,0.0,0.0
UPR-0248,SROUAIZIOIOQID-UHFFFAOYSA-N||IDGLPDIIVPZHRB-UHFFFAOYSA-N,False,False,0.0,0.0,0.0
UPR-0249,SROUAIZIOIOQID-UHFFFAOYSA-N||AYFVYJQAPQTCCC-GBXIJSLDSA-M,False,False,0.0,0.0,0.0
UPR-0250,IDRFNBZFUVYEJX-UHFFFAOYSA-N||LJQLCJWAZJINEB-UHFFFAOYSA-N,False,False,0.0,0.0,0.0
UPR-0251,SROUAIZIOIOQID-UHFFFAOYSA-N||DTQVDTLACAAQTR-UHFFFAOYSA-M,False,False,0.0,0.0,0.0
UPR-0252,WVDDUSFOSWWJJH-UHFFFAOYSA-N||JGTNAGYHADQMCM-UHFFFAOYSA-M,False,False,0.0,0.0,0.0
UPR-0253,AMKUSFIBHAUBIJ-UHFFFAOYSA-N||ITMCEJHCFYSIIV-UHFFFAOYSA-M,False,False,0.01,0.0,0.0
UPR-0254,OIDIRWZVUWCCCO-UHFFFAOYSA-N||IDGLPDIIVPZHRB-UHFFFAOYSA-N,False,False,0.0,0.0,0.0
UPR-0255,AMKUSFIBHAUBIJ-UHFFFAOYSA-N||XBDQKXXYIPTUBI-UHFFFAOYSA-M,False,False,0.0,0.0,0.0
UPR-0256,MCTWTZJPVLRJOU-UHFFFAOYSA-O||ITMCEJHCFYSIIV-UHFFFAOYSA-M,False,False,0.008,0.0,0.0
UPR-0257,IXGKOODVBRRWQB-UHFFFAOYSA-N||ITMCEJHCFYSIIV-UHFFFAOYSA-M,False,False,0.0,0.0,0.0
UPR-0258,QCLVFLIIJODTJU-UHFFFAOYSA-N||KZWJWYFPLXRYIL-UHFFFAOYSA-M,False,False,0.0,0.0,0.0
UPR-0259,MXLZUALXSYVAIV-UHFFFAOYSA-N||CPELXLSAUQHCOX-UHFFFAOYSA-M,False,False,0.0,0.0,0.0
UPR-0260,QUSNBJAOOMFDIB-UHFFFAOYSA-O||ITMCEJHCFYSIIV-UHFFFAOYSA-M,False,False,0.0,0.0,0.0
UPR-0261,AMKUSFIBHAUBIJ-UHFFFAOYSA-N||SLSPYQCCSCAKIB-UHFFFAOYSA-N,False,False,0.0,0.0,0.0
UPR-0262,LSFWFJFDPRFPBK-UHFFFAOYSA-N||QAOWNCQODCNURD-UHFFFAOYSA-M,False,False,0.0,0.0,0.0
UPR-0263,AMKUSFIBHAUBIJ-UHFFFAOYSA-N||JOXIMZWYDAKGHI-UHFFFAOYSA-M,False,False,0.0,0.0,0.0
UPR-0264,AMKUSFIBHAUBIJ-UHFFFAOYSA-N||AYFVYJQAPQTCCC-GBXIJSLDSA-M,False,False,0.0,0.0,0.0
UPR-0265,DZLFLBLQUQXARW-UHFFFAOYSA-N||CPELXLSAUQHCOX-UHFFFAOYSA-M,False,False,0.0,0.0,0.0
UPR-0266,LDVVBLGHGCHZBJ-UHFFFAOYSA-N||AFVFQIVMOAPDHO-UHFFFAOYSA-M,False,False,0.0,0.0,0.0
UPR-0267,RVEJOWGVUQQIIZ-UHFFFAOYSA-N||KZWJWYFPLXRYIL-UHFFFAOYSA-M,False,False,0.022,0.0,0.0
UPR-0268,LDVVBLGHGCHZBJ-UHFFFAOYSA-N||NVIANCROYQGROD-UHFFFAOYSA-N,False,False,0.008,0.0,0.0
UPR-0269,DZLFLBLQUQXARW-UHFFFAOYSA-N||AFVFQIVMOAPDHO-UHFFFAOYSA-M,False,False,0.0,0.0,0.0
UPR-0270,KIJWMNYEVKNAGY-UHFFFAOYSA-N||ITMCEJHCFYSIIV-UHFFFAOYSA-M,False,False,0.208,0.0,0.0
UPR-0271,HJHUXWBTVVFLQI-UHFFFAOYSA-N||QTBSBXVTEAMEQO-UHFFFAOYSA-M,False,False,0.0,0.0,0.0
UPR-0272,QUSNBJAOOMFDIB-UHFFFAOYSA-O||CXERBOODJDWFQL-UHFFFAOYSA-N,False,False,0.0,0.0,0.0
UPR-0274,AMKUSFIBHAUBIJ-UHFFFAOYSA-N||AFVFQIVMOAPDHO-UHFFFAOYSA-M,False,False,0.0,0.0,0.0
UPR-0275,DZLFLBLQUQXARW-UHFFFAOYSA-N||KIWBPDUYBMNFTB-UHFFFAOYSA-M,False,False,0.0,0.0,0.0
UPR-0276,AMKUSFIBHAUBIJ-UHFFFAOYSA-N||JGTNAGYHADQMCM-UHFFFAOYSA-M,False,False,0.0,0.0,0.0
UPR-0277,WWVMHGUBIOZASN-UHFFFAOYSA-N||NVIANCROYQGROD-UHFFFAOYSA-N,False,False,0.0,0.0,0.0
UPR-0278,WWVMHGUBIOZASN-UHFFFAOYSA-N||AFVFQIVMOAPDHO-UHFFFAOYSA-M,False,False,0.0,0.0,0.0
UPR-0282,IXGKOODVBRRWQB-UHFFFAOYSA-N||CXERBOODJDWFQL-UHFFFAOYSA-N,False,False,0.0,0.0,0.0
UPR-0283,OIDIRWZVUWCCCO-UHFFFAOYSA-N||CXERBOODJDWFQL-UHFFFAOYSA-N,False,False,0.0,0.0,0.0
UPR-0285,ZGZLRWJZGFRHHQ-UHFFFAOYSA-N||CXERBOODJDWFQL-UHFFFAOYSA-N,False,False,0.0,0.0,0.0
UPR-0288,SROUAIZIOIOQID-UHFFFAOYSA-N||KDCFMDHINPOTEA-UHFFFAOYSA-N,False,False,0.0,0.0,0.0
UPR-0291,IDRFNBZFUVYEJX-UHFFFAOYSA-N||CXERBOODJDWFQL-UHFFFAOYSA-N,False,False,0.006,0.0,0.0
UPR-0292,IXGKOODVBRRWQB-UHFFFAOYSA-N||QTBSBXVTEAMEQO-UHFFFAOYSA-M,False,False,0.0,0.0,0.0
UPR-0293,MXLZUALXSYVAIV-UHFFFAOYSA-N||UKDLHLAPDXIAID-UHFFFAOYSA-N,False,False,0.0,0.0,0.0
UPR-0294,MCTWTZJPVLRJOU-UHFFFAOYSA-O||QNAYBMKLOCPYGJ-REOHCLBHSA-M,False,False,0.0,0.0,0.0
UPR-0295,LDVVBLGHGCHZBJ-UHFFFAOYSA-N||BDAGIHXWWSANSR-UHFFFAOYSA-M,False,False,0.0,0.0,0.0
UPR-0296,REACWASHYHDPSQ-UHFFFAOYSA-N||JZMJDSHXVKJFKW-UHFFFAOYSA-M,False,False,0.0,0.0,0.0
UPR-0297,HVVRUQBMAZRKPJ-UHFFFAOYSA-N||OXDZSRZJFHVGGS-UHFFFAOYSA-N,False,False,0.002,0.0,0.0
UPR-0298,REACWASHYHDPSQ-UHFFFAOYSA-N||QTBSBXVTEAMEQO-UHFFFAOYSA-M,False,False,0.0,0.0,0.0
UPR-0299,RVEJOWGVUQQIIZ-UHFFFAOYSA-N||BDAGIHXWWSANSR-UHFFFAOYSA-M,False,False,0.0,0.0,0.0
UPR-0300,BJQWBACJIAKDTJ-UHFFFAOYSA-N||QTBSBXVTEAMEQO-UHFFFAOYSA-M,False,False,0.024,0.0,0.0
UPR-0302,MCTWTZJPVLRJOU-UHFFFAOYSA-O||SLSPYQCCSCAKIB-UHFFFAOYSA-N,False,False,0.0,0.0,0.0
UPR-0303,XUAXVBUVQVRIIQ-UHFFFAOYSA-N||JZMJDSHXVKJFKW-UHFFFAOYSA-M,False,False,0.006,0.0,0.0
UPR-0304,HJHUXWBTVVFLQI-UHFFFAOYSA-N||QNAYBMKLOCPYGJ-REOHCLBHSA-M,False,False,0.0,0.0,0.0
UPR-0305,FCZZZYZIQDHCIW-UHFFFAOYSA-N||OXDZSRZJFHVGGS-UHFFFAOYSA-N,False,False,0.0,0.0,0.0
UPR-0306,HVVRUQBMAZRKPJ-UHFFFAOYSA-N||JGTNAGYHADQMCM-UHFFFAOYSA-M,False,False,0.0,0.0,0.0
UPR-0307,WWVMHGUBIOZASN-UHFFFAOYSA-N||LJQLCJWAZJINEB-UHFFFAOYSA-N,False,False,0.0,0.0,0.0
UPR-0308,QCLVFLIIJODTJU-UHFFFAOYSA-N||VEXZGXHMUGYJMC-UHFFFAOYSA-M,False,False,0.0,0.0,0.0
UPR-0309,LDVVBLGHGCHZBJ-UHFFFAOYSA-N||JGTNAGYHADQMCM-UHFFFAOYSA-M,False,False,0.0,0.0,0.0
UPR-0310,QUSNBJAOOMFDIB-UHFFFAOYSA-O||AFVFQIVMOAPDHO-UHFFFAOYSA-M,False,False,0.0,0.0,0.0
UPR-0311,HVVRUQBMAZRKPJ-UHFFFAOYSA-N||JOXIMZWYDAKGHI-UHFFFAOYSA-M,False,False,0.0,0.0,0.0
UPR-0312,FCZZZYZIQDHCIW-UHFFFAOYSA-N||DTQVDTLACAAQTR-UHFFFAOYSA-M,False,False,0.004,0.0,0.0
UPR-0313,FCZZZYZIQDHCIW-UHFFFAOYSA-N||KIWBPDUYBMNFTB-UHFFFAOYSA-M,False,False,0.0,0.0,0.0
UPR-0314,FCZZZYZIQDHCIW-UHFFFAOYSA-N||IDGLPDIIVPZHRB-UHFFFAOYSA-N,False,False,0.0,0.0,0.0
UPR-0315,IXGKOODVBRRWQB-UHFFFAOYSA-N||CPELXLSAUQHCOX-UHFFFAOYSA-M,False,False,0.0,0.0,0.0
UPR-0316,MCTWTZJPVLRJOU-UHFFFAOYSA-O||KZWJWYFPLXRYIL-UHFFFAOYSA-M,False,False,0.0,0.0,0.0
UPR-0319,HVVRUQBMAZRKPJ-UHFFFAOYSA-N||IDGLPDIIVPZHRB-UHFFFAOYSA-N,False,False,0.0,0.0,0.0
UPR-0320,HVVRUQBMAZRKPJ-UHFFFAOYSA-N||AYFVYJQAPQTCCC-GBXIJSLDSA-M,False,False,0.0,0.0,0.0
UPR-0324,MCTWTZJPVLRJOU-UHFFFAOYSA-O||LJQLCJWAZJINEB-UHFFFAOYSA-N,False,False,0.0,0.0,0.0
UPR-0325,DZLFLBLQUQXARW-UHFFFAOYSA-N||OXDZSRZJFHVGGS-UHFFFAOYSA-N,False,False,0.0,0.0,0.0
UPR-0326,QCLVFLIIJODTJU-UHFFFAOYSA-N||JZMJDSHXVKJFKW-UHFFFAOYSA-M,False,False,0.0,0.0,0.0
UPR-0327,IXGKOODVBRRWQB-UHFFFAOYSA-N||JZMJDSHXVKJFKW-UHFFFAOYSA-M,False,False,0.006,0.0,0.0
UPR-0328,SROUAIZIOIOQID-UHFFFAOYSA-N||AFVFQIVMOAPDHO-UHFFFAOYSA-M,False,False,0.0,0.0,0.0
UPR-0329,WWVMHGUBIOZASN-UHFFFAOYSA-N||DHMQDGOQFOQNFH-UHFFFAOYSA-M,False,False,0.01,0.0,0.0
UPR-0330,HJHUXWBTVVFLQI-UHFFFAOYSA-N||SLSPYQCCSCAKIB-UHFFFAOYSA-N,False,False,0.0,0.0,0.0
UPR-0331,DZLFLBLQUQXARW-UHFFFAOYSA-N||NHNBFGGVMKEFGY-UHFFFAOYSA-N,False,False,0.0,0.0,0.0
UPR-0332,DZLFLBLQUQXARW-UHFFFAOYSA-N||ODGCEQLVLXJUCC-UHFFFAOYSA-N,False,False,0.0,0.0,0.0
UPR-0333,HJHUXWBTVVFLQI-UHFFFAOYSA-N||FERIUCNNQQJTOY-UHFFFAOYSA-M,False,False,0.0,0.0,0.0
UPR-0334,DZLFLBLQUQXARW-UHFFFAOYSA-N||JOXIMZWYDAKGHI-UHFFFAOYSA-M,False,False,0.0,0.0,0.0
UPR-0335,DZLFLBLQUQXARW-UHFFFAOYSA-N||DTQVDTLACAAQTR-UHFFFAOYSA-M,False,False,0.004,0.0,0.0
UPR-0336,HJHUXWBTVVFLQI-UHFFFAOYSA-N||LJQLCJWAZJINEB-UHFFFAOYSA-N,False,False,0.0,0.0,0.0
UPR-0338,DZLFLBLQUQXARW-UHFFFAOYSA-N||KZWJWYFPLXRYIL-UHFFFAOYSA-M,False,False,0.0,0.0,0.0
UPR-0339,DZLFLBLQUQXARW-UHFFFAOYSA-N||IDGLPDIIVPZHRB-UHFFFAOYSA-N,False,False,0.0,0.0,0.0
UPR-0341,HJHUXWBTVVFLQI-UHFFFAOYSA-N||NVIANCROYQGROD-UHFFFAOYSA-N,False,False,0.0,0.0,0.0
UPR-0342,WWVMHGUBIOZASN-UHFFFAOYSA-N||SLSPYQCCSCAKIB-UHFFFAOYSA-N,False,False,0.0,0.0,0.0
UPR-0344,FCZZZYZIQDHCIW-UHFFFAOYSA-N||DHMQDGOQFOQNFH-UHFFFAOYSA-M,False,False,0.0,0.0,0.0
UPR-0345,BYCVVPOEPZGGGL-UHFFFAOYSA-N||SLSPYQCCSCAKIB-UHFFFAOYSA-N,False,False,0.0,0.0,0.0
UPR-0346,IXGKOODVBRRWQB-UHFFFAOYSA-N||JGTNAGYHADQMCM-UHFFFAOYSA-M,False,False,0.138,0.0,0.0
UPR-0347,IXGKOODVBRRWQB-UHFFFAOYSA-N||ZMZDMBWJUHKJPS-UHFFFAOYSA-M,False,False,0.0,0.0,0.0
UPR-0348,WWVMHGUBIOZASN-UHFFFAOYSA-N||JOXIMZWYDAKGHI-UHFFFAOYSA-M,False,False,0.0,0.0,0.0
UPR-0349,FCZZZYZIQDHCIW-UHFFFAOYSA-N||XBDQKXXYIPTUBI-UHFFFAOYSA-M,False,False,0.0,0.0,0.0
UPR-0350,IXGKOODVBRRWQB-UHFFFAOYSA-N||JOXIMZWYDAKGHI-UHFFFAOYSA-M,False,False,0.0,0.0,0.0
UPR-0351,IXGKOODVBRRWQB-UHFFFAOYSA-N||KZWJWYFPLXRYIL-UHFFFAOYSA-M,False,False,0.0,0.0,0.0
UPR-0352,IXGKOODVBRRWQB-UHFFFAOYSA-N||NHNBFGGVMKEFGY-UHFFFAOYSA-N,False,False,0.0,0.0,0.0
UPR-0353,BYCVVPOEPZGGGL-UHFFFAOYSA-N||NVIANCROYQGROD-UHFFFAOYSA-N,False,False,0.0,0.0,0.0
UPR-0355,IXGKOODVBRRWQB-UHFFFAOYSA-N||IDGLPDIIVPZHRB-UHFFFAOYSA-N,False,False,0.0,0.0,0.0
UPR-0356,WWVMHGUBIOZASN-UHFFFAOYSA-N||AYFVYJQAPQTCCC-GBXIJSLDSA-M,False,False,0.0,0.0,0.0
UPR-0357,BYCVVPOEPZGGGL-UHFFFAOYSA-N||UKDLHLAPDXIAID-UHFFFAOYSA-N,False,False,0.0,0.0,0.0
UPR-0358,IXGKOODVBRRWQB-UHFFFAOYSA-N||QAOWNCQODCNURD-UHFFFAOYSA-M,False,False,0.0,0.0,0.0
UPR-0360,BYCVVPOEPZGGGL-UHFFFAOYSA-N||CXERBOODJDWFQL-UHFFFAOYSA-N,False,False,0.0,0.0,0.0
UPR-0361,WWVMHGUBIOZASN-UHFFFAOYSA-N||NHNBFGGVMKEFGY-UHFFFAOYSA-N,False,False,0.018,0.0,0.0
UPR-0362,IXGKOODVBRRWQB-UHFFFAOYSA-N||FERIUCNNQQJTOY-UHFFFAOYSA-M,False,False,0.0,0.0,0.0
UPR-0363,QUSNBJAOOMFDIB-UHFFFAOYSA-O||KIWBPDUYBMNFTB-UHFFFAOYSA-M,False,False,0.0,0.0,0.0
UPR-0364,WWVMHGUBIOZASN-UHFFFAOYSA-N||QAOWNCQODCNURD-UHFFFAOYSA-M,False,False,0.0,0.0,0.0
UPR-0365,HJHUXWBTVVFLQI-UHFFFAOYSA-N||BDAGIHXWWSANSR-UHFFFAOYSA-M,False,False,0.0,0.0,0.0
UPR-0366,OIDIRWZVUWCCCO-UHFFFAOYSA-N||KZWJWYFPLXRYIL-UHFFFAOYSA-M,False,False,0.0,0.0,0.0
UPR-0367,PYVOHVLEZJMINC-UHFFFAOYSA-N||KIWBPDUYBMNFTB-UHFFFAOYSA-M,False,False,0.0,0.0,0.0
UPR-0368,IXGKOODVBRRWQB-UHFFFAOYSA-N||BDAGIHXWWSANSR-UHFFFAOYSA-M,False,False,0.0,0.0,0.0
UPR-0369,OIDIRWZVUWCCCO-UHFFFAOYSA-N||JZMJDSHXVKJFKW-UHFFFAOYSA-M,False,False,0.0,0.0,0.0
UPR-0370,REACWASHYHDPSQ-UHFFFAOYSA-N||FERIUCNNQQJTOY-UHFFFAOYSA-M,False,False,0.0,0.0,0.0
UPR-0371,REACWASHYHDPSQ-UHFFFAOYSA-N||QNAYBMKLOCPYGJ-REOHCLBHSA-M,False,False,0.0,0.0,0.0
UPR-0372,SROUAIZIOIOQID-UHFFFAOYSA-N||QTBSBXVTEAMEQO-UHFFFAOYSA-M,False,False,0.0,0.0,0.0
UPR-0374,BYCVVPOEPZGGGL-UHFFFAOYSA-N||QTBSBXVTEAMEQO-UHFFFAOYSA-M,False,False,0.0,0.0,0.0
UPR-0375,MXLZUALXSYVAIV-UHFFFAOYSA-N||BDAGIHXWWSANSR-UHFFFAOYSA-M,False,False,0.002,0.0,0.0
UPR-0376,DZLFLBLQUQXARW-UHFFFAOYSA-N||JZMJDSHXVKJFKW-UHFFFAOYSA-M,False,False,0.0,0.0,0.0
UPR-0377,LDVVBLGHGCHZBJ-UHFFFAOYSA-N||JZMJDSHXVKJFKW-UHFFFAOYSA-M,False,False,0.0,0.0,0.0
UPR-0378,ZGZLRWJZGFRHHQ-UHFFFAOYSA-N||JZMJDSHXVKJFKW-UHFFFAOYSA-M,False,False,0.0,0.0,0.0
UPR-0380,IDRFNBZFUVYEJX-UHFFFAOYSA-N||JZMJDSHXVKJFKW-UHFFFAOYSA-M,False,False,0.0,0.0,0.0
UPR-0381,HJHUXWBTVVFLQI-UHFFFAOYSA-N||KIWBPDUYBMNFTB-UHFFFAOYSA-M,False,False,0.0,0.0,0.0
UPR-0382,BYCVVPOEPZGGGL-UHFFFAOYSA-N||JZMJDSHXVKJFKW-UHFFFAOYSA-M,False,False,0.0,0.0,0.0
UPR-0383,SROUAIZIOIOQID-UHFFFAOYSA-N||KIWBPDUYBMNFTB-UHFFFAOYSA-M,False,False,0.0,0.0,0.0
UPR-0384,IXGKOODVBRRWQB-UHFFFAOYSA-N||KIWBPDUYBMNFTB-UHFFFAOYSA-M,False,False,0.002,0.0,0.0
UPR-0385,ZGZLRWJZGFRHHQ-UHFFFAOYSA-N||QTBSBXVTEAMEQO-UHFFFAOYSA-M,False,False,0.0,0.0,0.0
UPR-0387,WWVMHGUBIOZASN-UHFFFAOYSA-N||JZMJDSHXVKJFKW-UHFFFAOYSA-M,False,False,0.0,0.0,0.0
UPR-0388,OIDIRWZVUWCCCO-UHFFFAOYSA-N||QTBSBXVTEAMEQO-UHFFFAOYSA-M,False,False,0.0,0.0,0.0
UPR-0389,BJQWBACJIAKDTJ-UHFFFAOYSA-N||XBDQKXXYIPTUBI-UHFFFAOYSA-M,False,False,0.01,0.0,0.0
UPR-0390,IDRFNBZFUVYEJX-UHFFFAOYSA-N||QTBSBXVTEAMEQO-UHFFFAOYSA-M,False,False,0.0,0.0,0.0
UPR-0391,XUAXVBUVQVRIIQ-UHFFFAOYSA-N||JGTNAGYHADQMCM-UHFFFAOYSA-M,False,False,0.002,0.0,0.0
UPR-0392,MXLZUALXSYVAIV-UHFFFAOYSA-N||XBDQKXXYIPTUBI-UHFFFAOYSA-M,False,False,0.0,0.0,0.0
UPR-0394,XUAXVBUVQVRIIQ-UHFFFAOYSA-N||IDGLPDIIVPZHRB-UHFFFAOYSA-N,False,False,0.0,0.0,0.0
UPR-0395,FCZZZYZIQDHCIW-UHFFFAOYSA-N||JZMJDSHXVKJFKW-UHFFFAOYSA-M,False,False,0.0,0.0,0.0
UPR-0397,XUAXVBUVQVRIIQ-UHFFFAOYSA-N||CXERBOODJDWFQL-UHFFFAOYSA-N,False,False,0.0,0.0,0.0
UPR-0398,XUAXVBUVQVRIIQ-UHFFFAOYSA-N||KIWBPDUYBMNFTB-UHFFFAOYSA-M,False,False,0.002,0.0,0.0
UPR-0399,REACWASHYHDPSQ-UHFFFAOYSA-N||SLSPYQCCSCAKIB-UHFFFAOYSA-N,False,False,0.0,0.0,0.0
UPR-0400,JYARJXBHOOZQQD-UHFFFAOYSA-N||OXDZSRZJFHVGGS-UHFFFAOYSA-N,False,False,0.002,0.0,0.0
UPR-0401,FCZZZYZIQDHCIW-UHFFFAOYSA-N||SLSPYQCCSCAKIB-UHFFFAOYSA-N,False,False,0.0,0.0,0.0
UPR-0402,REACWASHYHDPSQ-UHFFFAOYSA-N||JGTNAGYHADQMCM-UHFFFAOYSA-M,False,False,0.0,0.0,0.0
UPR-0403,REACWASHYHDPSQ-UHFFFAOYSA-N||BDAGIHXWWSANSR-UHFFFAOYSA-M,False,False,0.0,0.0,0.0
UPR-0404,JYARJXBHOOZQQD-UHFFFAOYSA-N||ZMZDMBWJUHKJPS-UHFFFAOYSA-M,False,False,0.0,0.0,0.0
UPR-0405,REACWASHYHDPSQ-UHFFFAOYSA-N||JOXIMZWYDAKGHI-UHFFFAOYSA-M,False,False,0.008,0.0,0.0
UPR-0406,AMKUSFIBHAUBIJ-UHFFFAOYSA-N||KZWJWYFPLXRYIL-UHFFFAOYSA-M,False,False,0.004,0.0,0.0
UPR-0407,FCZZZYZIQDHCIW-UHFFFAOYSA-N||QAOWNCQODCNURD-UHFFFAOYSA-M,False,False,0.0,0.0,0.0
UPR-0409,REACWASHYHDPSQ-UHFFFAOYSA-N||IDGLPDIIVPZHRB-UHFFFAOYSA-N,False,False,0.0,0.0,0.0
UPR-0410,REACWASHYHDPSQ-UHFFFAOYSA-N||AYFVYJQAPQTCCC-GBXIJSLDSA-M,False,False,0.0,0.0,0.0
UPR-0411,REACWASHYHDPSQ-UHFFFAOYSA-N||QAOWNCQODCNURD-UHFFFAOYSA-M,False,False,0.0,0.0,0.0
UPR-0412,REACWASHYHDPSQ-UHFFFAOYSA-N||AFVFQIVMOAPDHO-UHFFFAOYSA-M,False,False,0.0,0.0,0.0
UPR-0413,FCZZZYZIQDHCIW-UHFFFAOYSA-N||NHNBFGGVMKEFGY-UHFFFAOYSA-N,False,False,0.0,0.0,0.0
UPR-0414,FCZZZYZIQDHCIW-UHFFFAOYSA-N||JOXIMZWYDAKGHI-UHFFFAOYSA-M,False,False,0.0,0.0,0.0
UPR-0415,DZLFLBLQUQXARW-UHFFFAOYSA-N||XBDQKXXYIPTUBI-UHFFFAOYSA-M,False,False,0.0,0.0,0.0
UPR-0416,REACWASHYHDPSQ-UHFFFAOYSA-N||CXERBOODJDWFQL-UHFFFAOYSA-N,False,False,0.0,0.0,0.0
UPR-0417,REACWASHYHDPSQ-UHFFFAOYSA-N||KIWBPDUYBMNFTB-UHFFFAOYSA-M,False,False,0.0,0.0,0.0
UPR-0418,AMKUSFIBHAUBIJ-UHFFFAOYSA-N||JZMJDSHXVKJFKW-UHFFFAOYSA-M,False,False,0.0,0.0,0.0
UPR-0420,LDVVBLGHGCHZBJ-UHFFFAOYSA-N||XBDQKXXYIPTUBI-UHFFFAOYSA-M,False,False,0.0,0.0,0.0
UPR-0421,IDRFNBZFUVYEJX-UHFFFAOYSA-N||FERIUCNNQQJTOY-UHFFFAOYSA-M,False,False,0.0,0.0,0.0
UPR-0422,FCZZZYZIQDHCIW-UHFFFAOYSA-N||AYFVYJQAPQTCCC-GBXIJSLDSA-M,False,False,0.0,0.0,0.0
UPR-0423,HJHUXWBTVVFLQI-UHFFFAOYSA-N||XBDQKXXYIPTUBI-UHFFFAOYSA-M,False,False,0.0,0.0,0.0
UPR-0424,FCZZZYZIQDHCIW-UHFFFAOYSA-N||FERIUCNNQQJTOY-UHFFFAOYSA-M,False,False,0.0,0.0,0.0
UPR-0425,OIDIRWZVUWCCCO-UHFFFAOYSA-N||XBDQKXXYIPTUBI-UHFFFAOYSA-M,False,False,0.0,0.0,0.0
UPR-0426,AMKUSFIBHAUBIJ-UHFFFAOYSA-N||FERIUCNNQQJTOY-UHFFFAOYSA-M,False,False,0.0,0.0,0.0
UPR-0427,IXGKOODVBRRWQB-UHFFFAOYSA-N||XBDQKXXYIPTUBI-UHFFFAOYSA-M,False,False,0.0,0.0,0.0
UPR-0428,SROUAIZIOIOQID-UHFFFAOYSA-N||XBDQKXXYIPTUBI-UHFFFAOYSA-M,False,False,0.0,0.0,0.0
UPR-0429,ZGZLRWJZGFRHHQ-UHFFFAOYSA-N||XBDQKXXYIPTUBI-UHFFFAOYSA-M,False,False,0.0,0.0,0.0
UPR-0431,REACWASHYHDPSQ-UHFFFAOYSA-N||XBDQKXXYIPTUBI-UHFFFAOYSA-M,False,False,0.0,0.0,0.0
UPR-0432,BYCVVPOEPZGGGL-UHFFFAOYSA-N||XBDQKXXYIPTUBI-UHFFFAOYSA-M,False,False,0.0,0.0,0.0
UPR-0433,JYARJXBHOOZQQD-UHFFFAOYSA-N||VEXZGXHMUGYJMC-UHFFFAOYSA-M,False,False,0.0,0.0,0.0
UPR-0434,QCLVFLIIJODTJU-UHFFFAOYSA-N||ZMZDMBWJUHKJPS-UHFFFAOYSA-M,False,False,0.0,0.0,0.0
UPR-0435,QCLVFLIIJODTJU-UHFFFAOYSA-N||OXDZSRZJFHVGGS-UHFFFAOYSA-N,False,False,0.0,0.0,0.0
UPR-0436,BJQWBACJIAKDTJ-UHFFFAOYSA-N||SLSPYQCCSCAKIB-UHFFFAOYSA-N,False,False,0.0,0.0,0.0
UPR-0437,WXMVWUBWIHZLMQ-UHFFFAOYSA-N||BDAGIHXWWSANSR-UHFFFAOYSA-M,False,False,0.0,0.0,0.0
UPR-0438,QCLVFLIIJODTJU-UHFFFAOYSA-N||QTBSBXVTEAMEQO-UHFFFAOYSA-M,False,False,0.0,0.0,0.0
UPR-0439,QCLVFLIIJODTJU-UHFFFAOYSA-N||NHNBFGGVMKEFGY-UHFFFAOYSA-N,False,False,0.0,0.0,0.0
UPR-0440,BJQWBACJIAKDTJ-UHFFFAOYSA-N||JGTNAGYHADQMCM-UHFFFAOYSA-M,False,False,0.0,0.0,0.0
UPR-0441,BJQWBACJIAKDTJ-UHFFFAOYSA-N||ODGCEQLVLXJUCC-UHFFFAOYSA-N,False,False,0.0,0.0,0.0
UPR-0442,BJQWBACJIAKDTJ-UHFFFAOYSA-N||UKDLHLAPDXIAID-UHFFFAOYSA-N,False,False,0.0,0.0,0.0
UPR-0443,BJQWBACJIAKDTJ-UHFFFAOYSA-N||QAOWNCQODCNURD-UHFFFAOYSA-M,False,False,0.0,0.0,0.0
UPR-0444,QCLVFLIIJODTJU-UHFFFAOYSA-N||XBDQKXXYIPTUBI-UHFFFAOYSA-M,False,False,0.0,0.0,0.0
UPR-0445,BJQWBACJIAKDTJ-UHFFFAOYSA-N||DHMQDGOQFOQNFH-UHFFFAOYSA-M,False,False,0.0,0.0,0.0
UPR-0446,HOMONHWYLOPSLL-UHFFFAOYSA-N||NHHWJSXMTZIPES-UHFFFAOYSA-N,False,False,0.0,0.0,0.0
UPR-0447,BJQWBACJIAKDTJ-UHFFFAOYSA-N||JZMJDSHXVKJFKW-UHFFFAOYSA-M,False,False,0.0,0.0,0.0
UPR-0448,BJQWBACJIAKDTJ-UHFFFAOYSA-N||FERIUCNNQQJTOY-UHFFFAOYSA-M,False,False,0.0,0.0,0.0
UPR-0449,BJQWBACJIAKDTJ-UHFFFAOYSA-N||DTQVDTLACAAQTR-UHFFFAOYSA-M,False,False,0.0,0.0,0.0
UPR-0450,BJQWBACJIAKDTJ-UHFFFAOYSA-N||CXERBOODJDWFQL-UHFFFAOYSA-N,False,False,0.402,0.0,0.0
UPR-0451,QCLVFLIIJODTJU-UHFFFAOYSA-N||LJQLCJWAZJINEB-UHFFFAOYSA-N,False,False,0.0,0.0,0.0
UPR-0452,QCLVFLIIJODTJU-UHFFFAOYSA-N||KIWBPDUYBMNFTB-UHFFFAOYSA-M,False,False,0.0,0.0,0.0
UPR-0453,QCLVFLIIJODTJU-UHFFFAOYSA-N||JOXIMZWYDAKGHI-UHFFFAOYSA-M,False,False,0.0,0.0,0.0
UPR-0454,BJQWBACJIAKDTJ-UHFFFAOYSA-N||KZWJWYFPLXRYIL-UHFFFAOYSA-M,False,False,0.0,0.0,0.0
UPR-0455,QCLVFLIIJODTJU-UHFFFAOYSA-N||ITMCEJHCFYSIIV-UHFFFAOYSA-M,False,False,0.0,0.0,0.0
UPR-0456,HOMONHWYLOPSLL-UHFFFAOYSA-N||IDGLPDIIVPZHRB-UHFFFAOYSA-N,False,False,0.0,0.0,0.0
UPR-0457,BJQWBACJIAKDTJ-UHFFFAOYSA-N||NVIANCROYQGROD-UHFFFAOYSA-N,False,False,0.002,0.0,0.0
UPR-0459,WXMVWUBWIHZLMQ-UHFFFAOYSA-N||AFVFQIVMOAPDHO-UHFFFAOYSA-M,False,False,0.0,0.0,0.0
UPR-0460,WXMVWUBWIHZLMQ-UHFFFAOYSA-N||NVIANCROYQGROD-UHFFFAOYSA-N,False,False,0.012,0.0,0.0
UPR-0464,PYVOHVLEZJMINC-UHFFFAOYSA-N||QNAYBMKLOCPYGJ-REOHCLBHSA-M,False,False,0.0,0.0,0.0
UPR-0465,QUSNBJAOOMFDIB-UHFFFAOYSA-O||QNAYBMKLOCPYGJ-REOHCLBHSA-M,False,False,0.0,0.0,0.0
UPR-0466,JYARJXBHOOZQQD-UHFFFAOYSA-N||DHMQDGOQFOQNFH-UHFFFAOYSA-M,False,False,0.0,0.0,0.0
UPR-0467,DZLFLBLQUQXARW-UHFFFAOYSA-N||QNAYBMKLOCPYGJ-REOHCLBHSA-M,False,False,0.0,0.0,0.0
UPR-0468,ZGZLRWJZGFRHHQ-UHFFFAOYSA-N||CPELXLSAUQHCOX-UHFFFAOYSA-M,False,False,0.0,0.0,0.0
UPR-0469,BJQWBACJIAKDTJ-UHFFFAOYSA-N||VEXZGXHMUGYJMC-UHFFFAOYSA-M,False,False,0.0,0.0,0.0
UPR-0470,DZLFLBLQUQXARW-UHFFFAOYSA-N||VEXZGXHMUGYJMC-UHFFFAOYSA-M,False,False,0.0,0.0,0.0
UPR-0471,QCLVFLIIJODTJU-UHFFFAOYSA-N||CPELXLSAUQHCOX-UHFFFAOYSA-M,False,False,0.0,0.0,0.0
UPR-0472,QUSNBJAOOMFDIB-UHFFFAOYSA-O||CPELXLSAUQHCOX-UHFFFAOYSA-M,False,False,0.0,0.0,0.0
UPR-0473,HVVRUQBMAZRKPJ-UHFFFAOYSA-N||VEXZGXHMUGYJMC-UHFFFAOYSA-M,False,False,0.0,0.0,0.0
UPR-0474,HJHUXWBTVVFLQI-UHFFFAOYSA-N||CPELXLSAUQHCOX-UHFFFAOYSA-M,False,False,0.0,0.0,0.0
UPR-0475,KIJWMNYEVKNAGY-UHFFFAOYSA-N||CPELXLSAUQHCOX-UHFFFAOYSA-M,False,False,0.0,0.0,0.0
UPR-0476,SROUAIZIOIOQID-UHFFFAOYSA-N||CPELXLSAUQHCOX-UHFFFAOYSA-M,False,False,0.0,0.0,0.0
UPR-0477,MXLZUALXSYVAIV-UHFFFAOYSA-N||VEXZGXHMUGYJMC-UHFFFAOYSA-M,False,False,0.0,0.0,0.0
UPR-0479,LDVVBLGHGCHZBJ-UHFFFAOYSA-N||DHMQDGOQFOQNFH-UHFFFAOYSA-M,False,False,0.0,0.0,0.0
UPR-0480,WVDDUSFOSWWJJH-UHFFFAOYSA-N||QNAYBMKLOCPYGJ-REOHCLBHSA-M,False,False,0.0,0.0,0.0
UPR-0481,QCLVFLIIJODTJU-UHFFFAOYSA-N||QNAYBMKLOCPYGJ-REOHCLBHSA-M,False,False,0.0,0.0,0.0
UPR-0482,IDRFNBZFUVYEJX-UHFFFAOYSA-N||DHMQDGOQFOQNFH-UHFFFAOYSA-M,False,False,0.0,0.0,0.0
UPR-0483,HJHUXWBTVVFLQI-UHFFFAOYSA-N||DHMQDGOQFOQNFH-UHFFFAOYSA-M,False,False,0.0,0.0,0.0
UPR-0484,HVVRUQBMAZRKPJ-UHFFFAOYSA-N||QNAYBMKLOCPYGJ-REOHCLBHSA-M,False,False,0.0,0.0,0.0
UPR-0485,FCZZZYZIQDHCIW-UHFFFAOYSA-N||QNAYBMKLOCPYGJ-REOHCLBHSA-M,False,False,0.0,0.0,0.0
UPR-0486,OIDIRWZVUWCCCO-UHFFFAOYSA-N||DHMQDGOQFOQNFH-UHFFFAOYSA-M,False,False,0.0,0.0,0.0
UPR-0487,AMKUSFIBHAUBIJ-UHFFFAOYSA-N||QNAYBMKLOCPYGJ-REOHCLBHSA-M,False,False,0.0,0.0,0.0
UPR-0488,SROUAIZIOIOQID-UHFFFAOYSA-N||QNAYBMKLOCPYGJ-REOHCLBHSA-M,False,False,0.0,0.0,0.0
UPR-0489,KIJWMNYEVKNAGY-UHFFFAOYSA-N||QNAYBMKLOCPYGJ-REOHCLBHSA-M,False,False,0.0,0.0,0.0
UPR-0490,REACWASHYHDPSQ-UHFFFAOYSA-N||DHMQDGOQFOQNFH-UHFFFAOYSA-M,False,False,0.0,0.0,0.0
UPR-0491,MXLZUALXSYVAIV-UHFFFAOYSA-N||OXDZSRZJFHVGGS-UHFFFAOYSA-N,False,False,0.0,0.0,0.0
UPR-0492,NJMWOUFKYKNWDW-UHFFFAOYSA-N||IDGLPDIIVPZHRB-UHFFFAOYSA-N,False,False,0.0,0.0,0.0
UPR-0493,WVDDUSFOSWWJJH-UHFFFAOYSA-N||FERIUCNNQQJTOY-UHFFFAOYSA-M,False,False,0.0,0.0,0.0
UPR-0494,MXLZUALXSYVAIV-UHFFFAOYSA-N||SLSPYQCCSCAKIB-UHFFFAOYSA-N,False,False,0.0,0.0,0.0
UPR-0495,JYARJXBHOOZQQD-UHFFFAOYSA-N||QTBSBXVTEAMEQO-UHFFFAOYSA-M,False,False,0.0,0.0,0.0
UPR-0496,JYARJXBHOOZQQD-UHFFFAOYSA-N||UKDLHLAPDXIAID-UHFFFAOYSA-N,False,False,0.0,0.0,0.0
UPR-0497,JYARJXBHOOZQQD-UHFFFAOYSA-N||XBDQKXXYIPTUBI-UHFFFAOYSA-M,False,False,0.0,0.0,0.0
UPR-0498,MXLZUALXSYVAIV-UHFFFAOYSA-N||JOXIMZWYDAKGHI-UHFFFAOYSA-M,False,False,0.0,0.0,0.0
UPR-0499,XUAXVBUVQVRIIQ-UHFFFAOYSA-N||KZWJWYFPLXRYIL-UHFFFAOYSA-M,False,False,0.0,0.0,0.0
UPR-0501,XUAXVBUVQVRIIQ-UHFFFAOYSA-N||AFVFQIVMOAPDHO-UHFFFAOYSA-M,False,False,0.002,0.0,0.0
UPR-0502,WWVMHGUBIOZASN-UHFFFAOYSA-N||ITMCEJHCFYSIIV-UHFFFAOYSA-M,False,False,0.012,0.0,0.0
UPR-0503,MXLZUALXSYVAIV-UHFFFAOYSA-N||AYFVYJQAPQTCCC-GBXIJSLDSA-M,False,False,0.0,0.0,0.0
UPR-0504,MXLZUALXSYVAIV-UHFFFAOYSA-N||NHNBFGGVMKEFGY-UHFFFAOYSA-N,False,False,0.01,0.0,0.0
UPR-0505,MXLZUALXSYVAIV-UHFFFAOYSA-N||DHMQDGOQFOQNFH-UHFFFAOYSA-M,False,False,0.0,0.0,0.0
UPR-0506,MXLZUALXSYVAIV-UHFFFAOYSA-N||JGTNAGYHADQMCM-UHFFFAOYSA-M,False,False,0.0,0.0,0.0
UPR-0508,MXLZUALXSYVAIV-UHFFFAOYSA-N||FERIUCNNQQJTOY-UHFFFAOYSA-M,False,False,0.0,0.0,0.0
UPR-0509,XUAXVBUVQVRIIQ-UHFFFAOYSA-N||BDAGIHXWWSANSR-UHFFFAOYSA-M,False,False,0.0,0.0,0.0
UPR-0510,MXLZUALXSYVAIV-UHFFFAOYSA-N||KZWJWYFPLXRYIL-UHFFFAOYSA-M,False,False,0.028,0.0,0.0
UPR-0511,MXLZUALXSYVAIV-UHFFFAOYSA-N||NVIANCROYQGROD-UHFFFAOYSA-N,False,False,0.0,0.0,0.0
UPR-0513,MXLZUALXSYVAIV-UHFFFAOYSA-N||DTQVDTLACAAQTR-UHFFFAOYSA-M,False,False,0.976,0.0,0.0
UPR-0514,MXLZUALXSYVAIV-UHFFFAOYSA-N||CXERBOODJDWFQL-UHFFFAOYSA-N,False,False,0.0,0.0,0.0
UPR-0516,MXLZUALXSYVAIV-UHFFFAOYSA-N||AFVFQIVMOAPDHO-UHFFFAOYSA-M,False,False,0.0,0.0,0.0
UPR-0517,MXLZUALXSYVAIV-UHFFFAOYSA-N||JZMJDSHXVKJFKW-UHFFFAOYSA-M,False,False,0.002,0.0,0.0
UPR-0518,MXLZUALXSYVAIV-UHFFFAOYSA-N||QNAYBMKLOCPYGJ-REOHCLBHSA-M,False,False,0.0,0.0,0.0
UPR-0519,IQQRAVYLUAZUGX-UHFFFAOYSA-N||IDGLPDIIVPZHRB-UHFFFAOYSA-N,False,False,0.0,0.0,0.0
UPR-0520,RVEJOWGVUQQIIZ-UHFFFAOYSA-N||JOXIMZWYDAKGHI-UHFFFAOYSA-M,False,False,0.0,0.0,0.0
UPR-0521,RVEJOWGVUQQIIZ-UHFFFAOYSA-N||DHMQDGOQFOQNFH-UHFFFAOYSA-M,False,False,0.0,0.0,0.0
UPR-0522,RVEJOWGVUQQIIZ-UHFFFAOYSA-N||FERIUCNNQQJTOY-UHFFFAOYSA-M,False,False,0.0,0.0,0.0
UPR-0523,RVEJOWGVUQQIIZ-UHFFFAOYSA-N||QNAYBMKLOCPYGJ-REOHCLBHSA-M,False,False,0.0,0.0,0.0
UPR-0524,FCZZZYZIQDHCIW-UHFFFAOYSA-N||BDAGIHXWWSANSR-UHFFFAOYSA-M,False,False,0.0,0.0,0.0
UPR-0525,FCZZZYZIQDHCIW-UHFFFAOYSA-N||QTBSBXVTEAMEQO-UHFFFAOYSA-M,False,False,0.0,0.0,0.0
UPR-0526,WXMVWUBWIHZLMQ-UHFFFAOYSA-N||XBDQKXXYIPTUBI-UHFFFAOYSA-M,False,False,0.0,0.0,0.0
UPR-0527,FCZZZYZIQDHCIW-UHFFFAOYSA-N||AFVFQIVMOAPDHO-UHFFFAOYSA-M,False,False,0.0,0.0,0.0
UPR-0528,WXMVWUBWIHZLMQ-UHFFFAOYSA-N||JOXIMZWYDAKGHI-UHFFFAOYSA-M,False,False,0.0,0.0,0.0
UPR-0529,WXMVWUBWIHZLMQ-UHFFFAOYSA-N||FERIUCNNQQJTOY-UHFFFAOYSA-M,False,False,0.0,0.0,0.0
UPR-0530,FCZZZYZIQDHCIW-UHFFFAOYSA-N||NVIANCROYQGROD-UHFFFAOYSA-N,False,False,0.016,0.0,0.0
UPR-0531,WXMVWUBWIHZLMQ-UHFFFAOYSA-N||DTQVDTLACAAQTR-UHFFFAOYSA-M,False,False,0.006,0.0,0.0
UPR-0532,WXMVWUBWIHZLMQ-UHFFFAOYSA-N||IDGLPDIIVPZHRB-UHFFFAOYSA-N,False,False,0.0,0.0,0.0
UPR-0533,WXMVWUBWIHZLMQ-UHFFFAOYSA-N||AYFVYJQAPQTCCC-GBXIJSLDSA-M,False,False,0.0,0.0,0.0
UPR-0534,XUAXVBUVQVRIIQ-UHFFFAOYSA-N||VEXZGXHMUGYJMC-UHFFFAOYSA-M,False,False,0.0,0.0,0.0
UPR-0535,XUAXVBUVQVRIIQ-UHFFFAOYSA-N||UKDLHLAPDXIAID-UHFFFAOYSA-N,False,False,0.0,0.0,0.0
UPR-0536,XUAXVBUVQVRIIQ-UHFFFAOYSA-N||QTBSBXVTEAMEQO-UHFFFAOYSA-M,False,False,0.0,0.0,0.0
UPR-0537,XUAXVBUVQVRIIQ-UHFFFAOYSA-N||NHNBFGGVMKEFGY-UHFFFAOYSA-N,False,False,0.0,0.0,0.0
UPR-0538,XUAXVBUVQVRIIQ-UHFFFAOYSA-N||AYFVYJQAPQTCCC-GBXIJSLDSA-M,False,False,0.0,0.0,0.0
UPR-0539,XUAXVBUVQVRIIQ-UHFFFAOYSA-N||FERIUCNNQQJTOY-UHFFFAOYSA-M,False,False,0.0,0.0,0.0
UPR-0540,XUAXVBUVQVRIIQ-UHFFFAOYSA-N||XBDQKXXYIPTUBI-UHFFFAOYSA-M,False,False,0.0,0.0,0.0
UPR-0541,JYARJXBHOOZQQD-UHFFFAOYSA-N||BDAGIHXWWSANSR-UHFFFAOYSA-M,False,False,0.0,0.0,0.0
UPR-0543,JYARJXBHOOZQQD-UHFFFAOYSA-N||JZMJDSHXVKJFKW-UHFFFAOYSA-M,False,False,0.006,0.0,0.0
UPR-0544,JYARJXBHOOZQQD-UHFFFAOYSA-N||IDGLPDIIVPZHRB-UHFFFAOYSA-N,False,False,0.0,0.0,0.0
UPR-0545,XUAXVBUVQVRIIQ-UHFFFAOYSA-N||JOXIMZWYDAKGHI-UHFFFAOYSA-M,False,False,0.0,0.0,0.0
UPR-0546,XUAXVBUVQVRIIQ-UHFFFAOYSA-N||SLSPYQCCSCAKIB-UHFFFAOYSA-N,False,False,0.0,0.0,0.0
UPR-0547,JYARJXBHOOZQQD-UHFFFAOYSA-N||CXERBOODJDWFQL-UHFFFAOYSA-N,False,False,0.0,0.0,0.0
UPR-0548,JYARJXBHOOZQQD-UHFFFAOYSA-N||QNAYBMKLOCPYGJ-REOHCLBHSA-M,False,False,0.0,0.0,0.0
UPR-0549,JYARJXBHOOZQQD-UHFFFAOYSA-N||JGTNAGYHADQMCM-UHFFFAOYSA-M,False,False,0.004,0.0,0.0
UPR-0551,JYARJXBHOOZQQD-UHFFFAOYSA-N||KZWJWYFPLXRYIL-UHFFFAOYSA-M,False,False,0.0,0.0,0.0
UPR-0554,IQQRAVYLUAZUGX-UHFFFAOYSA-N||AYFVYJQAPQTCCC-GBXIJSLDSA-M,False,False,0.0,0.0,0.0
UPR-0555,LSFWFJFDPRFPBK-UHFFFAOYSA-N||KIWBPDUYBMNFTB-UHFFFAOYSA-M,False,False,0.002,0.0,0.0
UPR-0557,WVDDUSFOSWWJJH-UHFFFAOYSA-N||OXDZSRZJFHVGGS-UHFFFAOYSA-N,False,False,0.002,0.0,0.0
UPR-0559,WVDDUSFOSWWJJH-UHFFFAOYSA-N||QAOWNCQODCNURD-UHFFFAOYSA-M,False,False,0.0,0.0,0.0
UPR-0560,WVDDUSFOSWWJJH-UHFFFAOYSA-N||AFVFQIVMOAPDHO-UHFFFAOYSA-M,False,False,0.0,0.0,0.0
UPR-0561,WVDDUSFOSWWJJH-UHFFFAOYSA-N||CXERBOODJDWFQL-UHFFFAOYSA-N,False,False,0.0,0.0,0.0
UPR-0563,WWVMHGUBIOZASN-UHFFFAOYSA-N||IDGLPDIIVPZHRB-UHFFFAOYSA-N,False,False,0.0,0.0,0.0
UPR-0564,WWVMHGUBIOZASN-UHFFFAOYSA-N||QNAYBMKLOCPYGJ-REOHCLBHSA-M,False,False,0.0,0.0,0.0
UPR-0565,WVDDUSFOSWWJJH-UHFFFAOYSA-N||JOXIMZWYDAKGHI-UHFFFAOYSA-M,False,False,0.0,0.0,0.0
UPR-0566,WVDDUSFOSWWJJH-UHFFFAOYSA-N||SLSPYQCCSCAKIB-UHFFFAOYSA-N,False,False,0.0,0.0,0.0
UPR-0567,WWVMHGUBIOZASN-UHFFFAOYSA-N||JGTNAGYHADQMCM-UHFFFAOYSA-M,False,False,0.0,0.0,0.0
UPR-0569,WWVMHGUBIOZASN-UHFFFAOYSA-N||KZWJWYFPLXRYIL-UHFFFAOYSA-M,False,False,0.0,0.0,0.0
UPR-0570,LSFWFJFDPRFPBK-UHFFFAOYSA-N||VEXZGXHMUGYJMC-UHFFFAOYSA-M,False,False,0.0,0.0,0.0
UPR-0571,LSFWFJFDPRFPBK-UHFFFAOYSA-N||BDAGIHXWWSANSR-UHFFFAOYSA-M,False,False,0.0,0.0,0.0
UPR-0574,LSFWFJFDPRFPBK-UHFFFAOYSA-N||IDGLPDIIVPZHRB-UHFFFAOYSA-N,False,False,0.0,0.0,0.0
UPR-0575,LSFWFJFDPRFPBK-UHFFFAOYSA-N||CXERBOODJDWFQL-UHFFFAOYSA-N,False,False,0.0,0.0,0.0
UPR-0576,LSFWFJFDPRFPBK-UHFFFAOYSA-N||FERIUCNNQQJTOY-UHFFFAOYSA-M,False,False,0.0,0.0,0.0
UPR-0577,LSFWFJFDPRFPBK-UHFFFAOYSA-N||QNAYBMKLOCPYGJ-REOHCLBHSA-M,False,False,0.0,0.0,0.0
UPR-0578,JYARJXBHOOZQQD-UHFFFAOYSA-N||QAOWNCQODCNURD-UHFFFAOYSA-M,False,False,0.0,0.0,0.0
UPR-0579,LSFWFJFDPRFPBK-UHFFFAOYSA-N||JGTNAGYHADQMCM-UHFFFAOYSA-M,False,False,0.0,0.0,0.0
UPR-0580,LSFWFJFDPRFPBK-UHFFFAOYSA-N||JOXIMZWYDAKGHI-UHFFFAOYSA-M,False,False,0.0,0.0,0.0
UPR-0583,LSFWFJFDPRFPBK-UHFFFAOYSA-N||DHMQDGOQFOQNFH-UHFFFAOYSA-M,False,False,0.0,0.0,0.0
UPR-0584,HOMONHWYLOPSLL-UHFFFAOYSA-N||ODGCEQLVLXJUCC-UHFFFAOYSA-N,False,False,0.0,0.0,0.0
UPR-0585,HOMONHWYLOPSLL-UHFFFAOYSA-N||CPELXLSAUQHCOX-UHFFFAOYSA-M,False,False,0.0,0.0,0.0
UPR-0586,HOMONHWYLOPSLL-UHFFFAOYSA-N||ITMCEJHCFYSIIV-UHFFFAOYSA-M,False,False,0.0,0.0,0.0
UPR-0587,HOMONHWYLOPSLL-UHFFFAOYSA-N||VEXZGXHMUGYJMC-UHFFFAOYSA-M,False,False,0.0,0.0,0.0
UPR-0588,HOMONHWYLOPSLL-UHFFFAOYSA-N||UKDLHLAPDXIAID-UHFFFAOYSA-N,False,False,0.0,0.0,0.0
UPR-0589,HOMONHWYLOPSLL-UHFFFAOYSA-N||LJQLCJWAZJINEB-UHFFFAOYSA-N,False,False,0.0,0.0,0.0
UPR-0590,HOMONHWYLOPSLL-UHFFFAOYSA-N||NVIANCROYQGROD-UHFFFAOYSA-N,False,False,0.022,0.0,0.0
UPR-0591,HOMONHWYLOPSLL-UHFFFAOYSA-N||OXDZSRZJFHVGGS-UHFFFAOYSA-N,False,False,0.0,0.0,0.0
UPR-0592,HOMONHWYLOPSLL-UHFFFAOYSA-N||ZMZDMBWJUHKJPS-UHFFFAOYSA-M,False,False,0.0,0.0,0.0
UPR-0593,HOMONHWYLOPSLL-UHFFFAOYSA-N||DTQVDTLACAAQTR-UHFFFAOYSA-M,False,False,0.002,0.0,0.0
UPR-0594,HOMONHWYLOPSLL-UHFFFAOYSA-N||JZMJDSHXVKJFKW-UHFFFAOYSA-M,False,False,0.0,0.0,0.0
UPR-0595,HOMONHWYLOPSLL-UHFFFAOYSA-N||NHNBFGGVMKEFGY-UHFFFAOYSA-N,False,False,0.0,0.0,0.0
UPR-0596,HOMONHWYLOPSLL-UHFFFAOYSA-N||QAOWNCQODCNURD-UHFFFAOYSA-M,False,False,0.0,0.0,0.0
UPR-0597,HOMONHWYLOPSLL-UHFFFAOYSA-N||AFVFQIVMOAPDHO-UHFFFAOYSA-M,False,False,0.0,0.0,0.0
UPR-0599,HOMONHWYLOPSLL-UHFFFAOYSA-N||AYFVYJQAPQTCCC-GBXIJSLDSA-M,False,False,0.0,0.0,0.0
UPR-0600,HOMONHWYLOPSLL-UHFFFAOYSA-N||KIWBPDUYBMNFTB-UHFFFAOYSA-M,False,False,0.0,0.0,0.0
UPR-0601,HOMONHWYLOPSLL-UHFFFAOYSA-N||DHMQDGOQFOQNFH-UHFFFAOYSA-M,False,False,0.0,0.0,0.0
UPR-0602,HOMONHWYLOPSLL-UHFFFAOYSA-N||JGTNAGYHADQMCM-UHFFFAOYSA-M,False,False,0.0,0.0,0.0
UPR-0603,HOMONHWYLOPSLL-UHFFFAOYSA-N||JOXIMZWYDAKGHI-UHFFFAOYSA-M,False,False,0.0,0.0,0.0
UPR-0605,HOMONHWYLOPSLL-UHFFFAOYSA-N||KZWJWYFPLXRYIL-UHFFFAOYSA-M,False,False,0.0,0.0,0.0
UPR-0606,HOMONHWYLOPSLL-UHFFFAOYSA-N||QNAYBMKLOCPYGJ-REOHCLBHSA-M,False,False,0.0,0.0,0.0
UPR-0607,HOMONHWYLOPSLL-UHFFFAOYSA-N||SLSPYQCCSCAKIB-UHFFFAOYSA-N,False,False,0.0,0.0,0.0
UPR-0608,HOMONHWYLOPSLL-UHFFFAOYSA-N||XBDQKXXYIPTUBI-UHFFFAOYSA-M,False,False,0.026,0.0,0.0
