il_identity_key,molar_mass_g_mol,condition_adjusted_response,analysis_panel
C(C)N1C=[N+](C=C1)CC||C(C)OS(=O)(=O)[O-],250.31998753547668,-0.0267721033377847,"Molar $C_{p,m}$"
C(C)N1C=[N+](C=C1)C||C(C)OP(=O)(OCC)[O-],264.26199078559875,0.0798615888204503,"Molar $C_{p,m}$"
C(C)N1C=[N+](C=C1)C||C(C)OS(=O)(=O)[O-],236.2930029630661,-0.0836723075914762,"Molar $C_{p,m}$"
C(C)N1C=[N+](C=C1)C||COCCOCCOS(=O)(=O)[O-],310.371994972229,0.1862780823734722,"Molar $C_{p,m}$"
C(C)N1C=[N+](C=C1)C||COS(=O)(=O)[O-],222.26600348949432,-0.2078220683164655,"Molar $C_{p,m}$"
C(C)N1C=[N+](C=C1)C||S(=O)(=O)(O)[O-],208.23900401592252,-0.3540768885260101,"Molar $C_{p,m}$"
C(C)[N+](C)(C)CCO||C(C)OS(=O)(=O)[O-],243.32499504089355,-0.0542924368701376,"Molar $C_{p,m}$"
C(C)[N+]1=CN(C=C1)C||C(CCCCC)OS(=O)(=O)[O-],292.400985956192,0.1962702751622367,"Molar $C_{p,m}$"
C(CCC)N1C=[N+](C=C1)C||C(CCCCCCC)OS(=O)(=O)[O-],348.5090136528015,0.4159993636078329,"Molar $C_{p,m}$"
C(CCC)N1C=[N+](C=C1)C||COS(=O)(=O)[O-],250.31998753547668,-0.1328182543881197,"Molar $C_{p,m}$"
C(CCC)[P+](C)(CCCC)CCCC||COS(=O)(=O)[O-],328.4550011157989,-0.3897688709879796,"Molar $C_{p,m}$"
C=CC[N+](C)(C)CCn1cc[n+](C)c1||N#C[N-]C#N.N#C[N-]C#N,327.3960053920746,0.1042942856436175,"Molar $C_{p,m}$"
C=C[n+]1ccn(CC[N+](C)(C)CC=C)c1||N#C[N-]C#N.N#C[N-]C#N,339.4069969654083,0.1956068259680847,"Molar $C_{p,m}$"
C=Cn1cc[n+](CC(CBr)N=[N+]=[N-])c1||N#C[N-]C#N,323.1579959392548,-0.3033330648988674,"Molar $C_{p,m}$"
CC(C)[C@@H]1CC[C@@H](C)C[C@H]1OCn1cc[n+](C)c1||O=S(=O)([N-]S(=O)(=O)C(F)(F)F)C(F)(F)F,531.5409898757935,0.1401686795770924,"Molar $C_{p,m}$"
CCCCCCCCCCCCCCCC[n+]1ccn(C)c1||O=C1[N-]S(=O)(=O)c2ccccc21,489.7260069847107,0.5826838159463565,"Molar $C_{p,m}$"
CCCCCCCCCCCCCCCC[n+]1ccn(C)c1||[Br-],387.4500095844269,0.9734670575116704,"Molar $C_{p,m}$"
CCCCCCCCCCCCCCCC[n+]1ccn(C)c1||[Cl-],342.99901127815247,0.8483039145576647,"Molar $C_{p,m}$"
CCCCCCCCCCCCCCCCn1cc[n+](C)c1||O=S(=O)([N-]S(=O)(=O)C(F)(F)F)C(F)(F)F,587.6929759979248,0.3285987620579398,"Molar $C_{p,m}$"
CCCCCCCCCCCCCC[N+](CC)(CC)CC||O=S(=O)([N-]S(=O)(=O)C(F)(F)F)C(F)(F)F,578.7259936332703,0.2480203402512284,"Molar $C_{p,m}$"
CCCCCCCCCCCCCC[P+](CCCCCC)(CCCCCC)CCCCCC||CC(=O)[O-],542.9139733314514,0.0402054127982758,"Molar $C_{p,m}$"
CCCCCCCCCCCCCC[P+](CCCCCC)(CCCCCC)CCCCCC||CC(CC(C)(C)C)CP(=O)([O-])CC(C)CC(C)(C)C,773.2899785041809,0.3831089393067866,"Molar $C_{p,m}$"
CCCCCCCCCCCCCC[P+](CCCCCC)(CCCCCC)CCCCCC||CCCC(=O)[O-],570.967972278595,0.0557138598967954,"Molar $C_{p,m}$"
CCCCCCCCCCCCCC[P+](CCCCCC)(CCCCCC)CCCCCC||CCCCCC(=O)[O-],599.0219712257385,0.086525192480428,"Molar $C_{p,m}$"
CCCCCCCCCCCCCC[P+](CCCCCC)(CCCCCC)CCCCCC||CCCCCCCC(=O)[O-],627.0760297775269,0.1005967667586755,"Molar $C_{p,m}$"
CCCCCCCCCCCCCC[P+](CCCCCC)(CCCCCC)CCCCCC||CCCCCCCCCC(=O)[O-],655.1300287246704,0.134774884588221,"Molar $C_{p,m}$"
CCCCCCCCCCCCCC[P+](CCCCCC)(CCCCCC)CCCCCC||FC(F)(F)C(F)(F)[P-](F)(F)(F)(C(F)(F)C(F)(F)F)C(F)(F)C(F)(F)F,928.8740158081056,0.2893477907406483,"Molar $C_{p,m}$"
CCCCCCCCCCCCCC[P+](CCCCCC)(CCCCCC)CCCCCC||N#C[N-]C#N,549.9129891395569,-0.0232875380013357,"Molar $C_{p,m}$"
CCCCCCCCCCCCCC[P+](CCCCCC)(CCCCCC)CCCCCC||O=S(=O)([N-]S(=O)(=O)C(F)(F)F)C(F)(F)F,764.0169858932495,-0.1041978258094382,"Molar $C_{p,m}$"
CCCCCCCCCCCCCC[P+](CCCCCC)(CCCCCC)CCCCCC||[Cl-],519.3229913711548,0.1576255540619953,"Molar $C_{p,m}$"
CCCCCCCCCCCCCC[n+]1ccn(C)c1||O=S(=O)([N-]S(=O)(=O)C(F)(F)F)C(F)(F)F,559.6389770507812,0.2676503836748112,"Molar $C_{p,m}$"
CCCCCCCCCCCC[N+](CC)(CC)CC||O=S(=O)([N-]S(=O)(=O)C(F)(F)F)C(F)(F)F,550.6719946861267,0.1813654379457538,"Molar $C_{p,m}$"
CCCCCCCCCCCC[n+]1ccn(C)c1||F[P-](F)(F)(F)(F)F,396.4000046253204,0.4223951488988628,"Molar $C_{p,m}$"
CCCCCCCCCCCC[n+]1ccn(C)c1||O=S(=O)([N-]S(=O)(=O)C(F)(F)F)C(F)(F)F,531.5849781036377,0.2002113604984856,"Molar $C_{p,m}$"
CCCCCCCCCCCC[n+]1ccn(C)c1||[Cl-],286.89101338386536,0.4546906411122267,"Molar $C_{p,m}$"
CCCCCCCCCCCC[n+]1ccn(CO[C@@H]2C[C@H](C)CC[C@H]2C(C)C)c1||O=S(=O)([N-]S(=O)(=O)C(F)(F)F)C(F)(F)F,685.837984085083,0.5071235984554621,"Molar $C_{p,m}$"
CCCCCCCCCCC[n+]1ccn(CO[C@@H]2C[C@H](C)CC[C@H]2C(C)C)c1||O=S(=O)([N-]S(=O)(=O)C(F)(F)F)C(F)(F)F,671.8109846115112,0.4827780290405159,"Molar $C_{p,m}$"
CCCCCCCCCC[n+]1ccn(C)c1||CC(=O)[O-],282.42799639701843,0.2769936720139787,"Molar $C_{p,m}$"
CCCCCCCCCC[n+]1ccn(C)c1||F[P-](F)(F)(F)(F)F,368.3460056781769,0.3835223847917781,"Molar $C_{p,m}$"
CCCCCCCCCC[n+]1ccn(C)c1||O=S(=O)([N-]S(=O)(=O)C(F)(F)F)C(F)(F)F,503.5309791564941,0.1160491275579689,"Molar $C_{p,m}$"
CCCCCCCCCC[n+]1ccn(C)c1||[O-]c1ccccc1,316.48901104927063,0.19717510475175,"Molar $C_{p,m}$"
CCCCCCCCCC[n+]1ccn(CO[C@@H]2C[C@H](C)CC[C@H]2C(C)C)c1||O=S(=O)([N-]S(=O)(=O)C(F)(F)F)C(F)(F)F,657.7839851379395,0.4440059183681528,"Molar $C_{p,m}$"
CCCCCCCCCCn1cc[n+](C)c1||O=C1[N-]S(=O)(=O)c2ccccc21,405.56401014328,0.4094098020970667,"Molar $C_{p,m}$"
CCCCCCCCC[n+]1ccn(C)c1||F[P-](F)(F)(F)(F)F,354.3190062046051,0.3365777647766723,"Molar $C_{p,m}$"
CCCCCCCCC[n+]1ccn(CO[C@@H]2C[C@H](C)CC[C@H]2C(C)C)c1||O=S(=O)([N-]S(=O)(=O)C(F)(F)F)C(F)(F)F,643.7569856643677,0.4181741092940205,"Molar $C_{p,m}$"
CCCCCCCCCn1cc[n+](CCCCCCCCC)c1||O=S(=O)([N-]S(=O)(=O)C(F)(F)F)C(F)(F)F,601.7199754714966,0.3691117253405505,"Molar $C_{p,m}$"
CCCCCCCC[N+](C)(CCCCCCCC)CCCCCCCC||CC(=O)[O-],427.75800824165344,0.5950188827598817,"Molar $C_{p,m}$"
CCCCCCCC[N+](CCCCCCCC)(CCCCCCCC)CCCCCCCC||CCCCC(CC)CN(CC(CC)CCCC)C(=O)C(=O)[O-],779.3769836425781,0.8636633343657074,"Molar $C_{p,m}$"
CCCCCCCC[N+](CCCCCCCC)(CCCCCCCC)CCCCCCCC||CCCCCCCC/C=C\CCCCCCCC(=O)[O-],748.3630180358887,1.124354604804024,"Molar $C_{p,m}$"
CCCCCCCC[N+](CCCCCCCC)(CCCCCCCC)CCCCCCCC||CCCCCCCCN(CCCCCCCC)C(=O)COCC(=O)[O-],823.4300017356873,1.1985218812779226,"Molar $C_{p,m}$"
CCCCCCCC[n+]1cccc(C)c1||F[B-](F)(F)F,293.15701127052307,0.1908982711413198,"Molar $C_{p,m}$"
CCCCCCCC[n+]1ccccc1||O=S(=O)([N-]S(=O)(=O)C(F)(F)F)C(F)(F)F,472.47299551963806,0.0619738118518236,"Molar $C_{p,m}$"
CCCCCCCC[n+]1ccn(C)c1||F[P-](F)(F)(F)(F)F,340.2920067310333,0.2357112496584914,"Molar $C_{p,m}$"
CCCCCCCC[n+]1ccn(C)c1||N[C@@H](CO)C(=O)[O-],299.4149923324585,0.2434642780538243,"Molar $C_{p,m}$"
CCCCCCCC[n+]1ccn(C)c1||O=C([O-])[C@@H]1CCCN1,309.4539940357208,0.1881933408539122,"Molar $C_{p,m}$"
CCCCCCCC[n+]1ccn(C)c1||O=S(=O)([O-])C(F)(F)F,344.39900517463684,0.2880626157193537,"Molar $C_{p,m}$"
CCCCCCCC[n+]1ccn(CO[C@@H]2C[C@H](C)CC[C@H]2C(C)C)c1||O=S(=O)([N-]S(=O)(=O)C(F)(F)F)C(F)(F)F,629.7299861907959,0.3906600877029573,"Molar $C_{p,m}$"
CCCCCCCCn1cc[n+](C)c1||C[C@H](N)C(=O)[O-],283.4160029888153,0.2325580651377414,"Molar $C_{p,m}$"
CCCCCCCCn1cc[n+](C)c1||F[B-](F)(F)F,282.1339964866638,0.1819875872970122,"Molar $C_{p,m}$"
CCCCCCCCn1cc[n+](C)c1||NC(=O)C[C@H](N)C(=O)[O-],326.4409899711609,0.3262634469540302,"Molar $C_{p,m}$"
CCCCCCCCn1cc[n+](C)c1||NCC(=O)[O-],269.3890035152436,0.0714207230812933,"Molar $C_{p,m}$"
CCCCCCCCn1cc[n+](C)c1||O=C1[N-]S(=O)(=O)c2ccccc21,377.5100111961365,0.3095358609936793,"Molar $C_{p,m}$"
CCCCCCCCn1cc[n+](C)c1||O=S(=O)([N-]S(=O)(=O)C(F)(F)F)C(F)(F)F,475.477010011673,0.0430318099183617,"Molar $C_{p,m}$"
CCCCCCCCn1cc[n+](C)c1||[O-]c1ccccc1,288.4350121021271,-0.0056223727199773,"Molar $C_{p,m}$"
CCCCCCC[n+]1ccn(C)c1||F[P-](F)(F)(F)(F)F,326.26500725746155,0.1640133975932838,"Molar $C_{p,m}$"
CCCCCCC[n+]1ccn(C)c1||O=S(=O)([N-]S(=O)(=O)C(F)(F)F)C(F)(F)F,461.4500105381012,-0.0212942291120556,"Molar $C_{p,m}$"
CCCCCC[N+](C)(C)CCO||[Br-],254.21199202537537,0.1646907661684835,"Molar $C_{p,m}$"
CCCCCC[N+](CC)(CC)CC||O=S(=O)([N-]S(=O)(=O)C(F)(F)F)C(F)(F)F,466.509997844696,-0.065597170446578,"Molar $C_{p,m}$"
CCCCCC[n+]1ccc(N(C)C)cc1||O=S(=O)([N-]S(=O)(=O)C(F)(F)F)C(F)(F)F,487.4880015850067,0.1882480075692476,"Molar $C_{p,m}$"
CCCCCC[n+]1cccc(C#N)c1||O=S(=O)([N-]S(=O)(=O)C(F)(F)F)C(F)(F)F,469.42898631095886,0.0830896281533934,"Molar $C_{p,m}$"
CCCCCC[n+]1cccc(C)c1||[Br-],258.202999830246,0.2343599597522461,"Molar $C_{p,m}$"
CCCCCC[n+]1ccccc1||F[B-](F)(F)F,251.0760128498077,0.37863432157293,"Molar $C_{p,m}$"
CCCCCC[n+]1ccccc1||O=S(=O)([N-]S(=O)(=O)C(F)(F)F)C(F)(F)F,444.4189965724945,0.1231693116196268,"Molar $C_{p,m}$"
CCCCCC[n+]1ccn(C)c1C||O=S(=O)([N-]S(=O)(=O)C(F)(F)F)C(F)(F)F,461.4500105381012,0.0157395391172636,"Molar $C_{p,m}$"
CCCCCC[n+]1ccn(C)c1||F[B-](F)(F)F,254.07999753952024,0.0366113292116923,"Molar $C_{p,m}$"
CCCCCC[n+]1ccn(C)c1||F[P-](F)(F)(F)(F)F,312.23800778388977,0.0411563929933205,"Molar $C_{p,m}$"
CCCCCC[n+]1ccn(C)c1||N#C[N-]C#N,233.3189994096756,0.0653765037122249,"Molar $C_{p,m}$"
CCCCCC[n+]1ccn(C)c1||O=S(=O)([N-]S(=O)(=O)C(F)(F)F)C(F)(F)F,447.4230110645294,-0.0482572983578823,"Molar $C_{p,m}$"
CCCCCC[n+]1ccn(C)c1||O=S(=O)([O-])C(F)(F)F,316.3450062274933,0.1706167622871399,"Molar $C_{p,m}$"
CCCCCC[n+]1ccn(C)c1||[O-]c1ccccc1,260.3810131549835,-0.0267344715833575,"Molar $C_{p,m}$"
CCCCCC[n+]1ccn(CO[C@@H]2C[C@H](C)CC[C@H]2C(C)C)c1||O=S(=O)([N-]S(=O)(=O)C(F)(F)F)C(F)(F)F,601.6759872436523,0.3339058315775487,"Molar $C_{p,m}$"
CCCCCCn1cc[n+](C)c1||CC(=O)[O-],226.31999850273127,-0.0272287922018961,"Molar $C_{p,m}$"
CCCCCCn1cc[n+](C)c1||FC(F)(F)C(F)(F)[P-](F)(F)(F)(C(F)(F)C(F)(F)F)C(F)(F)C(F)(F)F,612.280011177063,0.3617761550784504,"Molar $C_{p,m}$"
CCCCCCn1cc[n+](C)c1||O=C1O[B-]2(OC1=O)OC(=O)C(=O)O2,354.1240096092224,0.1640036423269228,"Molar $C_{p,m}$"
CCCCCCn1cc[n+](C)c1||O=C1[N-]S(=O)(=O)c2ccccc21,349.4560122489929,0.2191105671198165,"Molar $C_{p,m}$"
CCCCC[n+]1ccccc1||F[P-](F)(F)(F)(F)F,295.2069938182831,0.0105142982594204,"Molar $C_{p,m}$"
CCCCC[n+]1ccn(CO[C@@H]2C[C@H](C)CC[C@H]2C(C)C)c1||O=S(=O)([N-]S(=O)(=O)C(F)(F)F)C(F)(F)F,587.6489877700806,0.3031625596667924,"Molar $C_{p,m}$"
CCCCCn1cc[n+](C)c1||F[P-](F)(F)(F)(F)F,298.211008310318,0.0466666669852564,"Molar $C_{p,m}$"
CCCCCn1cc[n+](C)c1||O=S(=O)([N-]S(=O)(=O)C(F)(F)F)C(F)(F)F,433.3960115909576,-0.1233931531078855,"Molar $C_{p,m}$"
CCCCCn1cc[n+](CCCC)c1||O=S(=O)([N-]S(=O)(=O)C(F)(F)F)C(F)(F)F,475.477010011673,0.0207304781098729,"Molar $C_{p,m}$"
CCCCCn1cc[n+](CCOCCOCC)c1||O=S(=O)([N-]S(=O)(=O)C(F)(F)F)C(F)(F)F,535.5290174484253,0.0344236456521809,"Molar $C_{p,m}$"
CCCCN1C=[NH+]c2ccccc21||O=S(=O)([N-]S(=O)(=O)C(F)(F)F)C(F)(F)F,455.4019868373871,0.0163943005012532,"Molar $C_{p,m}$"
CCCC[N+](C)(C)CCO||[Br-],226.1579930782318,-0.035336729710707,"Molar $C_{p,m}$"
CCCC[N+](C)(C)C||CCCCS(=O)(=O)[O-],253.4080147743225,0.3041220127853989,"Molar $C_{p,m}$"
CCCC[N+](C)(C)C||O=S(=O)([N-]S(=O)(=O)C(F)(F)F)C(F)(F)F,396.3750004768372,-0.3150440376599848,"Molar $C_{p,m}$"
CCCC[N+](C)(CCCC)CCCC||C[C@@H](O)[C@H](N)C(=O)[O-],318.5020089149475,0.3314030323086703,"Molar $C_{p,m}$"
CCCC[N+](C)(CCCC)CCCC||NCCCC[C@H](N)C(=O)[O-],345.57199478149414,0.4292501912556323,"Molar $C_{p,m}$"
CCCC[N+](C)(CCCC)CCCC||NCCS(=O)(=O)[O-],324.5309889316559,0.5285543627230855,"Molar $C_{p,m}$"
CCCC[N+](C)(CCCC)CCCC||N[C@@H](CO)C(=O)[O-],304.47500944137573,0.1640720045839003,"Molar $C_{p,m}$"
CCCC[NH+](CCCC)CCCC||[Cl-],221.8160033226013,0.3403733235151436,"Molar $C_{p,m}$"
CCCC[P+](CC)(CCCC)CCCC||CCOP(=O)([O-])OCC,384.4780027866364,-0.3248607083839836,"Molar $C_{p,m}$"
CCCC[P+](CCCC)(CCCC)CCCC||CC(C)[C@H](N)C(=O)[O-],375.57798624038696,-0.3336069950638505,"Molar $C_{p,m}$"
CCCC[P+](CCCC)(CCCC)CCCC||C[C@@H](O)[C@H](N)C(=O)[O-],377.5500059127808,-0.0534769919734574,"Molar $C_{p,m}$"
CCCC[P+](CCCC)(CCCC)CCCC||NCCCC[C@H](N)C(=O)[O-],404.6199917793274,-0.0313059480005213,"Molar $C_{p,m}$"
CCCC[P+](CCCC)(CCCC)CCCC||N[C@@H](CO)C(=O)[O-],363.523006439209,-0.3279460834181646,"Molar $C_{p,m}$"
CCCC[P+](CCCC)(CCCC)CCCC||N[C@@H](CS)C(=O)[O-],379.5909881591797,-0.1091744902597025,"Molar $C_{p,m}$"
CCCC[P+](CCCC)(CCCC)CCCC||O=C([O-])[C@@H]1CCCN1,373.5620081424713,-0.1898767756641035,"Molar $C_{p,m}$"
CCCC[n+]1ccc(C)cc1||F[B-](F)(F)F,237.0489984750748,0.1076986488966675,"Molar $C_{p,m}$"
CCCC[n+]1ccc(C)cc1||N#C[C-](C#N)C#N,240.3099983930588,-0.2168443889202418,"Molar $C_{p,m}$"
CCCC[n+]1ccc(C)cc1||O=S(=O)([N-]S(=O)(=O)C(F)(F)F)C(F)(F)F,430.39199709892273,-0.0227593173602329,"Molar $C_{p,m}$"
CCCC[n+]1ccc(N(C)C)cc1||O=S(=O)([N-]S(=O)(=O)C(F)(F)F)C(F)(F)F,459.4340026378632,0.0924002292746974,"Molar $C_{p,m}$"
CCCC[n+]1cccc(C#N)c1||O=S(=O)([N-]S(=O)(=O)C(F)(F)F)C(F)(F)F,441.3749873638153,-0.0466572065731947,"Molar $C_{p,m}$"
CCCC[n+]1cccc(C)c1||F[B-](F)(F)F,237.0489984750748,0.1072037925421938,"Molar $C_{p,m}$"
CCCC[n+]1cccc(C)c1||N#C[N-]C#N,216.2880003452301,-0.1855209640593491,"Molar $C_{p,m}$"
CCCC[n+]1cccc(C)c1||O=S(=O)([N-]S(=O)(=O)C(F)(F)F)C(F)(F)F,430.39199709892273,-0.0622249035908302,"Molar $C_{p,m}$"
CCCC[n+]1cccc(C)c1||O=S(=O)([O-])C(F)(F)F,299.3139922618866,0.1933028519457025,"Molar $C_{p,m}$"
CCCC[n+]1ccccc1C||F[B-](F)(F)F,237.0489984750748,0.0250360675410861,"Molar $C_{p,m}$"
CCCC[n+]1ccccc1C||O=S(=O)([N-]S(=O)(=O)C(F)(F)F)C(F)(F)F,430.39199709892273,0.0201393591215603,"Molar $C_{p,m}$"
CCCC[n+]1ccccc1||F[B-](F)(F)F,223.021999001503,0.0319949709086593,"Molar $C_{p,m}$"
CCCC[n+]1ccccc1||O=S(=O)([N-]S(=O)(=O)C(F)(F)F)C(F)(F)F,416.36499762535095,-0.0535294290833521,"Molar $C_{p,m}$"
CCCC[n+]1ccccc1||O=S(=O)([O-])C(F)(F)F,285.2869927883148,0.2363077149419004,"Molar $C_{p,m}$"
CCCC[n+]1ccn(C(CC)CC)c1||O=S(=O)([N-]S(=O)(=O)C(F)(F)F)C(F)(F)F,475.477010011673,0.030921735601936,"Molar $C_{p,m}$"
CCCC[n+]1ccn(C)c1C||F[B-](F)(F)F,240.0529980659485,-0.0159043335564854,"Molar $C_{p,m}$"
CCCC[n+]1ccn(C)c1C||F[P-](F)(F)(F)(F)F,298.211008310318,-0.0102640386514654,"Molar $C_{p,m}$"
CCCC[n+]1ccn(C)c1C||O=S(=O)([O-])C(F)(F)F,302.3180067539215,0.0636398701360558,"Molar $C_{p,m}$"
CCCC[n+]1ccn(C)c1||CC(=O)[O-],198.26599955558777,-0.205476501430168,"Molar $C_{p,m}$"
CCCC[n+]1ccn(C)c1||CCCCC(CC)CN(CC(CC)CCCC)C(=O)C(=O)[O-],451.6960084438324,0.4499055884751133,"Molar $C_{p,m}$"
CCCC[n+]1ccn(C)c1||COC(=O)C(=O)[O-],242.27499961853027,-0.078841186050361,"Molar $C_{p,m}$"
CCCC[n+]1ccn(C)c1||Cc1ccc(S(=O)(=O)[O-])cc1,310.4189932346344,0.1821426558078043,"Molar $C_{p,m}$"
CCCC[n+]1ccn(C)c1||F[B-](F)(F)F,226.0259985923767,-0.1434927081371864,"Molar $C_{p,m}$"
CCCC[n+]1ccn(C)c1||F[P-](F)(F)(F)(F)F,284.1840088367462,-0.0335825840293209,"Molar $C_{p,m}$"
CCCC[n+]1ccn(C)c1||N#C[N-]C#N,205.26500046253204,-0.3039999821682788,"Molar $C_{p,m}$"
CCCC[n+]1ccn(C)c1||N#C[S-],197.3070055246353,-0.4505739298149125,"Molar $C_{p,m}$"
CCCC[n+]1ccn(C)c1||O=C([O-])C(F)(F)F,252.236008644104,-0.154441365979677,"Molar $C_{p,m}$"
CCCC[n+]1ccn(C)c1||O=S(=O)([N-]S(=O)(=O)C(F)(F)F)C(F)(F)F,419.36901211738586,-0.1847289624703338,"Molar $C_{p,m}$"
CCCC[n+]1ccn(C)c1||O=S(=O)([O-])C(F)(F)F,288.29100728034973,0.015869579453855,"Molar $C_{p,m}$"
CCCC[n+]1ccn(C)c1||[Br-],219.1260010004044,-0.0044123532817197,"Molar $C_{p,m}$"
CCCC[n+]1ccn(C)c1||[Cl-],174.67500269412994,-0.0423607816343456,"Molar $C_{p,m}$"
CCCC[n+]1ccn(C)c1||[I-],266.12600684165955,0.0106414882056826,"Molar $C_{p,m}$"
CCCC[n+]1ccn(CCC(C)C)c1||O=S(=O)([N-]S(=O)(=O)C(F)(F)F)C(F)(F)F,475.477010011673,0.0131931642282063,"Molar $C_{p,m}$"
CCCC[n+]1ccn(CCOC)c1||O=S(=O)([N-]S(=O)(=O)C(F)(F)F)C(F)(F)F,463.4220004081726,-0.0262932498129337,"Molar $C_{p,m}$"
CCCC[n+]1ccn(CO[C@@H]2C[C@H](C)CC[C@H]2C(C)C)c1||O=S(=O)([N-]S(=O)(=O)C(F)(F)F)C(F)(F)F,573.6219882965088,0.2545356400295855,"Molar $C_{p,m}$"
CCCCn1cc[n+](C)c1C||FC(F)(F)C(F)(F)[P-](F)(F)(F)(C(F)(F)C(F)(F)F)C(F)(F)C(F)(F)F,598.2530117034912,0.4148734078704903,"Molar $C_{p,m}$"
CCCCn1cc[n+](C)c1||FC(F)(F)C(F)(F)[P-](F)(F)(F)(C(F)(F)C(F)(F)F)C(F)(F)C(F)(F)F,584.2260122299194,0.3967974574551389,"Molar $C_{p,m}$"
CCCCn1cc[n+](C)c1||O=C1O[B-]2(OC1=O)OC(=O)C(=O)O2,326.07001066207886,0.0951404776922943,"Molar $C_{p,m}$"
CCCCn1cc[n+](C)c1||O=C1[N-]S(=O)(=O)c2ccccc21,321.40201330184937,0.0964564427844987,"Molar $C_{p,m}$"
CCCCn1cc[n+](C2CCCC2)c1||O=S(=O)([N-]S(=O)(=O)C(F)(F)F)C(F)(F)F,473.4610021114349,-0.0351039122466443,"Molar $C_{p,m}$"
CCC[N+](C)(C)CCO||[Br-],212.13099360466003,-0.0530572769366415,"Molar $C_{p,m}$"
CCC[n+]1ccc(C)cc1||O=S(=O)([N-]S(=O)(=O)C(F)(F)F)C(F)(F)F,416.36499762535095,-0.0530475727254629,"Molar $C_{p,m}$"
CCC[n+]1cccc(C)c1||O=S(=O)([N-]S(=O)(=O)C(F)(F)F)C(F)(F)F,416.36499762535095,-0.1208032361605173,"Molar $C_{p,m}$"
CCC[n+]1ccccc1C||O=S(=O)([N-]S(=O)(=O)C(F)(F)F)C(F)(F)F,416.36499762535095,-0.0735466286608956,"Molar $C_{p,m}$"
CCC[n+]1ccccc1||F[B-](F)(F)F,208.9949995279312,-0.0178259218046283,"Molar $C_{p,m}$"
CCC[n+]1ccccc1||F[P-](F)(F)(F)(F)F,267.1529948711395,-0.0207876960064838,"Molar $C_{p,m}$"
CCC[n+]1ccccc1||[Br-],202.0950019359589,0.024537917035853,"Molar $C_{p,m}$"
CCC[n+]1ccn(C)c1||N[C@@H](CCC(=O)O)C(=O)[O-],271.3170051574707,0.0874440529136428,"Molar $C_{p,m}$"
CCC[n+]1ccn(CO[C@@H]2C[C@H](C)CC[C@H]2C(C)C)c1||O=S(=O)([N-]S(=O)(=O)C(F)(F)F)C(F)(F)F,559.594988822937,0.2224227889124668,"Molar $C_{p,m}$"
CCCn1cc[n+](C)c1C||O=S(=O)([N-]S(=O)(=O)C(F)(F)F)C(F)(F)F,419.36901211738586,-0.1392865481047516,"Molar $C_{p,m}$"
CCCn1cc[n+](C)c1||F[P-](F)(F)(F)(F)F,270.15700936317444,-0.1360179052826664,"Molar $C_{p,m}$"
CCCn1cc[n+](C)c1||O=S(=O)([N-]S(=O)(=O)C(F)(F)F)C(F)(F)F,405.3420126438141,-0.3103485064844928,"Molar $C_{p,m}$"
CCCn1cc[n+](C)c1||[Br-],205.09900152683255,-0.095455709430777,"Molar $C_{p,m}$"
CCCn1cc[n+](CC)c1||O=S(=O)([N-]S(=O)(=O)C(F)(F)F)C(F)(F)F,419.36901211738586,-0.2854407396878562,"Molar $C_{p,m}$"
CCOC(=O)c1ccc[n+](CC)c1||CCOS(=O)(=O)[O-],305.35200238227844,0.3177516722095594,"Molar $C_{p,m}$"
CCOCCOCC[n+]1ccn(C2CCCC2)c1||O=S(=O)([N-]S(=O)(=O)C(F)(F)F)C(F)(F)F,533.5130095481873,0.1315753608247787,"Molar $C_{p,m}$"
CC[N+](C)(C)CCO||CS(=O)(=O)[O-],213.2990062236786,-0.2289462496449936,"Molar $C_{p,m}$"
CC[n+]1ccc(C)cc1||O=S(=O)([N-]S(=O)(=O)C(F)(F)F)C(F)(F)F,402.3379981517792,-0.1608886904575275,"Molar $C_{p,m}$"
CC[n+]1ccc(N(C)C)cc1||O=S(=O)([N-]S(=O)(=O)C(F)(F)F)C(F)(F)F,431.3800036907196,-0.0290400464238027,"Molar $C_{p,m}$"
CC[n+]1cccc(C)c1||CCOS(=O)(=O)[O-],247.31600284576416,0.0413267542824131,"Molar $C_{p,m}$"
CC[n+]1cccc(C)c1||O=S(=O)([N-]S(=O)(=O)C(F)(F)F)C(F)(F)F,402.3379981517792,-0.1714110732865008,"Molar $C_{p,m}$"
CC[n+]1ccccc1C||O=S(=O)([N-]S(=O)(=O)C(F)(F)F)C(F)(F)F,402.3379981517792,-0.1122439296501376,"Molar $C_{p,m}$"
CC[n+]1ccccc1||F[P-](F)(F)(F)(F)F,253.12599539756772,-0.032694654175442,"Molar $C_{p,m}$"
CC[n+]1ccccc1||[Br-],188.06800246238708,-0.038659209531993,"Molar $C_{p,m}$"
CC[n+]1ccn(C)c1C||O=S(=O)([N-]S(=O)(=O)C(F)(F)F)C(F)(F)F,405.3420126438141,-0.2402469207950335,"Molar $C_{p,m}$"
CC[n+]1ccn(C)c1||CC(=O)[O-],170.2120006084442,-0.3546622846929592,"Molar $C_{p,m}$"
CC[n+]1ccn(C)c1||CS(=O)(=O)[O-],206.26699924468997,-0.231432391470471,"Molar $C_{p,m}$"
CC[n+]1ccn(C)c1||Cc1ccc(S(=O)(=O)[O-])cc1,282.36499428749084,0.1649065447023057,"Molar $C_{p,m}$"
CC[n+]1ccn(C)c1||F[B-](F)(F)F,197.97199964523315,-0.3466053621282654,"Molar $C_{p,m}$"
CC[n+]1ccn(C)c1||F[P-](F)(F)(F)(F)F,256.13000988960266,-0.3779180393546308,"Molar $C_{p,m}$"
CC[n+]1ccn(C)c1||N#C[C-](C#N)C#N,201.2329995632172,-0.3501747530095187,"Molar $C_{p,m}$"
CC[n+]1ccn(C)c1||N#C[N-]C#N,177.2110015153885,-0.4261031703394802,"Molar $C_{p,m}$"
CC[n+]1ccn(C)c1||N#C[S-],169.25300657749176,-0.5700262835397929,"Molar $C_{p,m}$"
CC[n+]1ccn(C)c1||O=C([O-])C(F)(F)F,224.18199479579928,-0.2683793527673836,"Molar $C_{p,m}$"
CC[n+]1ccn(C)c1||O=S(=O)([N-]S(=O)(=O)C(F)(F)F)C(F)(F)F,391.3150131702423,-0.3206527694067569,"Molar $C_{p,m}$"
CC[n+]1ccn(C)c1||O=S(=O)([O-])C(F)(F)C(F)F,292.2540009021759,0.1924472767466185,"Molar $C_{p,m}$"
CC[n+]1ccn(C)c1||O=S(=O)([O-])C(F)(F)F,260.2370083332062,-0.1397626264452309,"Molar $C_{p,m}$"
CC[n+]1ccn(C)c1||[Br-],191.0720020532608,-0.2273362473047298,"Molar $C_{p,m}$"
CC[n+]1ccn(C)c1||[Cl-],146.6210037469864,-0.1083022113581826,"Molar $C_{p,m}$"
CC[n+]1ccn(C)c1||[O-]c1ccccc1,204.2730003595352,-0.5365880011803754,"Molar $C_{p,m}$"
CC[n+]1ccn(CO[C@@H]2C[C@H](C)CC[C@H]2C(C)C)c1||O=S(=O)([N-]S(=O)(=O)C(F)(F)F)C(F)(F)F,545.5679893493652,0.1933925643052045,"Molar $C_{p,m}$"
CCc1cccc[n+]1CC||CCOS(=O)(=O)[O-],261.34300231933594,0.0883134811497896,"Molar $C_{p,m}$"
CCn1cc[n+](C)c1||C[C@H](O)C(=O)[O-],200.2380043268204,-0.186260108367315,"Molar $C_{p,m}$"
CCn1cc[n+](CC)c1||O=S(=O)([N-]S(=O)(=O)C(F)(F)F)C(F)(F)F,405.3420126438141,-0.2255306847061229,"Molar $C_{p,m}$"
C[N+](C)(C)CCO||O=S(=O)([N-]S(=O)(=O)C(F)(F)F)C(F)(F)F,384.3199908733368,-0.3690733027779238,"Molar $C_{p,m}$"
C[NH2+]CCO||CCC(=O)[O-],149.1899937391281,-0.453667630752081,"Molar $C_{p,m}$"
C[NH2+]CCO||CCCC(=O)[O-],163.2169932126999,-0.3421033828750661,"Molar $C_{p,m}$"
C[NH2+]CCO||CCCCC(=O)[O-],177.24399268627167,-0.2459482286629715,"Molar $C_{p,m}$"
C[n+]1ccn(CCCCn2cc[n+](C)c2)c1||F[P-](F)(F)(F)(F)F.F[P-](F)(F)(F)(F)F,510.2440118789673,0.7914126576167058,"Molar $C_{p,m}$"
C[n+]1ccn(CCC[N+](C)(C)C)c1||N#C[N-]C#N.N#C[N-]C#N,315.38501381874084,-0.0129342777033869,"Molar $C_{p,m}$"
Cc1ccc[n+](CC(C)C)c1||O=S(=O)([N-]S(=O)(=O)C(F)(F)F)C(F)(F)F,430.39199709892273,-0.0113511075712064,"Molar $C_{p,m}$"
Cc1n(CCCC#N)cc[n+]1C||O=S(=O)([N-]S(=O)(=O)C(F)(F)F)C(F)(F)F,444.3790018558502,0.0683102403304722,"Molar $C_{p,m}$"
Cn1cc[n+](C)c1||COS(=O)(=O)[O-],208.23900401592252,-0.1627864238751861,"Molar $C_{p,m}$"
Cn1cc[n+](CCO)c1||C[C@H](N)C(=O)[O-],215.25299549102783,-0.1131817513551149,"Molar $C_{p,m}$"
Cn1cc[n+](CCO)c1||NCC(=O)[O-],201.22599601745603,-0.3258064692619102,"Molar $C_{p,m}$"
Cn1cc[n+](CCO)c1||O=C([O-])C(F)(F)F,240.18099904060364,-0.2456671136120514,"Molar $C_{p,m}$"
Cn1cc[n+](CCO)c1||O=C([O-])[C@@H]1CCCN1,241.29100143909452,-0.138824143312163,"Molar $C_{p,m}$"
Cn1cc[n+](CCO)c1||O=S(=O)([N-]S(=O)(=O)C(F)(F)F)C(F)(F)F,407.3140025138855,-0.2009974849533518,"Molar $C_{p,m}$"
Cn1cc[n+](Cc2ccccc2)c1||N#C[N-]C#N,239.2819970846176,-0.3615943942746722,"Molar $C_{p,m}$"
Cn1cc[n+](Cc2ccccc2)c1||O=S(=O)([N-]S(=O)(=O)C(F)(F)F)C(F)(F)F,453.3860087394714,-0.0978420555690227,"Molar $C_{p,m}$"
[NH3+]CCO||CC(O)C(=O)[O-],151.16199851036072,-0.6753851577204384,"Molar $C_{p,m}$"
c1c[nH+]c[nH]1||CCCCCCCC(=O)[O-],212.29299902915955,0.4877444756340585,"Molar $C_{p,m}$"
C(C)N1C=[N+](C=C1)CC||C(C)OS(=O)(=O)[O-],250.31998753547668,0.0216335727675444,Mass-specific $c_p$
C(C)N1C=[N+](C=C1)C||C(C)OP(=O)(OCC)[O-],264.26199078559875,0.0283834307847439,Mass-specific $c_p$
C(C)N1C=[N+](C=C1)C||C(C)OS(=O)(=O)[O-],236.2930029630661,0.0125896345621191,Mass-specific $c_p$
C(C)N1C=[N+](C=C1)C||COCCOCCOS(=O)(=O)[O-],310.371994972229,0.0206951001728341,Mass-specific $c_p$
C(C)N1C=[N+](C=C1)C||COS(=O)(=O)[O-],222.26600348949432,-0.0394780034238833,Mass-specific $c_p$
C(C)N1C=[N+](C=C1)C||S(=O)(=O)(O)[O-],208.23900401592252,-0.125590332037179,Mass-specific $c_p$
C(C)[N+](C)(C)CCO||C(C)OS(=O)(=O)[O-],243.32499504089355,0.0247473744698897,Mass-specific $c_p$
C(C)[N+]1=CN(C=C1)C||C(CCCCC)OS(=O)(=O)[O-],292.400985956192,0.0870681097428046,Mass-specific $c_p$
C(CCC)N1C=[N+](C=C1)C||C(CCCCCCC)OS(=O)(=O)[O-],348.5090136528015,0.1340345477372111,Mass-specific $c_p$
C(CCC)N1C=[N+](C=C1)C||COS(=O)(=O)[O-],250.31998753547668,-0.0835784837147894,Mass-specific $c_p$
C(CCC)[P+](C)(CCCC)CCCC||COS(=O)(=O)[O-],328.4550011157989,0.0587261138866125,Mass-specific $c_p$
C=CC[N+](C)(C)CCn1cc[n+](C)c1||N#C[N-]C#N.N#C[N-]C#N,327.3960053920746,0.0159146352432829,Mass-specific $c_p$
C=C[n+]1ccn(CC[N+](C)(C)CC=C)c1||N#C[N-]C#N.N#C[N-]C#N,339.4069969654083,0.0718350933126037,Mass-specific $c_p$
C=Cn1cc[n+](CC(CBr)N=[N+]=[N-])c1||N#C[N-]C#N,323.1579959392548,-0.3794889910503017,Mass-specific $c_p$
CC(C)[C@@H]1CC[C@@H](C)C[C@H]1OCn1cc[n+](C)c1||O=S(=O)([N-]S(=O)(=O)C(F)(F)F)C(F)(F)F,531.5409898757935,0.0271525071582908,Mass-specific $c_p$
CCCCCCCCCCCCCCCC[n+]1ccn(C)c1||O=C1[N-]S(=O)(=O)c2ccccc21,489.7260069847107,0.0912340771469644,Mass-specific $c_p$
CCCCCCCCCCCCCCCC[n+]1ccn(C)c1||[Br-],387.4500095844269,0.4408582379875366,Mass-specific $c_p$
CCCCCCCCCCCCCCCC[n+]1ccn(C)c1||[Cl-],342.99901127815247,0.4375543633898848,Mass-specific $c_p$
CCCCCCCCCCCCCCCCn1cc[n+](C)c1||O=S(=O)([N-]S(=O)(=O)C(F)(F)F)C(F)(F)F,587.6929759979248,0.1146878586060748,Mass-specific $c_p$
CCCCCCCCCCCCCC[N+](CC)(CC)CC||O=S(=O)([N-]S(=O)(=O)C(F)(F)F)C(F)(F)F,578.7259936332703,0.0495814549649351,Mass-specific $c_p$
CCCCCCCCCCCCCC[P+](CCCCCC)(CCCCCC)CCCCCC||CC(=O)[O-],542.9139733314514,-0.0582269579600286,Mass-specific $c_p$
CCCCCCCCCCCCCC[P+](CCCCCC)(CCCCCC)CCCCCC||CC(CC(C)(C)C)CP(=O)([O-])CC(C)CC(C)(C)C,773.2899785041809,0.110644691668984,Mass-specific $c_p$
CCCCCCCCCCCCCC[P+](CCCCCC)(CCCCCC)CCCCCC||CCCC(=O)[O-],570.967972278595,-0.0935827777468478,Mass-specific $c_p$
CCCCCCCCCCCCCC[P+](CCCCCC)(CCCCCC)CCCCCC||CCCCCC(=O)[O-],599.0219712257385,-0.1104689976601759,Mass-specific $c_p$
CCCCCCCCCCCCCC[P+](CCCCCC)(CCCCCC)CCCCCC||CCCCCCCC(=O)[O-],627.0760297775269,-0.1420866238344761,Mass-specific $c_p$
CCCCCCCCCCCCCC[P+](CCCCCC)(CCCCCC)CCCCCC||CCCCCCCCCC(=O)[O-],655.1300287246704,-0.15164755084096,Mass-specific $c_p$
CCCCCCCCCCCCCC[P+](CCCCCC)(CCCCCC)CCCCCC||FC(F)(F)C(F)(F)[P-](F)(F)(F)(C(F)(F)C(F)(F)F)C(F)(F)C(F)(F)F,928.8740158081056,-0.1791787277766726,Mass-specific $c_p$
CCCCCCCCCCCCCC[P+](CCCCCC)(CCCCCC)CCCCCC||N#C[N-]C#N,549.9129891395569,0.0364027942461421,Mass-specific $c_p$
CCCCCCCCCCCCCC[P+](CCCCCC)(CCCCCC)CCCCCC||O=S(=O)([N-]S(=O)(=O)C(F)(F)F)C(F)(F)F,764.0169858932495,0.0810288371492765,Mass-specific $c_p$
CCCCCCCCCCCCCC[P+](CCCCCC)(CCCCCC)CCCCCC||[Cl-],519.3229913711548,0.0041701805919476,Mass-specific $c_p$
CCCCCCCCCCCCCC[n+]1ccn(C)c1||O=S(=O)([N-]S(=O)(=O)C(F)(F)F)C(F)(F)F,559.6389770507812,0.1029030909844167,Mass-specific $c_p$
CCCCCCCCCCCC[N+](CC)(CC)CC||O=S(=O)([N-]S(=O)(=O)C(F)(F)F)C(F)(F)F,550.6719946861267,0.0328239284250843,Mass-specific $c_p$
CCCCCCCCCCCC[n+]1ccn(C)c1||F[P-](F)(F)(F)(F)F,396.4000046253204,0.132117013398082,Mass-specific $c_p$
CCCCCCCCCCCC[n+]1ccn(C)c1||O=S(=O)([N-]S(=O)(=O)C(F)(F)F)C(F)(F)F,531.5849781036377,0.0870013448207283,Mass-specific $c_p$
CCCCCCCCCCCC[n+]1ccn(C)c1||[Cl-],286.89101338386536,0.2212319774457127,Mass-specific $c_p$
CCCCCCCCCCCC[n+]1ccn(CO[C@@H]2C[C@H](C)CC[C@H]2C(C)C)c1||O=S(=O)([N-]S(=O)(=O)C(F)(F)F)C(F)(F)F,685.837984085083,0.1393491994608763,Mass-specific $c_p$
CCCCCCCCCCC[n+]1ccn(CO[C@@H]2C[C@H](C)CC[C@H]2C(C)C)c1||O=S(=O)([N-]S(=O)(=O)C(F)(F)F)C(F)(F)F,671.8109846115112,0.1351703865677476,Mass-specific $c_p$
CCCCCCCCCC[n+]1ccn(C)c1||CC(=O)[O-],282.42799639701843,0.1553438989309674,Mass-specific $c_p$
CCCCCCCCCC[n+]1ccn(C)c1||F[P-](F)(F)(F)(F)F,368.3460056781769,0.1101232702005624,Mass-specific $c_p$
CCCCCCCCCC[n+]1ccn(C)c1||O=S(=O)([N-]S(=O)(=O)C(F)(F)F)C(F)(F)F,503.5309791564941,0.0567035938986569,Mass-specific $c_p$
CCCCCCCCCC[n+]1ccn(C)c1||[O-]c1ccccc1,316.48901104927063,0.1427007298620678,Mass-specific $c_p$
CCCCCCCCCC[n+]1ccn(CO[C@@H]2C[C@H](C)CC[C@H]2C(C)C)c1||O=S(=O)([N-]S(=O)(=O)C(F)(F)F)C(F)(F)F,657.7839851379395,0.1169049973514846,Mass-specific $c_p$
CCCCCCCCCCn1cc[n+](C)c1||O=C1[N-]S(=O)(=O)c2ccccc21,405.56401014328,0.1073323844005577,Mass-specific $c_p$
CCCCCCCCC[n+]1ccn(C)c1||F[P-](F)(F)(F)(F)F,354.3190062046051,0.0991973023150493,Mass-specific $c_p$
CCCCCCCCC[n+]1ccn(CO[C@@H]2C[C@H](C)CC[C@H]2C(C)C)c1||O=S(=O)([N-]S(=O)(=O)C(F)(F)F)C(F)(F)F,643.7569856643677,0.1134874731070851,Mass-specific $c_p$
CCCCCCCCCn1cc[n+](CCCCCCCCC)c1||O=S(=O)([N-]S(=O)(=O)C(F)(F)F)C(F)(F)F,601.7199754714966,0.1296777027119049,Mass-specific $c_p$
CCCCCCCC[N+](C)(CCCCCCCC)CCCCCCCC||CC(=O)[O-],427.75800824165344,0.0601573401348223,Mass-specific $c_p$
CCCCCCCC[N+](CCCCCCCC)(CCCCCCCC)CCCCCCCC||CCCCC(CC)CN(CC(CC)CCCC)C(=O)C(=O)[O-],779.3769836425781,-0.2797176798349053,Mass-specific $c_p$
CCCCCCCC[N+](CCCCCCCC)(CCCCCCCC)CCCCCCCC||CCCCCCCC/C=C\CCCCCCCC(=O)[O-],748.3630180358887,0.0304433490010729,Mass-specific $c_p$
CCCCCCCC[N+](CCCCCCCC)(CCCCCCCC)CCCCCCCC||CCCCCCCCN(CCCCCCCC)C(=O)COCC(=O)[O-],823.4300017356873,-0.0007825764680478,Mass-specific $c_p$
CCCCCCCC[n+]1cccc(C)c1||F[B-](F)(F)F,293.15701127052307,-0.0591058632497562,Mass-specific $c_p$
CCCCCCCC[n+]1ccccc1||O=S(=O)([N-]S(=O)(=O)C(F)(F)F)C(F)(F)F,472.47299551963806,-0.0207443854972238,Mass-specific $c_p$
CCCCCCCC[n+]1ccn(C)c1||F[P-](F)(F)(F)(F)F,340.2920067310333,0.0884136516926569,Mass-specific $c_p$
CCCCCCCC[n+]1ccn(C)c1||N[C@@H](CO)C(=O)[O-],299.4149923324585,0.0633995815861063,Mass-specific $c_p$
CCCCCCCC[n+]1ccn(C)c1||O=C([O-])[C@@H]1CCCN1,309.4539940357208,-0.0248502452788449,Mass-specific $c_p$
CCCCCCCC[n+]1ccn(C)c1||O=S(=O)([O-])C(F)(F)F,344.39900517463684,0.0144681515379652,Mass-specific $c_p$
CCCCCCCC[n+]1ccn(CO[C@@H]2C[C@H](C)CC[C@H]2C(C)C)c1||O=S(=O)([N-]S(=O)(=O)C(F)(F)F)C(F)(F)F,629.7299861907959,0.1073253792155322,Mass-specific $c_p$
CCCCCCCCn1cc[n+](C)c1||C[C@H](N)C(=O)[O-],283.4160029888153,0.1051675350777923,Mass-specific $c_p$
CCCCCCCCn1cc[n+](C)c1||F[B-](F)(F)F,282.1339964866638,0.0464794630554199,Mass-specific $c_p$
CCCCCCCCn1cc[n+](C)c1||NC(=O)C[C@H](N)C(=O)[O-],326.4409899711609,0.0599824937519642,Mass-specific $c_p$
CCCCCCCCn1cc[n+](C)c1||NCC(=O)[O-],269.3890035152436,-0.0037926193703003,Mass-specific $c_p$
CCCCCCCCn1cc[n+](C)c1||O=C1[N-]S(=O)(=O)c2ccccc21,377.5100111961365,0.0795794757069421,Mass-specific $c_p$
CCCCCCCCn1cc[n+](C)c1||O=S(=O)([N-]S(=O)(=O)C(F)(F)F)C(F)(F)F,475.477010011673,0.0413745815478024,Mass-specific $c_p$
CCCCCCCCn1cc[n+](C)c1||[O-]c1ccccc1,288.4350121021271,0.033336063674262,Mass-specific $c_p$
CCCCCCC[n+]1ccn(C)c1||F[P-](F)(F)(F)(F)F,326.26500725746155,0.0593558324651492,Mass-specific $c_p$
CCCCCCC[n+]1ccn(C)c1||O=S(=O)([N-]S(=O)(=O)C(F)(F)F)C(F)(F)F,461.4500105381012,0.0068765041650696,Mass-specific $c_p$
CCCCCC[N+](C)(C)CCO||[Br-],254.21199202537537,0.0505508115836006,Mass-specific $c_p$
CCCCCC[N+](CC)(CC)CC||O=S(=O)([N-]S(=O)(=O)C(F)(F)F)C(F)(F)F,466.509997844696,-0.0478288715511617,Mass-specific $c_p$
CCCCCC[n+]1ccc(N(C)C)cc1||O=S(=O)([N-]S(=O)(=O)C(F)(F)F)C(F)(F)F,487.4880015850067,0.0706184470846113,Mass-specific $c_p$
CCCCCC[n+]1cccc(C#N)c1||O=S(=O)([N-]S(=O)(=O)C(F)(F)F)C(F)(F)F,469.42898631095886,0.0101387768581921,Mass-specific $c_p$
CCCCCC[n+]1cccc(C)c1||[Br-],258.202999830246,0.0254779441629073,Mass-specific $c_p$
CCCCCC[n+]1ccccc1||F[B-](F)(F)F,251.0760128498077,0.2297412596112549,Mass-specific $c_p$
CCCCCC[n+]1ccccc1||O=S(=O)([N-]S(=O)(=O)C(F)(F)F)C(F)(F)F,444.4189965724945,0.0449055884873267,Mass-specific $c_p$
CCCCCC[n+]1ccn(C)c1C||O=S(=O)([N-]S(=O)(=O)C(F)(F)F)C(F)(F)F,461.4500105381012,0.0440208289761538,Mass-specific $c_p$
CCCCCC[n+]1ccn(C)c1||F[B-](F)(F)F,254.07999753952024,0.0004231544073755,Mass-specific $c_p$
CCCCCC[n+]1ccn(C)c1||F[P-](F)(F)(F)(F)F,312.23800778388977,-0.0126805479772588,Mass-specific $c_p$
CCCCCC[n+]1ccn(C)c1||N#C[N-]C#N,233.3189994096756,0.3155612176795614,Mass-specific $c_p$
CCCCCC[n+]1ccn(C)c1||O=S(=O)([N-]S(=O)(=O)C(F)(F)F)C(F)(F)F,447.4230110645294,0.0062652694782566,Mass-specific $c_p$
CCCCCC[n+]1ccn(C)c1||O=S(=O)([O-])C(F)(F)F,316.3450062274933,-0.0140042943780474,Mass-specific $c_p$
CCCCCC[n+]1ccn(C)c1||[O-]c1ccccc1,260.3810131549835,0.1140901081294592,Mass-specific $c_p$
CCCCCC[n+]1ccn(CO[C@@H]2C[C@H](C)CC[C@H]2C(C)C)c1||O=S(=O)([N-]S(=O)(=O)C(F)(F)F)C(F)(F)F,601.6759872436523,0.0970541008296414,Mass-specific $c_p$
CCCCCCn1cc[n+](C)c1||CC(=O)[O-],226.31999850273127,0.0149907471324507,Mass-specific $c_p$
CCCCCCn1cc[n+](C)c1||FC(F)(F)C(F)(F)[P-](F)(F)(F)(C(F)(F)C(F)(F)F)C(F)(F)C(F)(F)F,612.280011177063,-0.3524427806710899,Mass-specific $c_p$
CCCCCCn1cc[n+](C)c1||O=C1O[B-]2(OC1=O)OC(=O)C(=O)O2,354.1240096092224,-0.0036426313413396,Mass-specific $c_p$
CCCCCCn1cc[n+](C)c1||O=C1[N-]S(=O)(=O)c2ccccc21,349.4560122489929,0.0651855194366187,Mass-specific $c_p$
CCCCC[n+]1ccccc1||F[P-](F)(F)(F)(F)F,295.2069938182831,-0.1282363857128441,Mass-specific $c_p$
CCCCC[n+]1ccn(CO[C@@H]2C[C@H](C)CC[C@H]2C(C)C)c1||O=S(=O)([N-]S(=O)(=O)C(F)(F)F)C(F)(F)F,587.6489877700806,0.0881705338595503,Mass-specific $c_p$
CCCCCn1cc[n+](C)c1||F[P-](F)(F)(F)(F)F,298.211008310318,0.0095663955748877,Mass-specific $c_p$
CCCCCn1cc[n+](C)c1||O=S(=O)([N-]S(=O)(=O)C(F)(F)F)C(F)(F)F,433.3960115909576,-0.0326430475581874,Mass-specific $c_p$
CCCCCn1cc[n+](CCCC)c1||O=S(=O)([N-]S(=O)(=O)C(F)(F)F)C(F)(F)F,475.477010011673,0.0183683720527667,Mass-specific $c_p$
CCCCCn1cc[n+](CCOCCOCC)c1||O=S(=O)([N-]S(=O)(=O)C(F)(F)F)C(F)(F)F,535.5290174484253,-0.0871521436447297,Mass-specific $c_p$
CCCCN1C=[NH+]c2ccccc21||O=S(=O)([N-]S(=O)(=O)C(F)(F)F)C(F)(F)F,455.4019868373871,0.0572504471767172,Mass-specific $c_p$
CCCC[N+](C)(C)CCO||[Br-],226.1579930782318,-0.0387157504351841,Mass-specific $c_p$
CCCC[N+](C)(C)C||CCCCS(=O)(=O)[O-],253.4080147743225,0.3372252621789963,Mass-specific $c_p$
CCCC[N+](C)(C)C||O=S(=O)([N-]S(=O)(=O)C(F)(F)F)C(F)(F)F,396.3750004768372,-0.1328271911309886,Mass-specific $c_p$
CCCC[N+](C)(CCCC)CCCC||C[C@@H](O)[C@H](N)C(=O)[O-],318.5020089149475,0.092607209245929,Mass-specific $c_p$
CCCC[N+](C)(CCCC)CCCC||NCCCC[C@H](N)C(=O)[O-],345.57199478149414,0.1072123257601291,Mass-specific $c_p$
CCCC[N+](C)(CCCC)CCCC||NCCS(=O)(=O)[O-],324.5309889316559,0.3194007900953853,Mass-specific $c_p$
CCCC[N+](C)(CCCC)CCCC||N[C@@H](CO)C(=O)[O-],304.47500944137573,-0.0315357132183596,Mass-specific $c_p$
CCCC[NH+](CCCC)CCCC||[Cl-],221.8160033226013,0.3683737887550372,Mass-specific $c_p$
CCCC[P+](CC)(CCCC)CCCC||CCOP(=O)([O-])OCC,384.4780027866364,-0.0637461835217538,Mass-specific $c_p$
CCCC[P+](CCCC)(CCCC)CCCC||CC(C)[C@H](N)C(=O)[O-],375.57798624038696,-0.0640877550329925,Mass-specific $c_p$
CCCC[P+](CCCC)(CCCC)CCCC||C[C@@H](O)[C@H](N)C(=O)[O-],377.5500059127808,0.2108170243837365,Mass-specific $c_p$
CCCC[P+](CCCC)(CCCC)CCCC||NCCCC[C@H](N)C(=O)[O-],404.6199917793274,0.163231182820668,Mass-specific $c_p$
CCCC[P+](CCCC)(CCCC)CCCC||N[C@@H](CO)C(=O)[O-],363.523006439209,-0.0271437034187962,Mass-specific $c_p$
CCCC[P+](CCCC)(CCCC)CCCC||N[C@@H](CS)C(=O)[O-],379.5909881591797,0.1500352707915559,Mass-specific $c_p$
CCCC[P+](CCCC)(CCCC)CCCC||O=C([O-])[C@@H]1CCCN1,373.5620081424713,0.084513741198107,Mass-specific $c_p$
CCCC[n+]1ccc(C)cc1||F[B-](F)(F)F,237.0489984750748,0.0736578268220846,Mass-specific $c_p$
CCCC[n+]1ccc(C)cc1||N#C[C-](C#N)C#N,240.3099983930588,-0.0947698856177874,Mass-specific $c_p$
CCCC[n+]1ccc(C)cc1||O=S(=O)([N-]S(=O)(=O)C(F)(F)F)C(F)(F)F,430.39199709892273,-0.008943787313342,Mass-specific $c_p$
CCCC[n+]1ccc(N(C)C)cc1||O=S(=O)([N-]S(=O)(=O)C(F)(F)F)C(F)(F)F,459.4340026378632,0.041017078027857,Mass-specific $c_p$
CCCC[n+]1cccc(C#N)c1||O=S(=O)([N-]S(=O)(=O)C(F)(F)F)C(F)(F)F,441.3749873638153,-0.0583077752355924,Mass-specific $c_p$
CCCC[n+]1cccc(C)c1||F[B-](F)(F)F,237.0489984750748,0.0720532084122124,Mass-specific $c_p$
CCCC[n+]1cccc(C)c1||N#C[N-]C#N,216.2880003452301,0.0552265029216996,Mass-specific $c_p$
CCCC[n+]1cccc(C)c1||O=S(=O)([N-]S(=O)(=O)C(F)(F)F)C(F)(F)F,430.39199709892273,-0.0482537580546968,Mass-specific $c_p$
CCCC[n+]1cccc(C)c1||O=S(=O)([O-])C(F)(F)F,299.3139922618866,-0.019760076922347,Mass-specific $c_p$
CCCC[n+]1ccccc1C||F[B-](F)(F)F,237.0489984750748,-0.0092481150445077,Mass-specific $c_p$
CCCC[n+]1ccccc1C||O=S(=O)([N-]S(=O)(=O)C(F)(F)F)C(F)(F)F,430.39199709892273,0.0342862460345356,Mass-specific $c_p$
CCCC[n+]1ccccc1||F[B-](F)(F)F,223.021999001503,0.0587491798601462,Mass-specific $c_p$
CCCC[n+]1ccccc1||O=S(=O)([N-]S(=O)(=O)C(F)(F)F)C(F)(F)F,416.36499762535095,-0.0148208288269028,Mass-specific $c_p$
CCCC[n+]1ccccc1||O=S(=O)([O-])C(F)(F)F,285.2869927883148,0.0712654253189806,Mass-specific $c_p$
CCCC[n+]1ccn(C(CC)CC)c1||O=S(=O)([N-]S(=O)(=O)C(F)(F)F)C(F)(F)F,475.477010011673,0.0293040333157609,Mass-specific $c_p$
CCCC[n+]1ccn(C)c1C||F[B-](F)(F)F,240.0529980659485,0.0210042480752202,Mass-specific $c_p$
CCCC[n+]1ccn(C)c1C||F[P-](F)(F)(F)(F)F,298.211008310318,-0.0158934191521506,Mass-specific $c_p$
CCCC[n+]1ccn(C)c1C||O=S(=O)([O-])C(F)(F)F,302.3180067539215,-0.0756540307354424,Mass-specific $c_p$
CCCC[n+]1ccn(C)c1||CC(=O)[O-],198.26599955558777,0.0206782669126552,Mass-specific $c_p$
CCCC[n+]1ccn(C)c1||CCCCC(CC)CN(CC(CC)CCCC)C(=O)C(=O)[O-],451.6960084438324,-0.1599029369069173,Mass-specific $c_p$
CCCC[n+]1ccn(C)c1||COC(=O)C(=O)[O-],242.27499961853027,-0.0474815368415543,Mass-specific $c_p$
CCCC[n+]1ccn(C)c1||Cc1ccc(S(=O)(=O)[O-])cc1,310.4189932346344,0.0162116914736926,Mass-specific $c_p$
CCCC[n+]1ccn(C)c1||F[B-](F)(F)F,226.0259985923767,-0.0462674194427346,Mass-specific $c_p$
CCCC[n+]1ccn(C)c1||F[P-](F)(F)(F)(F)F,284.1840088367462,-0.0025580560748025,Mass-specific $c_p$
CCCC[n+]1ccn(C)c1||N#C[N-]C#N,205.26500046253204,0.0750087991262482,Mass-specific $c_p$
CCCC[n+]1ccn(C)c1||N#C[S-],197.3070055246353,-0.0336933065050879,Mass-specific $c_p$
CCCC[n+]1ccn(C)c1||O=C([O-])C(F)(F)F,252.236008644104,-0.162739305152563,Mass-specific $c_p$
CCCC[n+]1ccn(C)c1||O=S(=O)([N-]S(=O)(=O)C(F)(F)F)C(F)(F)F,419.36901211738586,-0.06094196155869,Mass-specific $c_p$
CCCC[n+]1ccn(C)c1||O=S(=O)([O-])C(F)(F)F,288.29100728034973,-0.0861164759664501,Mass-specific $c_p$
CCCC[n+]1ccn(C)c1||[Br-],219.1260010004044,0.0333538349348593,Mass-specific $c_p$
CCCC[n+]1ccn(C)c1||[Cl-],174.67500269412994,0.2079194500220496,Mass-specific $c_p$
CCCC[n+]1ccn(C)c1||[I-],266.12600684165955,-0.1521132800876062,Mass-specific $c_p$
CCCC[n+]1ccn(CCC(C)C)c1||O=S(=O)([N-]S(=O)(=O)C(F)(F)F)C(F)(F)F,475.477010011673,0.0116764139385623,Mass-specific $c_p$
CCCC[n+]1ccn(CCOC)c1||O=S(=O)([N-]S(=O)(=O)C(F)(F)F)C(F)(F)F,463.4220004081726,-0.0027376391524877,Mass-specific $c_p$
CCCC[n+]1ccn(CO[C@@H]2C[C@H](C)CC[C@H]2C(C)C)c1||O=S(=O)([N-]S(=O)(=O)C(F)(F)F)C(F)(F)F,573.6219882965088,0.064834685249105,Mass-specific $c_p$
CCCCn1cc[n+](C)c1C||FC(F)(F)C(F)(F)[P-](F)(F)(F)(C(F)(F)C(F)(F)F)C(F)(F)C(F)(F)F,598.2530117034912,-0.278628024849385,Mass-specific $c_p$
CCCCn1cc[n+](C)c1||FC(F)(F)C(F)(F)[P-](F)(F)(F)(C(F)(F)C(F)(F)F)C(F)(F)C(F)(F)F,584.2260122299194,-0.329167948583428,Mass-specific $c_p$
CCCCn1cc[n+](C)c1||O=C1O[B-]2(OC1=O)OC(=O)C(=O)O2,326.07001066207886,0.008007657671519,Mass-specific $c_p$
CCCCn1cc[n+](C)c1||O=C1[N-]S(=O)(=O)c2ccccc21,321.40201330184937,0.027273306014958,Mass-specific $c_p$
CCCCn1cc[n+](C2CCCC2)c1||O=S(=O)([N-]S(=O)(=O)C(F)(F)F)C(F)(F)F,473.4610021114349,-0.0325422037206141,Mass-specific $c_p$
CCC[N+](C)(C)CCO||[Br-],212.13099360466003,0.0092668718144924,Mass-specific $c_p$
CCC[n+]1ccc(C)cc1||O=S(=O)([N-]S(=O)(=O)C(F)(F)F)C(F)(F)F,416.36499762535095,-0.0056737027041624,Mass-specific $c_p$
CCC[n+]1cccc(C)c1||O=S(=O)([N-]S(=O)(=O)C(F)(F)F)C(F)(F)F,416.36499762535095,-0.0740236651327855,Mass-specific $c_p$
CCC[n+]1ccccc1C||O=S(=O)([N-]S(=O)(=O)C(F)(F)F)C(F)(F)F,416.36499762535095,-0.0261265418109636,Mass-specific $c_p$
CCC[n+]1ccccc1||F[B-](F)(F)F,208.9949995279312,0.0720997890392252,Mass-specific $c_p$
CCC[n+]1ccccc1||F[P-](F)(F)(F)(F)F,267.1529948711395,-0.0060809241980565,Mass-specific $c_p$
CCC[n+]1ccccc1||[Br-],202.0950019359589,0.0580490558619175,Mass-specific $c_p$
CCC[n+]1ccn(C)c1||N[C@@H](CCC(=O)O)C(=O)[O-],271.3170051574707,0.0042999705438914,Mass-specific $c_p$
CCC[n+]1ccn(CO[C@@H]2C[C@H](C)CC[C@H]2C(C)C)c1||O=S(=O)([N-]S(=O)(=O)C(F)(F)F)C(F)(F)F,559.594988822937,0.0574791687085485,Mass-specific $c_p$
CCCn1cc[n+](C)c1C||O=S(=O)([N-]S(=O)(=O)C(F)(F)F)C(F)(F)F,419.36901211738586,-0.0845691248226331,Mass-specific $c_p$
CCCn1cc[n+](C)c1||F[P-](F)(F)(F)(F)F,270.15700936317444,-0.04260783828391,Mass-specific $c_p$
CCCn1cc[n+](C)c1||O=S(=O)([N-]S(=O)(=O)C(F)(F)F)C(F)(F)F,405.3420126438141,-0.1543141374447238,Mass-specific $c_p$
CCCn1cc[n+](C)c1||[Br-],205.09900152683255,0.0053830424747771,Mass-specific $c_p$
CCCn1cc[n+](CC)c1||O=S(=O)([N-]S(=O)(=O)C(F)(F)F)C(F)(F)F,419.36901211738586,-0.164590236965962,Mass-specific $c_p$
CCOC(=O)c1ccc[n+](CC)c1||CCOS(=O)(=O)[O-],305.35200238227844,0.0845383364098181,Mass-specific $c_p$
CCOCCOCC[n+]1ccn(C2CCCC2)c1||O=S(=O)([N-]S(=O)(=O)C(F)(F)F)C(F)(F)F,533.5130095481873,0.0139579511096249,Mass-specific $c_p$
CC[N+](C)(C)CCO||CS(=O)(=O)[O-],213.2990062236786,-0.0223419680889685,Mass-specific $c_p$
CC[n+]1ccc(C)cc1||O=S(=O)([N-]S(=O)(=O)C(F)(F)F)C(F)(F)F,402.3379981517792,-0.0790870709598587,Mass-specific $c_p$
CC[n+]1ccc(N(C)C)cc1||O=S(=O)([N-]S(=O)(=O)C(F)(F)F)C(F)(F)F,431.3800036907196,-0.0268388014212086,Mass-specific $c_p$
CC[n+]1cccc(C)c1||CCOS(=O)(=O)[O-],247.31600284576416,0.0189117531053756,Mass-specific $c_p$
CC[n+]1cccc(C)c1||O=S(=O)([N-]S(=O)(=O)C(F)(F)F)C(F)(F)F,402.3379981517792,-0.0910855644942872,Mass-specific $c_p$
CC[n+]1ccccc1C||O=S(=O)([N-]S(=O)(=O)C(F)(F)F)C(F)(F)F,402.3379981517792,-0.030453139541375,Mass-specific $c_p$
CC[n+]1ccccc1||F[P-](F)(F)(F)(F)F,253.12599539756772,-0.0231464798180369,Mass-specific $c_p$
CC[n+]1ccccc1||[Br-],188.06800246238708,0.0597024987803243,Mass-specific $c_p$
CC[n+]1ccn(C)c1C||O=S(=O)([N-]S(=O)(=O)C(F)(F)F)C(F)(F)F,405.3420126438141,-0.0835980324755912,Mass-specific $c_p$
CC[n+]1ccn(C)c1||CC(=O)[O-],170.2120006084442,-0.0029298191998429,Mass-specific $c_p$
CC[n+]1ccn(C)c1||CS(=O)(=O)[O-],206.26699924468997,0.0096597780447027,Mass-specific $c_p$
CC[n+]1ccn(C)c1||Cc1ccc(S(=O)(=O)[O-])cc1,282.36499428749084,0.0930454826191236,Mass-specific $c_p$
CC[n+]1ccn(C)c1||F[B-](F)(F)F,197.97199964523315,-0.1158888559606616,Mass-specific $c_p$
CC[n+]1ccn(C)c1||F[P-](F)(F)(F)(F)F,256.13000988960266,-0.2468116413735204,Mass-specific $c_p$
CC[n+]1ccn(C)c1||N#C[C-](C#N)C#N,201.2329995632172,0.0482232767800367,Mass-specific $c_p$
CC[n+]1ccn(C)c1||N#C[N-]C#N,177.2110015153885,0.0927975492138421,Mass-specific $c_p$
CC[n+]1ccn(C)c1||N#C[S-],169.25300657749176,0.0005313149646986,Mass-specific $c_p$
CC[n+]1ccn(C)c1||O=C([O-])C(F)(F)F,224.18199479579928,-0.21656019459162,Mass-specific $c_p$
CC[n+]1ccn(C)c1||O=S(=O)([N-]S(=O)(=O)C(F)(F)F)C(F)(F)F,391.3150131702423,-0.1297886262347817,Mass-specific $c_p$
CC[n+]1ccn(C)c1||O=S(=O)([O-])C(F)(F)C(F)F,292.2540009021759,0.02772439562751,Mass-specific $c_p$
CC[n+]1ccn(C)c1||O=S(=O)([O-])C(F)(F)F,260.2370083332062,-0.134135676352955,Mass-specific $c_p$
CC[n+]1ccn(C)c1||[Br-],191.0720020532608,-0.0532430334713153,Mass-specific $c_p$
CC[n+]1ccn(C)c1||[Cl-],146.6210037469864,0.271045069252685,Mass-specific $c_p$
CC[n+]1ccn(C)c1||[O-]c1ccccc1,204.2730003595352,-0.1526705903032731,Mass-specific $c_p$
CC[n+]1ccn(CO[C@@H]2C[C@H](C)CC[C@H]2C(C)C)c1||O=S(=O)([N-]S(=O)(=O)C(F)(F)F)C(F)(F)F,545.5679893493652,0.0541827820764089,Mass-specific $c_p$
CCc1cccc[n+]1CC||CCOS(=O)(=O)[O-],261.34300231933594,0.0068262072828251,Mass-specific $c_p$
CCn1cc[n+](C)c1||C[C@H](O)C(=O)[O-],200.2380043268204,0.0358169287167619,Mass-specific $c_p$
CCn1cc[n+](CC)c1||O=S(=O)([N-]S(=O)(=O)C(F)(F)F)C(F)(F)F,405.3420126438141,-0.0699037136704487,Mass-specific $c_p$
C[N+](C)(C)CCO||O=S(=O)([N-]S(=O)(=O)C(F)(F)F)C(F)(F)F,384.3199908733368,-0.1558373543184424,Mass-specific $c_p$
C[NH2+]CCO||CCC(=O)[O-],149.1899937391281,0.0070545904819139,Mass-specific $c_p$
C[NH2+]CCO||CCCC(=O)[O-],163.2169932126999,0.0282519412918337,Mass-specific $c_p$
C[NH2+]CCO||CCCCC(=O)[O-],177.24399268627167,0.0415399238161305,Mass-specific $c_p$
C[n+]1ccn(CCCCn2cc[n+](C)c2)c1||F[P-](F)(F)(F)(F)F.F[P-](F)(F)(F)(F)F,510.2440118789673,0.2260284401691528,Mass-specific $c_p$
C[n+]1ccn(CCC[N+](C)(C)C)c1||N#C[N-]C#N.N#C[N-]C#N,315.38501381874084,-0.0703803407236483,Mass-specific $c_p$
Cc1ccc[n+](CC(C)C)c1||O=S(=O)([N-]S(=O)(=O)C(F)(F)F)C(F)(F)F,430.39199709892273,0.0005374390693578,Mass-specific $c_p$
Cc1n(CCCC#N)cc[n+]1C||O=S(=O)([N-]S(=O)(=O)C(F)(F)F)C(F)(F)F,444.3790018558502,0.1319835052605475,Mass-specific $c_p$
Cn1cc[n+](C)c1||COS(=O)(=O)[O-],208.23900401592252,0.0682533056244023,Mass-specific $c_p$
Cn1cc[n+](CCO)c1||C[C@H](N)C(=O)[O-],215.25299549102783,-0.0206177454922578,Mass-specific $c_p$
Cn1cc[n+](CCO)c1||NCC(=O)[O-],201.22599601745603,-0.1667047003739347,Mass-specific $c_p$
Cn1cc[n+](CCO)c1||O=C([O-])C(F)(F)F,240.18099904060364,-0.2075266022631914,Mass-specific $c_p$
Cn1cc[n+](CCO)c1||O=C([O-])[C@@H]1CCCN1,241.29100143909452,-0.1608924399702549,Mass-specific $c_p$
Cn1cc[n+](CCO)c1||O=S(=O)([N-]S(=O)(=O)C(F)(F)F)C(F)(F)F,407.3140025138855,-0.0534594952998011,Mass-specific $c_p$
Cn1cc[n+](Cc2ccccc2)c1||N#C[N-]C#N,239.2819970846176,-0.1499283644207025,Mass-specific $c_p$
Cn1cc[n+](Cc2ccccc2)c1||O=S(=O)([N-]S(=O)(=O)C(F)(F)F)C(F)(F)F,453.3860087394714,-0.0556083892743532,Mass-specific $c_p$
[NH3+]CCO||CC(O)C(=O)[O-],151.16199851036072,-0.1710856994545828,Mass-specific $c_p$
c1c[nH+]c[nH]1||CCCCCCCC(=O)[O-],212.29299902915955,0.6495748867327354,Mass-specific $c_p$
C(C)N1C=[N+](C=C1)CC||C(C)OS(=O)(=O)[O-],250.31998753547668,0.0206090187063265,"MW-adjusted molar $C_{p,m}$"
C(C)N1C=[N+](C=C1)C||C(C)OP(=O)(OCC)[O-],264.26199078559875,0.0304945152955316,"MW-adjusted molar $C_{p,m}$"
C(C)N1C=[N+](C=C1)C||C(C)OS(=O)(=O)[O-],236.2930029630661,0.0110702649466305,"MW-adjusted molar $C_{p,m}$"
C(C)N1C=[N+](C=C1)C||COCCOCCOS(=O)(=O)[O-],310.371994972229,0.0241998279348365,"MW-adjusted molar $C_{p,m}$"
C(C)N1C=[N+](C=C1)C||COS(=O)(=O)[O-],222.26600348949432,-0.0430411722347843,"MW-adjusted molar $C_{p,m}$"
C(C)N1C=[N+](C=C1)C||S(=O)(=O)(O)[O-],208.23900401592252,-0.1304264762297968,"MW-adjusted molar $C_{p,m}$"
C(C)[N+](C)(C)CCO||C(C)OS(=O)(=O)[O-],243.32499504089355,0.0230698548910277,"MW-adjusted molar $C_{p,m}$"
C(C)[N+]1=CN(C=C1)C||C(CCCCC)OS(=O)(=O)[O-],292.400985956192,0.0893794816949848,"MW-adjusted molar $C_{p,m}$"
C(CCC)N1C=[N+](C=C1)C||C(CCCCCCC)OS(=O)(=O)[O-],348.5090136528015,0.140002612238494,"MW-adjusted molar $C_{p,m}$"
C(CCC)N1C=[N+](C=C1)C||COS(=O)(=O)[O-],250.31998753547668,-0.0846206922133756,"MW-adjusted molar $C_{p,m}$"
C(CCC)[P+](C)(CCCC)CCCC||COS(=O)(=O)[O-],328.4550011157989,0.0492332734768607,"MW-adjusted molar $C_{p,m}$"
C=CC[N+](C)(C)CCn1cc[n+](C)c1||N#C[N-]C#N.N#C[N-]C#N,327.3960053920746,0.0177852780487146,"MW-adjusted molar $C_{p,m}$"
C=C[n+]1ccn(CC[N+](C)(C)CC=C)c1||N#C[N-]C#N.N#C[N-]C#N,339.4069969654083,0.074454844580666,"MW-adjusted molar $C_{p,m}$"
C=Cn1cc[n+](CC(CBr)N=[N+]=[N-])c1||N#C[N-]C#N,323.1579959392548,-0.3778770754713076,"MW-adjusted molar $C_{p,m}$"
CC(C)[C@@H]1CC[C@@H](C)C[C@H]1OCn1cc[n+](C)c1||O=S(=O)([N-]S(=O)(=O)C(F)(F)F)C(F)(F)F,531.5409898757935,0.029544606344861,"MW-adjusted molar $C_{p,m}$"
CCCCCCCCCCCCCCCC[n+]1ccn(C)c1||O=C1[N-]S(=O)(=O)c2ccccc21,489.7260069847107,0.101636097453063,"MW-adjusted molar $C_{p,m}$"
CCCCCCCCCCCCCCCC[n+]1ccn(C)c1||[Br-],387.4500095844269,0.4521314309887785,"MW-adjusted molar $C_{p,m}$"
CCCCCCCCCCCCCCCC[n+]1ccn(C)c1||[Cl-],342.99901127815247,0.4462482843235014,"MW-adjusted molar $C_{p,m}$"
CCCCCCCCCCCCCCCCn1cc[n+](C)c1||O=S(=O)([N-]S(=O)(=O)C(F)(F)F)C(F)(F)F,587.6929759979248,0.1192154946708354,"MW-adjusted molar $C_{p,m}$"
CCCCCCCCCCCCCC[N+](CC)(CC)CC||O=S(=O)([N-]S(=O)(=O)C(F)(F)F)C(F)(F)F,578.7259936332703,0.053781610446375,"MW-adjusted molar $C_{p,m}$"
CCCCCCCCCCCCCC[P+](CCCCCC)(CCCCCC)CCCCCC||CC(=O)[O-],542.9139733314514,-0.0561435393750278,"MW-adjusted molar $C_{p,m}$"
CCCCCCCCCCCCCC[P+](CCCCCC)(CCCCCC)CCCCCC||CC(CC(C)(C)C)CP(=O)([O-])CC(C)CC(C)(C)C,773.2899785041809,0.1164116672371058,"MW-adjusted molar $C_{p,m}$"
CCCCCCCCCCCCCC[P+](CCCCCC)(CCCCCC)CCCCCC||CCCC(=O)[O-],570.967972278595,-0.090422766592507,"MW-adjusted molar $C_{p,m}$"
CCCCCCCCCCCCCC[P+](CCCCCC)(CCCCCC)CCCCCC||CCCCCC(=O)[O-],599.0219712257385,-0.1062994205818892,"MW-adjusted molar $C_{p,m}$"
CCCCCCCCCCCCCC[P+](CCCCCC)(CCCCCC)CCCCCC||CCCCCCCC(=O)[O-],627.0760297775269,-0.1369499895917334,"MW-adjusted molar $C_{p,m}$"
CCCCCCCCCCCCCC[P+](CCCCCC)(CCCCCC)CCCCCC||CCCCCCCCCC(=O)[O-],655.1300287246704,-0.1455851364082332,"MW-adjusted molar $C_{p,m}$"
CCCCCCCCCCCCCC[P+](CCCCCC)(CCCCCC)CCCCCC||FC(F)(F)C(F)(F)[P-](F)(F)(F)(C(F)(F)C(F)(F)F)C(F)(F)C(F)(F)F,928.8740158081056,-0.1692619001241273,"MW-adjusted molar $C_{p,m}$"
CCCCCCCCCCCCCC[P+](CCCCCC)(CCCCCC)CCCCCC||N#C[N-]C#N,549.9129891395569,0.0351393892647386,"MW-adjusted molar $C_{p,m}$"
CCCCCCCCCCCCCC[P+](CCCCCC)(CCCCCC)CCCCCC||O=S(=O)([N-]S(=O)(=O)C(F)(F)F)C(F)(F)F,764.0169858932495,0.0769987639450495,"MW-adjusted molar $C_{p,m}$"
CCCCCCCCCCCCCC[P+](CCCCCC)(CCCCCC)CCCCCC||[Cl-],519.3229913711548,0.0074182155076192,"MW-adjusted molar $C_{p,m}$"
CCCCCCCCCCCCCC[n+]1ccn(C)c1||O=S(=O)([N-]S(=O)(=O)C(F)(F)F)C(F)(F)F,559.6389770507812,0.1063901305505181,"MW-adjusted molar $C_{p,m}$"
CCCCCCCCCCCC[N+](CC)(CC)CC||O=S(=O)([N-]S(=O)(=O)C(F)(F)F)C(F)(F)F,550.6719946861267,0.0359679565450514,"MW-adjusted molar $C_{p,m}$"
CCCCCCCCCCCC[n+]1ccn(C)c1||F[P-](F)(F)(F)(F)F,396.4000046253204,0.1382610375403556,"MW-adjusted molar $C_{p,m}$"
CCCCCCCCCCCC[n+]1ccn(C)c1||O=S(=O)([N-]S(=O)(=O)C(F)(F)F)C(F)(F)F,531.5849781036377,0.0893975468917989,"MW-adjusted molar $C_{p,m}$"
CCCCCCCCCCCC[n+]1ccn(C)c1||[Cl-],286.89101338386536,0.2261733612096543,"MW-adjusted molar $C_{p,m}$"
CCCCCCCCCCCC[n+]1ccn(CO[C@@H]2C[C@H](C)CC[C@H]2C(C)C)c1||O=S(=O)([N-]S(=O)(=O)C(F)(F)F)C(F)(F)F,685.837984085083,0.1471335087490484,"MW-adjusted molar $C_{p,m}$"
CCCCCCCCCCC[n+]1ccn(CO[C@@H]2C[C@H](C)CC[C@H]2C(C)C)c1||O=S(=O)([N-]S(=O)(=O)C(F)(F)F)C(F)(F)F,671.8109846115112,0.1425278464870283,"MW-adjusted molar $C_{p,m}$"
CCCCCCCCCC[n+]1ccn(C)c1||CC(=O)[O-],282.42799639701843,0.1579187368237242,"MW-adjusted molar $C_{p,m}$"
CCCCCCCCCC[n+]1ccn(C)c1||F[P-](F)(F)(F)(F)F,368.3460056781769,0.1147080163244984,"MW-adjusted molar $C_{p,m}$"
CCCCCCCCCC[n+]1ccn(C)c1||O=S(=O)([N-]S(=O)(=O)C(F)(F)F)C(F)(F)F,503.5309791564941,0.0579597008765828,"MW-adjusted molar $C_{p,m}$"
CCCCCCCCCC[n+]1ccn(C)c1||[O-]c1ccccc1,316.48901104927063,0.1438537339417021,"MW-adjusted molar $C_{p,m}$"
CCCCCCCCCC[n+]1ccn(CO[C@@H]2C[C@H](C)CC[C@H]2C(C)C)c1||O=S(=O)([N-]S(=O)(=O)C(F)(F)F)C(F)(F)F,657.7839851379395,0.1238284122074411,"MW-adjusted molar $C_{p,m}$"
CCCCCCCCCCn1cc[n+](C)c1||O=C1[N-]S(=O)(=O)c2ccccc21,405.56401014328,0.1137261520329753,"MW-adjusted molar $C_{p,m}$"
CCCCCCCCC[n+]1ccn(C)c1||F[P-](F)(F)(F)(F)F,354.3190062046051,0.10422169483346,"MW-adjusted molar $C_{p,m}$"
CCCCCCCCC[n+]1ccn(CO[C@@H]2C[C@H](C)CC[C@H]2C(C)C)c1||O=S(=O)([N-]S(=O)(=O)C(F)(F)F)C(F)(F)F,643.7569856643677,0.1199364674322374,"MW-adjusted molar $C_{p,m}$"
CCCCCCCCCn1cc[n+](CCCCCCCCC)c1||O=S(=O)([N-]S(=O)(=O)C(F)(F)F)C(F)(F)F,601.7199754714966,0.1347455608644816,"MW-adjusted molar $C_{p,m}$"
CCCCCCCC[N+](C)(CCCCCCCC)CCCCCCCC||CC(=O)[O-],427.75800824165344,0.071478214250916,"MW-adjusted molar $C_{p,m}$"
CCCCCCCC[N+](CCCCCCCC)(CCCCCCCC)CCCCCCCC||CCCCC(CC)CN(CC(CC)CCCC)C(=O)C(=O)[O-],779.3769836425781,-0.255516888607779,"MW-adjusted molar $C_{p,m}$"
CCCCCCCC[N+](CCCCCCCC)(CCCCCCCC)CCCCCCCC||CCCCCCCC/C=C\CCCCCCCC(=O)[O-],748.3630180358887,0.053597063811706,"MW-adjusted molar $C_{p,m}$"
CCCCCCCC[N+](CCCCCCCC)(CCCCCCCC)CCCCCCCC||CCCCCCCCN(CCCCCCCC)C(=O)COCC(=O)[O-],823.4300017356873,0.0246018898115192,"MW-adjusted molar $C_{p,m}$"
CCCCCCCC[n+]1cccc(C)c1||F[B-](F)(F)F,293.15701127052307,-0.0538142782162598,"MW-adjusted molar $C_{p,m}$"
CCCCCCCC[n+]1ccccc1||O=S(=O)([N-]S(=O)(=O)C(F)(F)F)C(F)(F)F,472.47299551963806,-0.0189935729510311,"MW-adjusted molar $C_{p,m}$"
CCCCCCCC[n+]1ccn(C)c1||F[P-](F)(F)(F)(F)F,340.2920067310333,0.091448702415235,"MW-adjusted molar $C_{p,m}$"
CCCCCCCC[n+]1ccn(C)c1||N[C@@H](CO)C(=O)[O-],299.4149923324585,0.0672108291689177,"MW-adjusted molar $C_{p,m}$"
CCCCCCCC[n+]1ccn(C)c1||O=C([O-])[C@@H]1CCCN1,309.4539940357208,-0.0203409668438747,"MW-adjusted molar $C_{p,m}$"
CCCCCCCC[n+]1ccn(C)c1||O=S(=O)([O-])C(F)(F)F,344.39900517463684,0.0203834408353085,"MW-adjusted molar $C_{p,m}$"
CCCCCCCC[n+]1ccn(CO[C@@H]2C[C@H](C)CC[C@H]2C(C)C)c1||O=S(=O)([N-]S(=O)(=O)C(F)(F)F)C(F)(F)F,629.7299861907959,0.113322438850381,"MW-adjusted molar $C_{p,m}$"
CCCCCCCCn1cc[n+](C)c1||C[C@H](N)C(=O)[O-],283.4160029888153,0.1078638817758896,"MW-adjusted molar $C_{p,m}$"
CCCCCCCCn1cc[n+](C)c1||F[B-](F)(F)F,282.1339964866638,0.0492403779974295,"MW-adjusted molar $C_{p,m}$"
CCCCCCCCn1cc[n+](C)c1||NC(=O)C[C@H](N)C(=O)[O-],326.4409899711609,0.0656185937712745,"MW-adjusted molar $C_{p,m}$"
CCCCCCCCn1cc[n+](C)c1||NCC(=O)[O-],269.3890035152436,-0.0022006545085693,"MW-adjusted molar $C_{p,m}$"
CCCCCCCCn1cc[n+](C)c1||O=C1[N-]S(=O)(=O)c2ccccc21,377.5100111961365,0.084446730281372,"MW-adjusted molar $C_{p,m}$"
CCCCCCCCn1cc[n+](C)c1||O=S(=O)([N-]S(=O)(=O)C(F)(F)F)C(F)(F)F,475.477010011673,0.0414096584270993,"MW-adjusted molar $C_{p,m}$"
CCCCCCCCn1cc[n+](C)c1||[O-]c1ccccc1,288.4350121021271,0.0325114697952448,"MW-adjusted molar $C_{p,m}$"
CCCCCCC[n+]1ccn(C)c1||F[P-](F)(F)(F)(F)F,326.26500725746155,0.0621278691506796,"MW-adjusted molar $C_{p,m}$"
CCCCCCC[n+]1ccn(C)c1||O=S(=O)([N-]S(=O)(=O)C(F)(F)F)C(F)(F)F,461.4500105381012,0.0062802427034291,"MW-adjusted molar $C_{p,m}$"
CCCCCC[N+](C)(C)CCO||[Br-],254.21199202537537,0.052966696732374,"MW-adjusted molar $C_{p,m}$"
CCCCCC[N+](CC)(CC)CC||O=S(=O)([N-]S(=O)(=O)C(F)(F)F)C(F)(F)F,466.509997844696,-0.0482049551896657,"MW-adjusted molar $C_{p,m}$"
CCCCCC[n+]1ccc(N(C)C)cc1||O=S(=O)([N-]S(=O)(=O)C(F)(F)F)C(F)(F)F,487.4880015850067,0.0731081931973101,"MW-adjusted molar $C_{p,m}$"
CCCCCC[n+]1cccc(C#N)c1||O=S(=O)([N-]S(=O)(=O)C(F)(F)F)C(F)(F)F,469.42898631095886,0.0116828538545052,"MW-adjusted molar $C_{p,m}$"
CCCCCC[n+]1cccc(C)c1||[Br-],258.202999830246,0.0298991388369547,"MW-adjusted molar $C_{p,m}$"
CCCCCC[n+]1ccccc1||F[B-](F)(F)F,251.0760128498077,0.2328927286867079,"MW-adjusted molar $C_{p,m}$"
CCCCCC[n+]1ccccc1||O=S(=O)([N-]S(=O)(=O)C(F)(F)F)C(F)(F)F,444.4189965724945,0.0465621176763466,"MW-adjusted molar $C_{p,m}$"
CCCCCC[n+]1ccn(C)c1C||O=S(=O)([N-]S(=O)(=O)C(F)(F)F)C(F)(F)F,461.4500105381012,0.0434222274749975,"MW-adjusted molar $C_{p,m}$"
CCCCCC[n+]1ccn(C)c1||F[B-](F)(F)F,254.07999753952024,0.0011891129570331,"MW-adjusted molar $C_{p,m}$"
CCCCCC[n+]1ccn(C)c1||F[P-](F)(F)(F)(F)F,312.23800778388977,-0.0115410358176486,"MW-adjusted molar $C_{p,m}$"
CCCCCC[n+]1ccn(C)c1||N#C[N-]C#N,233.3189994096756,0.3102658105005678,"MW-adjusted molar $C_{p,m}$"
CCCCCC[n+]1ccn(C)c1||O=S(=O)([N-]S(=O)(=O)C(F)(F)F)C(F)(F)F,447.4230110645294,0.0051394035868206,"MW-adjusted molar $C_{p,m}$"
CCCCCC[n+]1ccn(C)c1||O=S(=O)([O-])C(F)(F)F,316.3450062274933,-0.0100966069204053,"MW-adjusted molar $C_{p,m}$"
CCCCCC[n+]1ccn(C)c1||[O-]c1ccccc1,260.3810131549835,0.1111094164694339,"MW-adjusted molar $C_{p,m}$"
CCCCCC[n+]1ccn(CO[C@@H]2C[C@H](C)CC[C@H]2C(C)C)c1||O=S(=O)([N-]S(=O)(=O)C(F)(F)F)C(F)(F)F,601.6759872436523,0.1020673022178364,"MW-adjusted molar $C_{p,m}$"
CCCCCCn1cc[n+](C)c1||CC(=O)[O-],226.31999850273127,0.0140971287808855,"MW-adjusted molar $C_{p,m}$"
CCCCCCn1cc[n+](C)c1||FC(F)(F)C(F)(F)[P-](F)(F)(F)(C(F)(F)C(F)(F)F)C(F)(F)C(F)(F)F,612.280011177063,-0.337325629747756,"MW-adjusted molar $C_{p,m}$"
CCCCCCn1cc[n+](C)c1||O=C1O[B-]2(OC1=O)OC(=O)C(=O)O2,354.1240096092224,-9.423197255875591e-05,"MW-adjusted molar $C_{p,m}$"
CCCCCCn1cc[n+](C)c1||O=C1[N-]S(=O)(=O)c2ccccc21,349.4560122489929,0.0684434954720414,"MW-adjusted molar $C_{p,m}$"
CCCCC[n+]1ccccc1||F[P-](F)(F)(F)(F)F,295.2069938182831,-0.1252995901095053,"MW-adjusted molar $C_{p,m}$"
CCCCC[n+]1ccn(CO[C@@H]2C[C@H](C)CC[C@H]2C(C)C)c1||O=S(=O)([N-]S(=O)(=O)C(F)(F)F)C(F)(F)F,587.6489877700806,0.09272105294938,"MW-adjusted molar $C_{p,m}$"
CCCCCn1cc[n+](C)c1||F[P-](F)(F)(F)(F)F,298.211008310318,0.0104207643460592,"MW-adjusted molar $C_{p,m}$"
CCCCCn1cc[n+](C)c1||O=S(=O)([N-]S(=O)(=O)C(F)(F)F)C(F)(F)F,433.3960115909576,-0.0345638633938163,"MW-adjusted molar $C_{p,m}$"
CCCCCn1cc[n+](CCCC)c1||O=S(=O)([N-]S(=O)(=O)C(F)(F)F)C(F)(F)F,475.477010011673,0.0184183683661993,"MW-adjusted molar $C_{p,m}$"
CCCCCn1cc[n+](CCOCCOCC)c1||O=S(=O)([N-]S(=O)(=O)C(F)(F)F)C(F)(F)F,535.5290174484253,-0.0845788716920568,"MW-adjusted molar $C_{p,m}$"
CCCCN1C=[NH+]c2ccccc21||O=S(=O)([N-]S(=O)(=O)C(F)(F)F)C(F)(F)F,455.4019868373871,0.0563856863806719,"MW-adjusted molar $C_{p,m}$"
CCCC[N+](C)(C)CCO||[Br-],226.1579930782318,-0.0386442301159699,"MW-adjusted molar $C_{p,m}$"
CCCC[N+](C)(C)C||CCCCS(=O)(=O)[O-],253.4080147743225,0.3365245991300654,"MW-adjusted molar $C_{p,m}$"
CCCC[N+](C)(C)C||O=S(=O)([N-]S(=O)(=O)C(F)(F)F)C(F)(F)F,396.3750004768372,-0.1366839911006652,"MW-adjusted molar $C_{p,m}$"
CCCC[N+](C)(CCCC)CCCC||C[C@@H](O)[C@H](N)C(=O)[O-],318.5020089149475,0.0976615592728116,"MW-adjusted molar $C_{p,m}$"
CCCC[N+](C)(CCCC)CCCC||NCCCC[C@H](N)C(=O)[O-],345.57199478149414,0.1140285760330486,"MW-adjusted molar $C_{p,m}$"
CCCC[N+](C)(CCCC)CCCC||NCCS(=O)(=O)[O-],324.5309889316559,0.3238277325430188,"MW-adjusted molar $C_{p,m}$"
CCCC[N+](C)(CCCC)CCCC||N[C@@H](CO)C(=O)[O-],304.47500944137573,-0.0273954821998589,"MW-adjusted molar $C_{p,m}$"
CCCC[NH+](CCCC)CCCC||[Cl-],221.8160033226013,0.3677811311849859,"MW-adjusted molar $C_{p,m}$"
CCCC[P+](CC)(CCCC)CCCC||CCOP(=O)([O-])OCC,384.4780027866364,-0.0692729309699471,"MW-adjusted molar $C_{p,m}$"
CCCC[P+](CCCC)(CCCC)CCCC||CC(C)[C@H](N)C(=O)[O-],375.57798624038696,-0.0697923965992388,"MW-adjusted molar $C_{p,m}$"
CCCC[P+](CCCC)(CCCC)CCCC||C[C@@H](O)[C@H](N)C(=O)[O-],377.5500059127808,0.2052229798500375,"MW-adjusted molar $C_{p,m}$"
CCCC[P+](CCCC)(CCCC)CCCC||NCCCC[C@H](N)C(=O)[O-],404.6199917793274,0.159113611835632,"MW-adjusted molar $C_{p,m}$"
CCCC[P+](CCCC)(CCCC)CCCC||N[C@@H](CO)C(=O)[O-],363.523006439209,-0.0335104836159141,"MW-adjusted molar $C_{p,m}$"
CCCC[P+](CCCC)(CCCC)CCCC||N[C@@H](CS)C(=O)[O-],379.5909881591797,0.1445488395553278,"MW-adjusted molar $C_{p,m}$"
CCCC[P+](CCCC)(CCCC)CCCC||O=C([O-])[C@@H]1CCCN1,373.5620081424713,0.0787059942346735,"MW-adjusted molar $C_{p,m}$"
CCCC[n+]1ccc(C)cc1||F[B-](F)(F)F,237.0489984750748,0.0743783345251225,"MW-adjusted molar $C_{p,m}$"
CCCC[n+]1ccc(C)cc1||N#C[C-](C#N)C#N,240.3099983930588,-0.0973537133461359,"MW-adjusted molar $C_{p,m}$"
CCCC[n+]1ccc(C)cc1||O=S(=O)([N-]S(=O)(=O)C(F)(F)F)C(F)(F)F,430.39199709892273,-0.0092362066855291,"MW-adjusted molar $C_{p,m}$"
CCCC[n+]1ccc(N(C)C)cc1||O=S(=O)([N-]S(=O)(=O)C(F)(F)F)C(F)(F)F,459.4340026378632,0.0421046532984688,"MW-adjusted molar $C_{p,m}$"
CCCC[n+]1cccc(C#N)c1||O=S(=O)([N-]S(=O)(=O)C(F)(F)F)C(F)(F)F,441.3749873638153,-0.0580611794146124,"MW-adjusted molar $C_{p,m}$"
CCCC[n+]1cccc(C)c1||F[B-](F)(F)F,237.0489984750748,0.0727972053279284,"MW-adjusted molar $C_{p,m}$"
CCCC[n+]1cccc(C)c1||N#C[N-]C#N,216.2880003452301,0.05013084441899,"MW-adjusted molar $C_{p,m}$"
CCCC[n+]1cccc(C)c1||O=S(=O)([N-]S(=O)(=O)C(F)(F)F)C(F)(F)F,430.39199709892273,-0.0485494711827878,"MW-adjusted molar $C_{p,m}$"
CCCC[n+]1cccc(C)c1||O=S(=O)([O-])C(F)(F)F,299.3139922618866,-0.0152503890792332,"MW-adjusted molar $C_{p,m}$"
CCCC[n+]1ccccc1C||F[B-](F)(F)F,237.0489984750748,-0.0085224563753025,"MW-adjusted molar $C_{p,m}$"
CCCC[n+]1ccccc1C||O=S(=O)([N-]S(=O)(=O)C(F)(F)F)C(F)(F)F,430.39199709892273,0.0339972983440866,"MW-adjusted molar $C_{p,m}$"
CCCC[n+]1ccccc1||F[B-](F)(F)F,223.021999001503,0.0581829005383571,"MW-adjusted molar $C_{p,m}$"
CCCC[n+]1ccccc1||O=S(=O)([N-]S(=O)(=O)C(F)(F)F)C(F)(F)F,416.36499762535095,-0.0156401346767047,"MW-adjusted molar $C_{p,m}$"
CCCC[n+]1ccccc1||O=S(=O)([O-])C(F)(F)F,285.2869927883148,0.0747587087872361,"MW-adjusted molar $C_{p,m}$"
CCCC[n+]1ccn(C(CC)CC)c1||O=S(=O)([N-]S(=O)(=O)C(F)(F)F)C(F)(F)F,475.477010011673,0.0293382735863474,"MW-adjusted molar $C_{p,m}$"
CCCC[n+]1ccn(C)c1C||F[B-](F)(F)F,240.0529980659485,0.0202230414018096,"MW-adjusted molar $C_{p,m}$"
CCCC[n+]1ccn(C)c1C||F[P-](F)(F)(F)(F)F,298.211008310318,-0.0157742677401913,"MW-adjusted molar $C_{p,m}$"
CCCC[n+]1ccn(C)c1C||O=S(=O)([O-])C(F)(F)F,302.3180067539215,-0.0727057374085902,"MW-adjusted molar $C_{p,m}$"
CCCC[n+]1ccn(C)c1||CC(=O)[O-],198.26599955558777,0.0158065594497665,"MW-adjusted molar $C_{p,m}$"
CCCC[n+]1ccn(C)c1||CCCCC(CC)CN(CC(CC)CCCC)C(=O)C(=O)[O-],451.6960084438324,-0.1469957356957647,"MW-adjusted molar $C_{p,m}$"
CCCC[n+]1ccn(C)c1||COC(=O)C(=O)[O-],242.27499961853027,-0.0481452948662357,"MW-adjusted molar $C_{p,m}$"
CCCC[n+]1ccn(C)c1||Cc1ccc(S(=O)(=O)[O-])cc1,310.4189932346344,0.0197237846220881,"MW-adjusted molar $C_{p,m}$"
CCCC[n+]1ccn(C)c1||F[B-](F)(F)F,226.0259985923767,-0.0483259426283879,"MW-adjusted molar $C_{p,m}$"
CCCC[n+]1ccn(C)c1||F[P-](F)(F)(F)(F)F,284.1840088367462,-0.0033188468034484,"MW-adjusted molar $C_{p,m}$"
CCCC[n+]1ccn(C)c1||N#C[N-]C#N,205.26500046253204,0.0669867030135651,"MW-adjusted molar $C_{p,m}$"
CCCC[n+]1ccn(C)c1||N#C[S-],197.3070055246353,-0.0425169976509369,"MW-adjusted molar $C_{p,m}$"
CCCC[n+]1ccn(C)c1||O=C([O-])C(F)(F)F,252.236008644104,-0.1625636710541664,"MW-adjusted molar $C_{p,m}$"
CCCC[n+]1ccn(C)c1||O=S(=O)([N-]S(=O)(=O)C(F)(F)F)C(F)(F)F,419.36901211738586,-0.0635620359944826,"MW-adjusted molar $C_{p,m}$"
CCCC[n+]1ccn(C)c1||O=S(=O)([O-])C(F)(F)F,288.29100728034973,-0.0841435494300553,"MW-adjusted molar $C_{p,m}$"
CCCC[n+]1ccn(C)c1||[Br-],219.1260010004044,0.0325544761689644,"MW-adjusted molar $C_{p,m}$"
CCCC[n+]1ccn(C)c1||[Cl-],174.67500269412994,0.2026220211165936,"MW-adjusted molar $C_{p,m}$"
CCCC[n+]1ccn(C)c1||[I-],266.12600684165955,-0.1486684142731684,"MW-adjusted molar $C_{p,m}$"
CCCC[n+]1ccn(CCC(C)C)c1||O=S(=O)([N-]S(=O)(=O)C(F)(F)F)C(F)(F)F,475.477010011673,0.0117085174601903,"MW-adjusted molar $C_{p,m}$"
CCCC[n+]1ccn(CCOC)c1||O=S(=O)([N-]S(=O)(=O)C(F)(F)F)C(F)(F)F,463.4220004081726,-0.0032362169745141,"MW-adjusted molar $C_{p,m}$"
CCCC[n+]1ccn(CO[C@@H]2C[C@H](C)CC[C@H]2C(C)C)c1||O=S(=O)([N-]S(=O)(=O)C(F)(F)F)C(F)(F)F,573.6219882965088,0.0688498937799648,"MW-adjusted molar $C_{p,m}$"
CCCCn1cc[n+](C)c1C||FC(F)(F)C(F)(F)[P-](F)(F)(F)(C(F)(F)C(F)(F)F)C(F)(F)C(F)(F)F,598.2530117034912,-0.2639464756600018,"MW-adjusted molar $C_{p,m}$"
CCCCn1cc[n+](C)c1||FC(F)(F)C(F)(F)[P-](F)(F)(F)(C(F)(F)C(F)(F)F)C(F)(F)C(F)(F)F,584.2260122299194,-0.3138021719862469,"MW-adjusted molar $C_{p,m}$"
CCCCn1cc[n+](C)c1||O=C1O[B-]2(OC1=O)OC(=O)C(=O)O2,326.07001066207886,0.0098519100774794,"MW-adjusted molar $C_{p,m}$"
CCCCn1cc[n+](C)c1||O=C1[N-]S(=O)(=O)c2ccccc21,321.40201330184937,0.0287376356029254,"MW-adjusted molar $C_{p,m}$"
CCCCn1cc[n+](C2CCCC2)c1||O=S(=O)([N-]S(=O)(=O)C(F)(F)F)C(F)(F)F,473.4610021114349,-0.032596424817902,"MW-adjusted molar $C_{p,m}$"
CCC[N+](C)(C)CCO||[Br-],212.13099360466003,0.0079633459917145,"MW-adjusted molar $C_{p,m}$"
CCC[n+]1ccc(C)cc1||O=S(=O)([N-]S(=O)(=O)C(F)(F)F)C(F)(F)F,416.36499762535095,-0.0066781438755647,"MW-adjusted molar $C_{p,m}$"
CCC[n+]1cccc(C)c1||O=S(=O)([N-]S(=O)(=O)C(F)(F)F)C(F)(F)F,416.36499762535095,-0.07501380107003,"MW-adjusted molar $C_{p,m}$"
CCC[n+]1ccccc1C||O=S(=O)([N-]S(=O)(=O)C(F)(F)F)C(F)(F)F,416.36499762535095,-0.0271302348997597,"MW-adjusted molar $C_{p,m}$"
CCC[n+]1ccccc1||F[B-](F)(F)F,208.9949995279312,0.0701710700340338,"MW-adjusted molar $C_{p,m}$"
CCC[n+]1ccccc1||F[P-](F)(F)(F)(F)F,267.1529948711395,-0.0063922075845441,"MW-adjusted molar $C_{p,m}$"
CCC[n+]1ccccc1||[Br-],202.0950019359589,0.057339759429297,"MW-adjusted molar $C_{p,m}$"
CCC[n+]1ccn(C)c1||N[C@@H](CCC(=O)O)C(=O)[O-],271.3170051574707,0.0060704462946956,"MW-adjusted molar $C_{p,m}$"
CCC[n+]1ccn(CO[C@@H]2C[C@H](C)CC[C@H]2C(C)C)c1||O=S(=O)([N-]S(=O)(=O)C(F)(F)F)C(F)(F)F,559.594988822937,0.060970363740858,"MW-adjusted molar $C_{p,m}$"
CCCn1cc[n+](C)c1C||O=S(=O)([N-]S(=O)(=O)C(F)(F)F)C(F)(F)F,419.36901211738586,-0.085727273262107,"MW-adjusted molar $C_{p,m}$"
CCCn1cc[n+](C)c1||F[P-](F)(F)(F)(F)F,270.15700936317444,-0.0445849548372363,"MW-adjusted molar $C_{p,m}$"
CCCn1cc[n+](C)c1||O=S(=O)([N-]S(=O)(=O)C(F)(F)F)C(F)(F)F,405.3420126438141,-0.1576167593550694,"MW-adjusted molar $C_{p,m}$"
CCCn1cc[n+](C)c1||[Br-],205.09900152683255,0.0032486904502588,"MW-adjusted molar $C_{p,m}$"
CCCn1cc[n+](CC)c1||O=S(=O)([N-]S(=O)(=O)C(F)(F)F)C(F)(F)F,419.36901211738586,-0.1671481575101436,"MW-adjusted molar $C_{p,m}$"
CCOC(=O)c1ccc[n+](CC)c1||CCOS(=O)(=O)[O-],305.35200238227844,0.0894745275665593,"MW-adjusted molar $C_{p,m}$"
CCOCCOCC[n+]1ccn(C2CCCC2)c1||O=S(=O)([N-]S(=O)(=O)C(F)(F)F)C(F)(F)F,533.5130095481873,0.0164474400392573,"MW-adjusted molar $C_{p,m}$"
CC[N+](C)(C)CCO||CS(=O)(=O)[O-],213.2990062236786,-0.0267149522669911,"MW-adjusted molar $C_{p,m}$"
CC[n+]1ccc(C)cc1||O=S(=O)([N-]S(=O)(=O)C(F)(F)F)C(F)(F)F,402.3379981517792,-0.0808184832282989,"MW-adjusted molar $C_{p,m}$"
CC[n+]1ccc(N(C)C)cc1||O=S(=O)([N-]S(=O)(=O)C(F)(F)F)C(F)(F)F,431.3800036907196,-0.0268853929511276,"MW-adjusted molar $C_{p,m}$"
CC[n+]1cccc(C)c1||CCOS(=O)(=O)[O-],247.31600284576416,0.0193861887983919,"MW-adjusted molar $C_{p,m}$"
CC[n+]1cccc(C)c1||O=S(=O)([N-]S(=O)(=O)C(F)(F)F)C(F)(F)F,402.3379981517792,-0.0927857334181494,"MW-adjusted molar $C_{p,m}$"
CC[n+]1ccccc1C||O=S(=O)([N-]S(=O)(=O)C(F)(F)F)C(F)(F)F,402.3379981517792,-0.0321843225950777,"MW-adjusted molar $C_{p,m}$"
CC[n+]1ccccc1||F[P-](F)(F)(F)(F)F,253.12599539756772,-0.0233485763819469,"MW-adjusted molar $C_{p,m}$"
CC[n+]1ccccc1||[Br-],188.06800246238708,0.057620575835978,"MW-adjusted molar $C_{p,m}$"
CC[n+]1ccn(C)c1C||O=S(=O)([N-]S(=O)(=O)C(F)(F)F)C(F)(F)F,405.3420126438141,-0.0869136612949259,"MW-adjusted molar $C_{p,m}$"
CC[n+]1ccn(C)c1||CC(=O)[O-],170.2120006084442,-0.010374585082312,"MW-adjusted molar $C_{p,m}$"
CC[n+]1ccn(C)c1||CS(=O)(=O)[O-],206.26699924468997,0.0045568235715656,"MW-adjusted molar $C_{p,m}$"
CC[n+]1ccn(C)c1||Cc1ccc(S(=O)(=O)[O-])cc1,282.36499428749084,0.0945664931477656,"MW-adjusted molar $C_{p,m}$"
CC[n+]1ccn(C)c1||F[B-](F)(F)F,197.97199964523315,-0.1207721992461019,"MW-adjusted molar $C_{p,m}$"
CC[n+]1ccn(C)c1||F[P-](F)(F)(F)(F)F,256.13000988960266,-0.2495866380952245,"MW-adjusted molar $C_{p,m}$"
CC[n+]1ccn(C)c1||N#C[C-](C#N)C#N,201.2329995632172,0.0400798221622826,"MW-adjusted molar $C_{p,m}$"
CC[n+]1ccn(C)c1||N#C[N-]C#N,177.2110015153885,0.081774772448802,"MW-adjusted molar $C_{p,m}$"
CC[n+]1ccn(C)c1||N#C[S-],169.25300657749176,-0.011545101516722,"MW-adjusted molar $C_{p,m}$"
CC[n+]1ccn(C)c1||O=C([O-])C(F)(F)F,224.18199479579928,-0.2176569983805478,"MW-adjusted molar $C_{p,m}$"
CC[n+]1ccn(C)c1||O=S(=O)([N-]S(=O)(=O)C(F)(F)F)C(F)(F)F,391.3150131702423,-0.133829451308669,"MW-adjusted molar $C_{p,m}$"
CC[n+]1ccn(C)c1||O=S(=O)([O-])C(F)(F)C(F)F,292.2540009021759,0.0312109184985351,"MW-adjusted molar $C_{p,m}$"
CC[n+]1ccn(C)c1||O=S(=O)([O-])C(F)(F)F,260.2370083332062,-0.1343071687482933,"MW-adjusted molar $C_{p,m}$"
CC[n+]1ccn(C)c1||[Br-],191.0720020532608,-0.0569278887117801,"MW-adjusted molar $C_{p,m}$"
CC[n+]1ccn(C)c1||[Cl-],146.6210037469864,0.2630158084668199,"MW-adjusted molar $C_{p,m}$"
CC[n+]1ccn(C)c1||[O-]c1ccccc1,204.2730003595352,-0.1607965824211055,"MW-adjusted molar $C_{p,m}$"
CC[n+]1ccn(CO[C@@H]2C[C@H](C)CC[C@H]2C(C)C)c1||O=S(=O)([N-]S(=O)(=O)C(F)(F)F)C(F)(F)F,545.5679893493652,0.0571292949489024,"MW-adjusted molar $C_{p,m}$"
CCc1cccc[n+]1CC||CCOS(=O)(=O)[O-],261.34300231933594,0.0085509661147824,"MW-adjusted molar $C_{p,m}$"
CCn1cc[n+](C)c1||C[C@H](O)C(=O)[O-],200.2380043268204,0.0311164483484125,"MW-adjusted molar $C_{p,m}$"
CCn1cc[n+](CC)c1||O=S(=O)([N-]S(=O)(=O)C(F)(F)F)C(F)(F)F,405.3420126438141,-0.073197712598672,"MW-adjusted molar $C_{p,m}$"
C[N+](C)(C)CCO||O=S(=O)([N-]S(=O)(=O)C(F)(F)F)C(F)(F)F,384.3199908733368,-0.1603507042924912,"MW-adjusted molar $C_{p,m}$"
C[NH2+]CCO||CCC(=O)[O-],149.1899937391281,-0.0026970514915705,"MW-adjusted molar $C_{p,m}$"
C[NH2+]CCO||CCCC(=O)[O-],163.2169932126999,0.0204130568377105,"MW-adjusted molar $C_{p,m}$"
C[NH2+]CCO||CCCCC(=O)[O-],177.24399268627167,0.035454952426897,"MW-adjusted molar $C_{p,m}$"
C[n+]1ccn(CCCCn2cc[n+](C)c2)c1||F[P-](F)(F)(F)(F)F.F[P-](F)(F)(F)(F)F,510.2440118789673,0.2379953569183643,"MW-adjusted molar $C_{p,m}$"
C[n+]1ccn(CCC[N+](C)(C)C)c1||N#C[N-]C#N.N#C[N-]C#N,315.38501381874084,-0.0691544454118586,"MW-adjusted molar $C_{p,m}$"
Cc1ccc[n+](CC(C)C)c1||O=S(=O)([N-]S(=O)(=O)C(F)(F)F)C(F)(F)F,430.39199709892273,0.0002858062088719,"MW-adjusted molar $C_{p,m}$"
Cc1n(CCCC#N)cc[n+]1C||O=S(=O)([N-]S(=O)(=O)C(F)(F)F)C(F)(F)F,444.3790018558502,0.1306357975654144,"MW-adjusted molar $C_{p,m}$"
Cn1cc[n+](C)c1||COS(=O)(=O)[O-],208.23900401592252,0.063363120997117,"MW-adjusted molar $C_{p,m}$"
Cn1cc[n+](CCO)c1||C[C@H](N)C(=O)[O-],215.25299549102783,-0.0225769543239566,"MW-adjusted molar $C_{p,m}$"
Cn1cc[n+](CCO)c1||NCC(=O)[O-],201.22599601745603,-0.1700722468391005,"MW-adjusted molar $C_{p,m}$"
Cn1cc[n+](CCO)c1||O=C([O-])C(F)(F)F,240.18099904060364,-0.2083338839487982,"MW-adjusted molar $C_{p,m}$"
Cn1cc[n+](CCO)c1||O=C([O-])[C@@H]1CCCN1,241.29100143909452,-0.1604253426216528,"MW-adjusted molar $C_{p,m}$"
Cn1cc[n+](CCO)c1||O=S(=O)([N-]S(=O)(=O)C(F)(F)F)C(F)(F)F,407.3140025138855,-0.0565822829281716,"MW-adjusted molar $C_{p,m}$"
Cn1cc[n+](Cc2ccccc2)c1||N#C[N-]C#N,239.2819970846176,-0.1544084855130876,"MW-adjusted molar $C_{p,m}$"
Cn1cc[n+](Cc2ccccc2)c1||O=S(=O)([N-]S(=O)(=O)C(F)(F)F)C(F)(F)F,453.3860087394714,-0.0565023066370207,"MW-adjusted molar $C_{p,m}$"
[NH3+]CCO||CC(O)C(=O)[O-],151.16199851036072,-0.1817596967956691,"MW-adjusted molar $C_{p,m}$"
c1c[nH+]c[nH]1||CCCCCCCC(=O)[O-],212.29299902915955,0.6461495858535522,"MW-adjusted molar $C_{p,m}$"
