panel,feature_group,feature_type,feature,feature_pretty,plot_order_top_to_bottom,plot_order_bottom_to_top,plot_y_base,plot_y_offset,plot_y,property,property_short,importance,normalized_importance,mean_normalized_importance,n_labels,marker,color,mean_bar_color
J,atom-node,atom-node category,H-bond atoms,H-bond atoms,6,1,0,-0.22,-0.22,Density,Density,0.0832355510780001,0.0493899957439783,0.036168646592124536,321,o,#1F4E79,#D7E6F5
J,atom-node,atom-node category,H-bond atoms,H-bond atoms,6,1,0,-0.132,-0.132,ElectricalConductivity,EC,0.0675259633040106,0.038428339958866,0.036168646592124536,185,s,#2C7FB8,#D7E6F5
J,atom-node,atom-node category,H-bond atoms,H-bond atoms,6,1,0,-0.04400000000000001,-0.04400000000000001,HeatCapacity,HC,0.0530361846613232,0.0299387392545371,0.036168646592124536,192,^,#41B6C4,#D7E6F5
J,atom-node,atom-node category,H-bond atoms,H-bond atoms,6,1,0,0.04400000000000001,0.04400000000000001,SurfaceTension,ST,0.0502779707312583,0.0271485508237553,0.036168646592124536,128,D,#7FCDBB,#D7E6F5
J,atom-node,atom-node category,H-bond atoms,H-bond atoms,6,1,0,0.13199999999999998,0.13199999999999998,ThermalConductivity,TC,0.0523552243272221,0.0313156568809591,0.036168646592124536,123,P,#A6BDDB,#D7E6F5
J,atom-node,atom-node category,H-bond atoms,H-bond atoms,6,1,0,0.22,0.22,Viscosity,Visc.,0.0692703530137792,0.0407905968906514,0.036168646592124536,273,X,#08519C,#D7E6F5
J,atom-node,atom-node category,halogen/F atoms,halogen/F atoms,5,2,1,-0.22,0.78,Density,Density,0.1158598650745885,0.0687484875010852,0.07632412380356013,321,o,#1F4E79,#D7E6F5
J,atom-node,atom-node category,halogen/F atoms,halogen/F atoms,5,2,1,-0.132,0.868,ElectricalConductivity,EC,0.1357408921058113,0.0772487631857607,0.07632412380356013,185,s,#2C7FB8,#D7E6F5
J,atom-node,atom-node category,halogen/F atoms,halogen/F atoms,5,2,1,-0.04400000000000001,0.956,HeatCapacity,HC,0.1290374462647984,0.0728411834762014,0.07632412380356013,192,^,#41B6C4,#D7E6F5
J,atom-node,atom-node category,halogen/F atoms,halogen/F atoms,5,2,1,0.04400000000000001,1.044,SurfaceTension,ST,0.1759041287004947,0.0949827948239917,0.07632412380356013,128,D,#7FCDBB,#D7E6F5
J,atom-node,atom-node category,halogen/F atoms,halogen/F atoms,5,2,1,0.13199999999999998,1.132,ThermalConductivity,TC,0.127773989264558,0.0764264972128056,0.07632412380356013,123,P,#A6BDDB,#D7E6F5
J,atom-node,atom-node category,halogen/F atoms,halogen/F atoms,5,2,1,0.22,1.22,Viscosity,Visc.,0.1149626775975629,0.0676970166215162,0.07632412380356013,273,X,#08519C,#D7E6F5
J,atom-node,atom-node category,charged atoms,charged atoms,4,3,2,-0.22,1.78,Density,Density,0.24259443743578,0.1439497675847414,0.15128223493602486,321,o,#1F4E79,#D7E6F5
J,atom-node,atom-node category,charged atoms,charged atoms,4,3,2,-0.132,1.8679999999999999,ElectricalConductivity,EC,0.256706280885516,0.1460889374807167,0.15128223493602486,185,s,#2C7FB8,#D7E6F5
J,atom-node,atom-node category,charged atoms,charged atoms,4,3,2,-0.04400000000000001,1.956,HeatCapacity,HC,0.2614620258876433,0.1475943917911889,0.15128223493602486,192,^,#41B6C4,#D7E6F5
J,atom-node,atom-node category,charged atoms,charged atoms,4,3,2,0.04400000000000001,2.044,SurfaceTension,ST,0.2989270454272628,0.1614113689821533,0.15128223493602486,128,D,#7FCDBB,#D7E6F5
J,atom-node,atom-node category,charged atoms,charged atoms,4,3,2,0.13199999999999998,2.132,ThermalConductivity,TC,0.2704467524479075,0.1617645194545523,0.15128223493602486,123,P,#A6BDDB,#D7E6F5
J,atom-node,atom-node category,charged atoms,charged atoms,4,3,2,0.22,2.22,Viscosity,Visc.,0.2494382701077304,0.1468844243227965,0.15128223493602486,273,X,#08519C,#D7E6F5
J,atom-node,atom-node category,aromatic atoms,aromatic atoms,3,4,3,-0.22,2.78,Density,Density,0.2435816226997108,0.14453553983413,0.16056989372032215,321,o,#1F4E79,#D7E6F5
J,atom-node,atom-node category,aromatic atoms,aromatic atoms,3,4,3,-0.132,2.868,ElectricalConductivity,EC,0.2972186409541078,0.1691441101739639,0.16056989372032215,185,s,#2C7FB8,#D7E6F5
J,atom-node,atom-node category,aromatic atoms,aromatic atoms,3,4,3,-0.04400000000000001,2.956,HeatCapacity,HC,0.3279545824819554,0.1851292055595026,0.16056989372032215,192,^,#41B6C4,#D7E6F5
J,atom-node,atom-node category,aromatic atoms,aromatic atoms,3,4,3,0.04400000000000001,3.044,SurfaceTension,ST,0.3268486857414245,0.1764881920942754,0.16056989372032215,128,D,#7FCDBB,#D7E6F5
J,atom-node,atom-node category,aromatic atoms,aromatic atoms,3,4,3,0.13199999999999998,3.132,ThermalConductivity,TC,0.221278607966454,0.1323551766078626,0.16056989372032215,123,P,#A6BDDB,#D7E6F5
J,atom-node,atom-node category,aromatic atoms,aromatic atoms,3,4,3,0.22,3.22,Viscosity,Visc.,0.2645228425989221,0.1557671380521984,0.16056989372032215,273,X,#08519C,#D7E6F5
J,atom-node,atom-node category,carbon atoms,carbon atoms,2,5,4,-0.22,3.78,Density,Density,0.4937582309372328,0.2929843871844061,0.2807840325827571,321,o,#1F4E79,#D7E6F5
J,atom-node,atom-node category,carbon atoms,carbon atoms,2,5,4,-0.132,3.868,ElectricalConductivity,EC,0.4803524661507155,0.2733637102845012,0.2807840325827571,185,s,#2C7FB8,#D7E6F5
J,atom-node,atom-node category,carbon atoms,carbon atoms,2,5,4,-0.04400000000000001,3.956,HeatCapacity,HC,0.4946188924368471,0.2792106209297832,0.2807840325827571,192,^,#41B6C4,#D7E6F5
J,atom-node,atom-node category,carbon atoms,carbon atoms,2,5,4,0.04400000000000001,4.044,SurfaceTension,ST,0.4865710046142339,0.2627333095590229,0.2807840325827571,128,D,#7FCDBB,#D7E6F5
J,atom-node,atom-node category,carbon atoms,carbon atoms,2,5,4,0.13199999999999998,4.132,ThermalConductivity,TC,0.4869145578969784,0.2912421715576047,0.2807840325827571,123,P,#A6BDDB,#D7E6F5
J,atom-node,atom-node category,carbon atoms,carbon atoms,2,5,4,0.22,4.22,Viscosity,Visc.,0.4842740189243149,0.2851699959812245,0.2807840325827571,273,X,#08519C,#D7E6F5
J,atom-node,atom-node category,hetero atoms,hetero atoms,1,6,5,-0.22,4.78,Density,Density,0.5062417698055042,0.3003918221516586,0.29487106836521093,321,o,#1F4E79,#D7E6F5
J,atom-node,atom-node category,hetero atoms,hetero atoms,1,6,5,-0.132,4.868,ElectricalConductivity,EC,0.5196475420449231,0.2957261389161912,0.29487106836521093,185,s,#2C7FB8,#D7E6F5
J,atom-node,atom-node category,hetero atoms,hetero atoms,1,6,5,-0.04400000000000001,4.956,HeatCapacity,HC,0.5053811174196502,0.2852858589887867,0.29487106836521093,192,^,#41B6C4,#D7E6F5
J,atom-node,atom-node category,hetero atoms,hetero atoms,1,6,5,0.04400000000000001,5.044,SurfaceTension,ST,0.5134289748966694,0.2772357837168012,0.29487106836521093,128,D,#7FCDBB,#D7E6F5
J,atom-node,atom-node category,hetero atoms,hetero atoms,1,6,5,0.13199999999999998,5.132,ThermalConductivity,TC,0.5130854463431893,0.3068959782862154,0.29487106836521093,123,P,#A6BDDB,#D7E6F5
J,atom-node,atom-node category,hetero atoms,hetero atoms,1,6,5,0.22,5.22,Viscosity,Visc.,0.515725987734812,0.3036908281316126,0.29487106836521093,273,X,#08519C,#D7E6F5
K,cross-ion,cross-ion edge category,H-bond compatible pairs,H-bond compatible pairs,5,1,0,-0.22,-0.22,Density,Density,0.0070550104463044,0.0067629724974956,0.0030248398138061332,321,o,#1B7837,#DDEEDB
K,cross-ion,cross-ion edge category,H-bond compatible pairs,H-bond compatible pairs,5,1,0,-0.132,-0.132,ElectricalConductivity,EC,0.0044579971192261,0.0042464817840167,0.0030248398138061332,185,s,#4DAF4A,#DDEEDB
K,cross-ion,cross-ion edge category,H-bond compatible pairs,H-bond compatible pairs,5,1,0,-0.04400000000000001,-0.04400000000000001,HeatCapacity,HC,0.0022911194351014,0.0021735154715172,0.0030248398138061332,192,^,#80C67A,#DDEEDB
K,cross-ion,cross-ion edge category,H-bond compatible pairs,H-bond compatible pairs,5,1,0,0.04400000000000001,0.04400000000000001,SurfaceTension,ST,0.0009322676733773,0.0008829259345982,0.0030248398138061332,128,D,#A6D96A,#DDEEDB
K,cross-ion,cross-ion edge category,H-bond compatible pairs,H-bond compatible pairs,5,1,0,0.13199999999999998,0.13199999999999998,ThermalConductivity,TC,0.0004205754920234,0.0004033329814414,0.0030248398138061332,123,P,#35978F,#DDEEDB
K,cross-ion,cross-ion edge category,H-bond compatible pairs,H-bond compatible pairs,5,1,0,0.22,0.22,Viscosity,Visc.,0.003847601945149,0.0036798102137677,0.0030248398138061332,273,X,#006D2C,#DDEEDB
K,cross-ion,cross-ion edge category,aromatic-contact pairs,aromatic-contact pairs,4,2,1,-0.22,0.78,Density,Density,0.0109669655050815,0.0105129945102635,0.007878246932714033,321,o,#1B7837,#DDEEDB
K,cross-ion,cross-ion edge category,aromatic-contact pairs,aromatic-contact pairs,4,2,1,-0.132,0.868,ElectricalConductivity,EC,0.014312806040854,0.0136337167802391,0.007878246932714033,185,s,#4DAF4A,#DDEEDB
K,cross-ion,cross-ion edge category,aromatic-contact pairs,aromatic-contact pairs,4,2,1,-0.04400000000000001,0.956,HeatCapacity,HC,0.010982446372509,0.0104187135511338,0.007878246932714033,192,^,#80C67A,#DDEEDB
K,cross-ion,cross-ion edge category,aromatic-contact pairs,aromatic-contact pairs,4,2,1,0.04400000000000001,1.044,SurfaceTension,ST,0.0022452340926975,0.0021264015328399,0.007878246932714033,128,D,#A6D96A,#DDEEDB
K,cross-ion,cross-ion edge category,aromatic-contact pairs,aromatic-contact pairs,4,2,1,0.13199999999999998,1.132,ThermalConductivity,TC,0.0,0.0,0.007878246932714033,123,P,#35978F,#DDEEDB
K,cross-ion,cross-ion edge category,aromatic-contact pairs,aromatic-contact pairs,4,2,1,0.22,1.22,Viscosity,Visc.,0.0110599744123416,0.0105776552218079,0.007878246932714033,273,X,#006D2C,#DDEEDB
K,cross-ion,cross-ion edge category,charge-complementary pairs,charge-complementary pairs,3,3,2,-0.22,1.78,Density,Density,0.0426448714742408,0.0408796124590578,0.04611511308194342,321,o,#1B7837,#DDEEDB
K,cross-ion,cross-ion edge category,charge-complementary pairs,charge-complementary pairs,3,3,2,-0.132,1.8679999999999999,ElectricalConductivity,EC,0.0498095383817279,0.0474462615725077,0.04611511308194342,185,s,#4DAF4A,#DDEEDB
K,cross-ion,cross-ion edge category,charge-complementary pairs,charge-complementary pairs,3,3,2,-0.04400000000000001,1.956,HeatCapacity,HC,0.0541077231706973,0.0513303547769345,0.04611511308194342,192,^,#80C67A,#DDEEDB
K,cross-ion,cross-ion edge category,charge-complementary pairs,charge-complementary pairs,3,3,2,0.04400000000000001,2.044,SurfaceTension,ST,0.0558843498583883,0.0529265823938518,0.04611511308194342,128,D,#A6D96A,#DDEEDB
K,cross-ion,cross-ion edge category,charge-complementary pairs,charge-complementary pairs,3,3,2,0.13199999999999998,2.132,ThermalConductivity,TC,0.0427500653020068,0.0409974228696008,0.04611511308194342,123,P,#35978F,#DDEEDB
K,cross-ion,cross-ion edge category,charge-complementary pairs,charge-complementary pairs,3,3,2,0.22,2.22,Viscosity,Visc.,0.0450761914799064,0.0431104444197079,0.04611511308194342,273,X,#006D2C,#DDEEDB
K,cross-ion,cross-ion edge category,charge-magnitude pairs,charge-magnitude pairs,2,4,3,-0.22,2.78,Density,Density,0.044650338543724,0.0428020644155468,0.04719114983360204,321,o,#1B7837,#DDEEDB
K,cross-ion,cross-ion edge category,charge-magnitude pairs,charge-magnitude pairs,2,4,3,-0.132,2.868,ElectricalConductivity,EC,0.0527235592035828,0.0502220229755119,0.04719114983360204,185,s,#4DAF4A,#DDEEDB
K,cross-ion,cross-ion edge category,charge-magnitude pairs,charge-magnitude pairs,2,4,3,-0.04400000000000001,2.956,HeatCapacity,HC,0.0543073664448456,0.0515197502918508,0.04719114983360204,192,^,#80C67A,#DDEEDB
K,cross-ion,cross-ion edge category,charge-magnitude pairs,charge-magnitude pairs,2,4,3,0.04400000000000001,3.044,SurfaceTension,ST,0.0558843498583883,0.0529265823938518,0.04719114983360204,128,D,#A6D96A,#DDEEDB
K,cross-ion,cross-ion edge category,charge-magnitude pairs,charge-magnitude pairs,2,4,3,0.13199999999999998,3.132,ThermalConductivity,TC,0.0427500653020068,0.0409974228696008,0.04719114983360204,123,P,#35978F,#DDEEDB
K,cross-ion,cross-ion edge category,charge-magnitude pairs,charge-magnitude pairs,2,4,3,0.22,3.22,Viscosity,Visc.,0.0467163285602143,0.0446790560552502,0.04719114983360204,273,X,#006D2C,#DDEEDB
K,cross-ion,cross-ion edge category,other attended pairs,other attended pairs,1,5,4,-0.22,3.78,Density,Density,0.9378647061523248,0.8990423561176359,0.8957906503379341,321,o,#1B7837,#DDEEDB
K,cross-ion,cross-ion edge category,other attended pairs,other attended pairs,1,5,4,-0.132,3.868,ElectricalConductivity,EC,0.92850564653809,0.8844515168877243,0.8957906503379341,185,s,#4DAF4A,#DDEEDB
K,cross-ion,cross-ion edge category,other attended pairs,other attended pairs,1,5,4,-0.04400000000000001,3.956,HeatCapacity,HC,0.9324190632129707,0.8845576659085634,0.8957906503379341,192,^,#80C67A,#DDEEDB
K,cross-ion,cross-ion edge category,other attended pairs,other attended pairs,1,5,4,0.04400000000000001,4.044,SurfaceTension,ST,0.9409381449222564,0.8911375077448582,0.8957906503379341,128,D,#A6D96A,#DDEEDB
K,cross-ion,cross-ion edge category,other attended pairs,other attended pairs,1,5,4,0.13199999999999998,4.132,ThermalConductivity,TC,0.9568293574379712,0.9176018212793569,0.8957906503379341,123,P,#35978F,#DDEEDB
K,cross-ion,cross-ion edge category,other attended pairs,other attended pairs,1,5,4,0.22,4.22,Viscosity,Visc.,0.9388978343743544,0.8979530340894661,0.8957906503379341,273,X,#006D2C,#DDEEDB
L,functional-group,functional-group descriptor,Ani: hbond_donor,Ani: H-bond donor,12,1,0,-0.22,-0.22,Density,Density,0.0143565305750207,0.0144864255207948,0.021522402504741082,321,o,#542788,#E8DDF0
L,functional-group,functional-group descriptor,Ani: hbond_donor,Ani: H-bond donor,12,1,0,-0.132,-0.132,ElectricalConductivity,EC,0.0083145775630868,0.0102938267564426,0.021522402504741082,185,s,#8073AC,#E8DDF0
L,functional-group,functional-group descriptor,Ani: hbond_donor,Ani: H-bond donor,12,1,0,-0.04400000000000001,-0.04400000000000001,HeatCapacity,HC,0.0184216720517724,0.0256615918374775,0.021522402504741082,192,^,#B2ABD2,#E8DDF0
L,functional-group,functional-group descriptor,Ani: hbond_donor,Ani: H-bond donor,12,1,0,0.04400000000000001,0.04400000000000001,SurfaceTension,ST,0.024558784050896,0.0162255417587705,0.021522402504741082,128,D,#C51B7D,#E8DDF0
L,functional-group,functional-group descriptor,Ani: hbond_donor,Ani: H-bond donor,12,1,0,0.13199999999999998,0.13199999999999998,ThermalConductivity,TC,0.0125252409133969,0.0205540177620537,0.021522402504741082,123,P,#E78AC3,#E8DDF0
L,functional-group,functional-group descriptor,Ani: hbond_donor,Ani: H-bond donor,12,1,0,0.22,0.22,Viscosity,Visc.,0.0469010725554297,0.0419130113929074,0.021522402504741082,273,X,#A6611A,#E8DDF0
L,functional-group,functional-group descriptor,Ani: negative_atom_fraction,Ani: negative atom fraction,11,2,1,-0.22,0.78,Density,Density,0.0321258722784177,0.0324165405854814,0.022228441679719647,321,o,#542788,#E8DDF0
L,functional-group,functional-group descriptor,Ani: negative_atom_fraction,Ani: negative atom fraction,11,2,1,-0.132,0.868,ElectricalConductivity,EC,0.0167013092872661,0.0206769836596554,0.022228441679719647,185,s,#8073AC,#E8DDF0
L,functional-group,functional-group descriptor,Ani: negative_atom_fraction,Ani: negative atom fraction,11,2,1,-0.04400000000000001,0.956,HeatCapacity,HC,0.0127827115156833,0.0178064577726606,0.022228441679719647,192,^,#B2ABD2,#E8DDF0
L,functional-group,functional-group descriptor,Ani: negative_atom_fraction,Ani: negative atom fraction,11,2,1,0.04400000000000001,1.044,SurfaceTension,ST,0.0399024989455938,0.0263628550004456,0.022228441679719647,128,D,#C51B7D,#E8DDF0
L,functional-group,functional-group descriptor,Ani: negative_atom_fraction,Ani: negative atom fraction,11,2,1,0.13199999999999998,1.132,ThermalConductivity,TC,0.0122607988335558,0.0201200662521651,0.022228441679719647,123,P,#E78AC3,#E8DDF0
L,functional-group,functional-group descriptor,Ani: negative_atom_fraction,Ani: negative atom fraction,11,2,1,0.22,1.22,Viscosity,Visc.,0.0178904461434738,0.0159877468079098,0.022228441679719647,273,X,#A6611A,#E8DDF0
L,functional-group,functional-group descriptor,Cat: imidazolium_like,Cat: imidazolium like,10,3,2,-0.22,1.78,Density,Density,0.0148665082243465,0.0150010173433541,0.023352991631003517,321,o,#542788,#E8DDF0
L,functional-group,functional-group descriptor,Cat: imidazolium_like,Cat: imidazolium like,10,3,2,-0.132,1.8679999999999999,ElectricalConductivity,EC,0.0236592306881337,0.0292912081277094,0.023352991631003517,185,s,#8073AC,#E8DDF0
L,functional-group,functional-group descriptor,Cat: imidazolium_like,Cat: imidazolium like,10,3,2,-0.04400000000000001,1.956,HeatCapacity,HC,0.0122030865610819,0.0169990338340521,0.023352991631003517,192,^,#B2ABD2,#E8DDF0
L,functional-group,functional-group descriptor,Cat: imidazolium_like,Cat: imidazolium like,10,3,2,0.04400000000000001,2.044,SurfaceTension,ST,0.0323837929172441,0.0213953827354474,0.023352991631003517,128,D,#C51B7D,#E8DDF0
L,functional-group,functional-group descriptor,Cat: imidazolium_like,Cat: imidazolium like,10,3,2,0.13199999999999998,2.132,ThermalConductivity,TC,0.0159385766516008,0.0261553282578746,0.023352991631003517,123,P,#E78AC3,#E8DDF0
L,functional-group,functional-group descriptor,Cat: imidazolium_like,Cat: imidazolium like,10,3,2,0.22,2.22,Viscosity,Visc.,0.0349981290878448,0.0312759794875835,0.023352991631003517,273,X,#A6611A,#E8DDF0
L,functional-group,functional-group descriptor,Ani: charged_atom_fraction,Ani: charged atom fraction,9,4,3,-0.22,2.78,Density,Density,0.0249091428225842,0.0251345156408504,0.028745591519562033,321,o,#542788,#E8DDF0
L,functional-group,functional-group descriptor,Ani: charged_atom_fraction,Ani: charged atom fraction,9,4,3,-0.132,2.868,ElectricalConductivity,EC,0.0278393896372133,0.0344664358178392,0.028745591519562033,185,s,#8073AC,#E8DDF0
L,functional-group,functional-group descriptor,Ani: charged_atom_fraction,Ani: charged atom fraction,9,4,3,-0.04400000000000001,2.956,HeatCapacity,HC,0.0194067429789962,0.0270338064765363,0.028745591519562033,192,^,#B2ABD2,#E8DDF0
L,functional-group,functional-group descriptor,Ani: charged_atom_fraction,Ani: charged atom fraction,9,4,3,0.04400000000000001,3.044,SurfaceTension,ST,0.0560331175220198,0.0370200611863948,0.028745591519562033,128,D,#C51B7D,#E8DDF0
L,functional-group,functional-group descriptor,Ani: charged_atom_fraction,Ani: charged atom fraction,9,4,3,0.13199999999999998,3.132,ThermalConductivity,TC,0.020555968394236,0.0337325040222925,0.028745591519562033,123,P,#E78AC3,#E8DDF0
L,functional-group,functional-group descriptor,Ani: charged_atom_fraction,Ani: charged atom fraction,9,4,3,0.22,3.22,Viscosity,Visc.,0.016881635450526,0.015086225973459,0.028745591519562033,273,X,#A6611A,#E8DDF0
L,functional-group,functional-group descriptor,Cat: positive_atom_fraction,Cat: positive atom fraction,8,5,4,-0.22,3.78,Density,Density,0.0286484565643878,0.0289076619268878,0.030691241807040952,321,o,#542788,#E8DDF0
L,functional-group,functional-group descriptor,Cat: positive_atom_fraction,Cat: positive atom fraction,8,5,4,-0.132,3.868,ElectricalConductivity,EC,0.0308433158751073,0.0381854336920419,0.030691241807040952,185,s,#8073AC,#E8DDF0
L,functional-group,functional-group descriptor,Cat: positive_atom_fraction,Cat: positive atom fraction,8,5,4,-0.04400000000000001,3.956,HeatCapacity,HC,0.0225389998110282,0.0313970747036472,0.030691241807040952,192,^,#B2ABD2,#E8DDF0
L,functional-group,functional-group descriptor,Cat: positive_atom_fraction,Cat: positive atom fraction,8,5,4,0.04400000000000001,4.044,SurfaceTension,ST,0.0380034113768488,0.0251081623989562,0.030691241807040952,128,D,#C51B7D,#E8DDF0
L,functional-group,functional-group descriptor,Cat: positive_atom_fraction,Cat: positive atom fraction,8,5,4,0.13199999999999998,4.132,ThermalConductivity,TC,0.0145348860030462,0.0238518609854839,0.030691241807040952,123,P,#E78AC3,#E8DDF0
L,functional-group,functional-group descriptor,Cat: positive_atom_fraction,Cat: positive atom fraction,8,5,4,0.22,4.22,Viscosity,Visc.,0.0410645921704369,0.0366972571352287,0.030691241807040952,273,X,#A6611A,#E8DDF0
L,functional-group,functional-group descriptor,Cat: charged_atom_fraction,Cat: charged atom fraction,7,6,5,-0.22,4.78,Density,Density,0.0355946292978859,0.0359166822074197,0.03487691195526902,321,o,#542788,#E8DDF0
L,functional-group,functional-group descriptor,Cat: charged_atom_fraction,Cat: charged atom fraction,7,6,5,-0.132,4.868,ElectricalConductivity,EC,0.0322643071450796,0.0399446857820641,0.03487691195526902,185,s,#8073AC,#E8DDF0
L,functional-group,functional-group descriptor,Cat: charged_atom_fraction,Cat: charged atom fraction,7,6,5,-0.04400000000000001,4.956,HeatCapacity,HC,0.0268896446505095,0.0374575708294511,0.03487691195526902,192,^,#B2ABD2,#E8DDF0
L,functional-group,functional-group descriptor,Cat: charged_atom_fraction,Cat: charged atom fraction,7,6,5,0.04400000000000001,5.044,SurfaceTension,ST,0.0413089847424998,0.0272920945745028,0.03487691195526902,128,D,#C51B7D,#E8DDF0
L,functional-group,functional-group descriptor,Cat: charged_atom_fraction,Cat: charged atom fraction,7,6,5,0.13199999999999998,5.132,ThermalConductivity,TC,0.0176107050922918,0.0288993040351101,0.03487691195526902,123,P,#E78AC3,#E8DDF0
L,functional-group,functional-group descriptor,Cat: charged_atom_fraction,Cat: charged atom fraction,7,6,5,0.22,5.22,Viscosity,Visc.,0.0444819107992854,0.0397511343030663,0.03487691195526902,273,X,#A6611A,#E8DDF0
L,functional-group,functional-group descriptor,Ani: hbond_acceptor,Ani: H-bond acceptor,6,7,6,-0.22,5.78,Density,Density,0.0358671917466916,0.0361917107453911,0.04715339387653431,321,o,#542788,#E8DDF0
L,functional-group,functional-group descriptor,Ani: hbond_acceptor,Ani: H-bond acceptor,6,7,6,-0.132,5.868,ElectricalConductivity,EC,0.0414260883740073,0.0512873893692801,0.04715339387653431,185,s,#8073AC,#E8DDF0
L,functional-group,functional-group descriptor,Ani: hbond_acceptor,Ani: H-bond acceptor,6,7,6,-0.04400000000000001,5.956,HeatCapacity,HC,0.0352264352356238,0.0490708118332256,0.04715339387653431,192,^,#B2ABD2,#E8DDF0
L,functional-group,functional-group descriptor,Ani: hbond_acceptor,Ani: H-bond acceptor,6,7,6,0.04400000000000001,6.044,SurfaceTension,ST,0.0439659324474632,0.0290474915782148,0.04715339387653431,128,D,#C51B7D,#E8DDF0
L,functional-group,functional-group descriptor,Ani: hbond_acceptor,Ani: H-bond acceptor,6,7,6,0.13199999999999998,6.132,ThermalConductivity,TC,0.0237547561556585,0.0389817396194293,0.04715339387653431,123,P,#E78AC3,#E8DDF0
L,functional-group,functional-group descriptor,Ani: hbond_acceptor,Ani: H-bond acceptor,6,7,6,0.22,6.22,Viscosity,Visc.,0.0876645969001801,0.078341220113665,0.04715339387653431,273,X,#A6611A,#E8DDF0
L,functional-group,functional-group descriptor,Cat: hetero_aromatic_atom,Cat: hetero aromatic atom,5,8,7,-0.22,6.78,Density,Density,0.0263965841255084,0.0266354150077808,0.04956142227632588,321,o,#542788,#E8DDF0
L,functional-group,functional-group descriptor,Cat: hetero_aromatic_atom,Cat: hetero aromatic atom,5,8,7,-0.132,6.868,ElectricalConductivity,EC,0.0536063929163926,0.0663671626769063,0.04956142227632588,185,s,#8073AC,#E8DDF0
L,functional-group,functional-group descriptor,Cat: hetero_aromatic_atom,Cat: hetero aromatic atom,5,8,7,-0.04400000000000001,6.956,HeatCapacity,HC,0.0351697722095802,0.0489918796145582,0.04956142227632588,192,^,#B2ABD2,#E8DDF0
L,functional-group,functional-group descriptor,Cat: hetero_aromatic_atom,Cat: hetero aromatic atom,5,8,7,0.04400000000000001,7.044,SurfaceTension,ST,0.0670565236359834,0.044303025027574,0.04956142227632588,128,D,#C51B7D,#E8DDF0
L,functional-group,functional-group descriptor,Cat: hetero_aromatic_atom,Cat: hetero aromatic atom,5,8,7,0.13199999999999998,7.132,ThermalConductivity,TC,0.0288822418305932,0.0473959834943362,0.04956142227632588,123,P,#E78AC3,#E8DDF0
L,functional-group,functional-group descriptor,Cat: hetero_aromatic_atom,Cat: hetero aromatic atom,5,8,7,0.22,7.22,Viscosity,Visc.,0.0712530280535037,0.0636750678367998,0.04956142227632588,273,X,#A6611A,#E8DDF0
L,functional-group,functional-group descriptor,Pair: alkyl_chain_length_difference,Pair: alkyl chain length difference,4,9,8,-0.22,7.78,Density,Density,0.0446572327272635,0.0450612822149315,0.07258255790152231,321,o,#542788,#E8DDF0
L,functional-group,functional-group descriptor,Pair: alkyl_chain_length_difference,Pair: alkyl chain length difference,4,9,8,-0.132,7.868,ElectricalConductivity,EC,0.0612059419018191,0.0757757513982841,0.07258255790152231,185,s,#8073AC,#E8DDF0
L,functional-group,functional-group descriptor,Pair: alkyl_chain_length_difference,Pair: alkyl chain length difference,4,9,8,-0.04400000000000001,7.956,HeatCapacity,HC,0.061201611587118,0.0852545182614598,0.07258255790152231,192,^,#B2ABD2,#E8DDF0
L,functional-group,functional-group descriptor,Pair: alkyl_chain_length_difference,Pair: alkyl chain length difference,4,9,8,0.04400000000000001,8.044,SurfaceTension,ST,0.1391731635667383,0.0919491768188712,0.07258255790152231,128,D,#C51B7D,#E8DDF0
L,functional-group,functional-group descriptor,Pair: alkyl_chain_length_difference,Pair: alkyl chain length difference,4,9,8,0.13199999999999998,8.132,ThermalConductivity,TC,0.061116904364823,0.1002933154389625,0.07258255790152231,123,P,#E78AC3,#E8DDF0
L,functional-group,functional-group descriptor,Pair: alkyl_chain_length_difference,Pair: alkyl chain length difference,4,9,8,0.22,8.22,Viscosity,Visc.,0.0415838643731105,0.0371613032766247,0.07258255790152231,273,X,#A6611A,#E8DDF0
L,functional-group,functional-group descriptor,Cat: longest_aliphatic_carbon_chain,Cat: longest aliphatic carbon chain,3,10,9,-0.22,8.78,Density,Density,0.060195048441211,0.0607396809004447,0.08945169283033805,321,o,#542788,#E8DDF0
L,functional-group,functional-group descriptor,Cat: longest_aliphatic_carbon_chain,Cat: longest aliphatic carbon chain,3,10,9,-0.132,8.868,ElectricalConductivity,EC,0.0727495424493492,0.0900672560815042,0.08945169283033805,185,s,#8073AC,#E8DDF0
L,functional-group,functional-group descriptor,Cat: longest_aliphatic_carbon_chain,Cat: longest aliphatic carbon chain,3,10,9,-0.04400000000000001,8.956,HeatCapacity,HC,0.072483799556115,0.100970730225305,0.08945169283033805,192,^,#B2ABD2,#E8DDF0
L,functional-group,functional-group descriptor,Cat: longest_aliphatic_carbon_chain,Cat: longest aliphatic carbon chain,3,10,9,0.04400000000000001,9.044,SurfaceTension,ST,0.1653007301501929,0.1092111846518458,0.08945169283033805,128,D,#C51B7D,#E8DDF0
L,functional-group,functional-group descriptor,Cat: longest_aliphatic_carbon_chain,Cat: longest aliphatic carbon chain,3,10,9,0.13199999999999998,9.132,ThermalConductivity,TC,0.067841178116699,0.111327900968183,0.08945169283033805,123,P,#E78AC3,#E8DDF0
L,functional-group,functional-group descriptor,Cat: longest_aliphatic_carbon_chain,Cat: longest aliphatic carbon chain,3,10,9,0.22,9.22,Viscosity,Visc.,0.072056853468274,0.0643934041547456,0.08945169283033805,273,X,#A6611A,#E8DDF0
L,functional-group,functional-group descriptor,Pair: alkyl_chain_length_sum,Pair: alkyl chain length sum,2,11,10,-0.22,9.78,Density,Density,0.1316039101264187,0.1327946353284579,0.13668081101279103,321,o,#542788,#E8DDF0
L,functional-group,functional-group descriptor,Pair: alkyl_chain_length_sum,Pair: alkyl chain length sum,2,11,10,-0.132,9.868,ElectricalConductivity,EC,0.1153233377011241,0.1427755589821423,0.13668081101279103,185,s,#8073AC,#E8DDF0
L,functional-group,functional-group descriptor,Pair: alkyl_chain_length_sum,Pair: alkyl chain length sum,2,11,10,-0.04400000000000001,9.956,HeatCapacity,HC,0.1015331210122288,0.1414367546050381,0.13668081101279103,192,^,#B2ABD2,#E8DDF0
L,functional-group,functional-group descriptor,Pair: alkyl_chain_length_sum,Pair: alkyl chain length sum,2,11,10,0.04400000000000001,10.044,SurfaceTension,ST,0.2153783775866031,0.1422965751164774,0.13668081101279103,128,D,#C51B7D,#E8DDF0
L,functional-group,functional-group descriptor,Pair: alkyl_chain_length_sum,Pair: alkyl chain length sum,2,11,10,0.13199999999999998,10.132,ThermalConductivity,TC,0.0904674619678559,0.1484578087585013,0.13668081101279103,123,P,#E78AC3,#E8DDF0
L,functional-group,functional-group descriptor,Pair: alkyl_chain_length_sum,Pair: alkyl chain length sum,2,11,10,0.22,10.22,Viscosity,Visc.,0.1256911400364432,0.1123235332861292,0.13668081101279103,273,X,#A6611A,#E8DDF0
L,functional-group,functional-group descriptor,Cat: aromatic_atom_fraction,Cat: aromatic atom fraction,1,12,11,-0.22,10.78,Density,Density,0.2491993045324105,0.2514540087577817,0.19512346253081195,321,o,#542788,#E8DDF0
L,functional-group,functional-group descriptor,Cat: aromatic_atom_fraction,Cat: aromatic atom fraction,1,12,11,-0.132,10.868,ElectricalConductivity,EC,0.1208983515656704,0.1496776807617484,0.19512346253081195,185,s,#8073AC,#E8DDF0
L,functional-group,functional-group descriptor,Cat: aromatic_atom_fraction,Cat: aromatic atom fraction,1,12,11,-0.04400000000000001,10.956,HeatCapacity,HC,0.1507308751370904,0.2099697673589648,0.19512346253081195,192,^,#B2ABD2,#E8DDF0
L,functional-group,functional-group descriptor,Cat: aromatic_atom_fraction,Cat: aromatic atom fraction,1,12,11,0.04400000000000001,11.044,SurfaceTension,ST,0.3416614169254899,0.2257294814025201,0.19512346253081195,128,D,#C51B7D,#E8DDF0
L,functional-group,functional-group descriptor,Cat: aromatic_atom_fraction,Cat: aromatic atom fraction,1,12,11,0.13199999999999998,11.132,ThermalConductivity,TC,0.1056985861159921,0.1734522019555208,0.19512346253081195,123,P,#E78AC3,#E8DDF0
L,functional-group,functional-group descriptor,Cat: aromatic_atom_fraction,Cat: aromatic atom fraction,1,12,11,0.22,11.22,Viscosity,Visc.,0.1795536738755556,0.1604576349483359,0.19512346253081195,273,X,#A6611A,#E8DDF0
