relative_path,bytes,sha256
APPLICATION_CHAPTER_CHANGELOG.md,3863,7c5b3ef9547552de67c28db00df0142323707b2f39a23319c99c7e5c4a832767
CODE_MAP.md,2456,7ea2531c09b11f723655fd9b59a12389a4c9414d6d3318c2f73380b79c24b78e
configs/auditable_virtual_screening.yaml,1496,adb7ef84c4338917ee00660fb8f7613af772b07818310850efe2c8972617638f
configs/default.yaml,3817,66fae8bf3fcc237c24e7311f77666b33227471c9654dc0fc5e42ae593573f291
configs/protocol_stability_balanced.yaml,616,aac05a756db7c3abbaf69f663205d5518722417d4c761f167665857ccb408a2f
configs/protocol_stability_ion_family.yaml,599,7556c5a5879491ec81360f2f3058c1f1afe9df0ac28af29adbfc9ae3ea817783
configs/smoke_test.yaml,518,cee32d902e85db2828f93b1fccc2826c9c8f1d8cd9caf3dd50958de6068ddb79
README.md,21140,c6faa45e9e1bb07bba39ed3afd0d3a62ead1f6c20bff3f07b6d1c01773f0da2e
repository_audit.md,8964,f2b8331824cb27feb491c6b70522885f7903115b2c60ae957a7af582975e72e4
requirements_extra.txt,221,3916fa067f939be2d1d09c245d2e15edf3b9ed35b5061851db36e8fd3dc05607
run_all.py,5807,38f221d0fbcff3d637abb95c4d1f2e55989f77ca0c3b1fabff8504bf1ab70e78
scripts/_run_step.py,1513,2ab51bc018f79e8ebba28819a9f364d47bcc8afbfa165d51c69ae74b654a975d
scripts/assess_applicability_domain.py,176,ad25a4c05c98ab5340bf46b824218e4b7073c5855e3e9797b91db8cf23bedae1
scripts/audit_outputs.py,17728,fc40ad3bbec6397d6b05efb4077c03349020bd1b9c0147aad172234da50073b8
scripts/audit_repository.py,146,4a168e61f0bb00b22d987dab918512fbc755dc27e6065acecce42e68396e3590
scripts/audit_units.py,134,780b6340d5bfa1694d1497657dc46b5132e3ba30e66b4e94ecfecd0ac3ccbc1d
scripts/build_auditable_evidence.py,42802,83d0805df7f63570abfefb2826b1ff59eb75372f32f93e72779ebc6f16ac6db9
scripts/build_candidate_library.py,181,846ae765530dae80122b3a03295bd432f73d568fb9e3fd174ac09d23551887e0
scripts/build_protocol_stability_outputs.py,7507,123d247eae28e4c35e9f6c86f1255bc4d07d8d50f203878a2abae6eba73f101c
scripts/build_refactored_application_case.py,90173,08b78051784f623a3a6842a22812e221c88906edbe0761422eb9b828bede2d47
scripts/compute_application_proxies.py,159,748e1134635c4640cb8ba468d2895840923ea07b5777ca1851d98ea28bab93e0
scripts/package_chapter_artifacts.py,6372,0660488a5bfe147a6370f99e1fdd4aac9c6294ecd0d73505da39cb17f4d166d7
scripts/run_property_inference.py,155,cada9c7578d3d97dc0a22e48955b7fbde20aedbcd0a27ceff8a8f4055b9491d9
scripts/run_unit_tests.py,1597,d87684c3ab1ff16b603fa75522c551ff41283ff29450a6265f3ba108f250f1ac
scripts/screen_candidates.py,157,3bdc55e06cbd8c3bd1c3320f090f687c1a8591329d5fcd0492088df16df767ed
scripts/simulate_reference_cell.py,178,791348207d20aad8f20bb6e8a5bccb639c97cfebda4d360ec4fc07a49604947f
src/__init__.py,87,fd63012675fb8bcffacad13c8d397b10121a3ea16deedb6162c446dcf4267805
src/applicability_domain.py,8925,6513d4e08be6608d297e40d3c14d1a116820f68c0b89f803d3cff64f3c568b89
src/chemistry.py,19429,e650bad5a42dff455e1400cb7b81ddc86e56c2cca23a4ad75c2af226bd3a8cd3
src/config.py,7662,a98ee3dbcfe7f09e9dada2724e6c75fb6c390325183f9c4bc8d69e7aa611ef3e
src/counterfactuals.py,5078,c7f478cc826cc77d641db0a72533c7944c94e86b7ca072fc39e56453456d46e9
src/io_utils.py,2196,945c2b03d86529dc6d0a141967b23dbc5871683893f91469b0e50f670772e39b
src/model_adapter.py,25697,0d2e49800d7898b362afb142e8896e339a9b1117725c304bc02e3e53b1658104
src/pareto.py,6348,89bfbbc13e0598f2aedd35aafa45970e54e64fdb4afef4d094a8c5cf57fbbd3c
src/paths.py,2015,21a69fd0438d6bf6e8326c866e4f0b0e416dc45fcca2815afd29cdd15ee56490
src/pipeline.py,55755,2ecfc115da9c4b148bd61da3f6c8a3d50cc9fea35dd1277a7cab5a9b7921eaf5
src/plotting.py,45956,898fda0ac70405767bd98115cbc5b7fc9daf54d58b24f1bd008089ac70d488cc
src/proxies.py,13699,bde29ee671becd7abc46b9e84fa47ba8b5b9dc7f3e85045e6e2a752b68dcb2fd
src/reference_cell.py,17651,39d96057c1b0d5ef2485b195f0794ad15fd77e991c1e56544f29f3fbf47d0290
src/reporting.py,30321,6da9948852b5456cdf956957d1ac436222b7cce527e51a1ed9763c3f082c4131
src/schema.py,501,6737a13eef5d3464603a98992526867b09092100de18de6bb58dedeae69206d7
src/screening.py,18878,af6cca2543c248c9e11dd7b7f7afb1ea2c55c628a5fdba00db840d6571642bee
src/uncertainty.py,8366,f6ddd567cae88655b15973a4040be1dfc91c0429e7c676eb14dad06f923e2a87
src/units.py,5575,22bdd8db89b655a9f7d15454bbfc044818ef7ae27f2039eac24ee8b2ed64685e
tests/test_applicability_domain.py,5898,6dfd44b590b63cf213a9029a99d44c4031b7f2633e829b0a7e45e59a4e7daed6
tests/test_candidate_generation.py,4931,5fe7515eac94a382fe70c5871c48ca5a4c64e11e50d16c0ae89c1c9498bfda6b
tests/test_pareto.py,3015,10c3e5e515952505df20d8c91cce5d2a1dbdcb76c0d1c9612d5b0261be456abf
tests/test_pipeline_resume.py,1628,6876e7a819e31a70004517a59ff9b08e29f51a1f0a6c75a8b7553f8267415482
tests/test_proxies.py,6244,64b6192879110aa67823baa9ae10bdd2b056685cebda70ecf59003d35fe82f0d
tests/test_refactored_application_contract.py,4207,7b3a3d8de0b0d9cf1bf704230758f9cb9889b3d863453227e0f4f5b18bab0798
tests/test_reference_cell.py,7686,13f0add0b99bb5c7ce67951dc885f2d06d5a788b9c669121663e90872ffab969
tests/test_uncertainty.py,4218,a75902a766d7aa4e6ab0d0467357c1c9d69129ad5573ee7630ce687835e2c1ae
tests/test_units.py,2664,18767731fd022d67dfad282a3e10faa916b8117aca86291c1694be5e6dce4dbd
