sample_id,IL_Name,IL_SMILES,Temperature_K,Pressure_kPa,property,y_true,y_pred,absolute_error,split,split_strategy,split_short,panel,panel_title,plot_included
3725,1-butyl-3-methylimidazolium tris(pentafluoroethyl)trifluorophosphate,CCCCn1cc[n+](C)c1.FC(F)(F)C(F)(F)[P-](F)(F)(F)(C(F)(F)C(F)(F)F)C(F)(F)C(F)(F)F,313.0,100.0,ThermalConductivity,0.09899999,0.09900571,5.7145953e-06,test,Random point,Point,F,Thermal conductivity multi-split parity plot,True
2442,"N,N-dibutyl-N-methylbutanaminium L-serinate",CCCC[N+](C)(CCCC)CCCC.N[C@@H](CO)C(=O)[O-],303.15,101.325,ThermalConductivity,0.16800001,0.16924891,0.0012488961,test,Random point,Point,F,Thermal conductivity multi-split parity plot,True
4399,1-ethyl-3-methylimidazolium methanesulfonate,CC[n+]1ccn(C)c1.CS(=O)(=O)[O-],375.0,101.325,ThermalConductivity,0.21,0.20037346,0.009626538,test,Random point,Point,F,Thermal conductivity multi-split parity plot,True
2906,1-butyl-3-methylimidazolium tetrafluoroborate,CCCC[n+]1ccn(C)c1.F[B-](F)(F)F,350.0,101.325,ThermalConductivity,0.18299997,0.17980357,0.0031964034,test,Random point,Point,F,Thermal conductivity multi-split parity plot,True
1884,1-hexyl-3-methylimidazolium hexafluorophosphate,CCCCCC[n+]1ccn(C)c1.F[P-](F)(F)(F)(F)F,335.2,20000.0,ThermalConductivity,0.147,0.14677031,0.0002296865,test,Random point,Point,F,Thermal conductivity multi-split parity plot,True
2516,tetrabutylphosphonium L-lysinate,CCCC[P+](CCCC)(CCCC)CCCC.NCCCC[C@H](N)C(=O)[O-],303.15,101.325,ThermalConductivity,0.163,0.16336785,0.00036785007,test,Random point,Point,F,Thermal conductivity multi-split parity plot,True
4475,1-ethyl-3-methylimidazolium tetrafluoroborate,CC[n+]1ccn(C)c1.F[B-](F)(F)F,390.0,101.325,ThermalConductivity,0.188,0.18922302,0.0012230277,test,Random point,Point,F,Thermal conductivity multi-split parity plot,True
4147,"1,2-dimethyl-3-propylimidazolium bis[(trifluoromethyl)sulfonyl]imide",CCCn1cc[n+](C)c1C.O=S(=O)([N-]S(=O)(=O)C(F)(F)F)C(F)(F)F,320.0,101.325,ThermalConductivity,0.12899998,0.12974179,0.0007418096,test,Random point,Point,F,Thermal conductivity multi-split parity plot,True
3328,1-butyl-3-methylimidazolium dicyanamide,CCCC[n+]1ccn(C)c1.N#C[N-]C#N,303.15,20000.0,ThermalConductivity,0.179,0.17882995,0.00017005205,test,Random point,Point,F,Thermal conductivity multi-split parity plot,True
4513,1-ethyl-3-methyl-1H-imidazolium tricyanomethanide,CC[n+]1ccn(C)c1.N#C[C-](C#N)C#N,313.15,101.325,ThermalConductivity,0.19139999,0.1906894,0.0007105917,test,Random point,Point,F,Thermal conductivity multi-split parity plot,True
5086,1-butyl-3-methylimidazolium methylsulfate,COS(=O)(=O)[O-].C(CCC)N1C=[N+](C=C1)C,313.15,101.325,ThermalConductivity,0.176,0.1672595,0.0087405,test,Random point,Point,F,Thermal conductivity multi-split parity plot,True
4150,"1,2-dimethyl-3-propylimidazolium bis[(trifluoromethyl)sulfonyl]imide",CCCn1cc[n+](C)c1C.O=S(=O)([N-]S(=O)(=O)C(F)(F)F)C(F)(F)F,380.0,101.325,ThermalConductivity,0.126,0.12680578,0.0008057803,test,Random point,Point,F,Thermal conductivity multi-split parity plot,True
2812,1-butyl-3-methylimidazolium methyl sulfate,CCCC[n+]1ccn(C)c1.COS(=O)(=O)[O-],313.15,50000.0,ThermalConductivity,0.179,0.18031365,0.0013136417,test,Random point,Point,F,Thermal conductivity multi-split parity plot,True
964,trihexyl(tetradecyl)phosphonium chloride,CCCCCCCCCCCCCC[P+](CCCCCC)(CCCCCC)CCCCCC.[Cl-],333.0,101.325,ThermalConductivity,0.157,0.15744765,0.00044764578,test,Random point,Point,F,Thermal conductivity multi-split parity plot,True
916,trihexyl(tetradecyl)phosphonium bis[(trifluoromethyl)sulfonyl]imide,CCCCCCCCCCCCCC[P+](CCCCCC)(CCCCCC)CCCCCC.O=S(=O)([N-]S(=O)(=O)C(F)(F)F)C(F)(F)F,302.37,101.325,ThermalConductivity,0.137,0.14131102,0.004311025,test,Random point,Point,F,Thermal conductivity multi-split parity plot,True
528,"trihexyltetradecylphosphonium bis(2,4,4-trimethylpentyl)phosphinate",CC(CC(C)(C)C)CP(=O)([O-])CC(C)CC(C)(C)C.CCCCCCCCCCCCCC[P+](CCCCCC)(CCCCCC)CCCCCC,298.04,101.325,ThermalConductivity,0.135,0.133741,0.0012589991,test,Random point,Point,F,Thermal conductivity multi-split parity plot,True
4218,1-ethyl-3-methylimidazolium ethyl sulfate,CCOS(=O)(=O)[O-].CC[n+]1ccn(C)c1,352.82,101.325,ThermalConductivity,0.18299997,0.18335773,0.00035776198,test,Random point,Point,F,Thermal conductivity multi-split parity plot,True
5074,1-butyl-3-methylimidazolium methylsulfate,COS(=O)(=O)[O-].C(CCC)N1C=[N+](C=C1)C,283.15,100.0,ThermalConductivity,0.17700002,0.17988527,0.0028852522,test,Random point,Point,F,Thermal conductivity multi-split parity plot,True
1535,1-methyl-3-octylimidazolium tetracyanoborate,CCCCCCCCn1cc[n+](C)c1.N#C[B-](C#N)(C#N)C#N,293.15,101.325,ThermalConductivity,0.16939999,0.16771114,0.0016888529,test,Random point,Point,F,Thermal conductivity multi-split parity plot,True
76,1-ethyl-3-methylimidazolium ethylsulfate,C(C)OS(=O)(=O)[O-].C(C)N1C=[N+](C=C1)C,308.15,101.325,ThermalConductivity,0.17999999,0.18239553,0.0023955405,test,Random point,Point,F,Thermal conductivity multi-split parity plot,True
1124,1-decyl-3-methylimidazolium bis(trifluoromethylsulfonyl)amide,CCCCCCCCCC[n+]1ccn(C)c1.O=S(=O)([N-]S(=O)(=O)C(F)(F)F)C(F)(F)F,353.0,101.325,ThermalConductivity,0.128,0.12788184,0.00011816621,test,Random point,Point,F,Thermal conductivity multi-split parity plot,True
1538,1-methyl-3-octylimidazolium tetracyanoborate,CCCCCCCCn1cc[n+](C)c1.N#C[B-](C#N)(C#N)C#N,323.15,101.325,ThermalConductivity,0.1586,0.16185085,0.0032508522,test,Random point,Point,F,Thermal conductivity multi-split parity plot,True
2523,tetrabutylphosphonium L-prolinate,CCCC[P+](CCCC)(CCCC)CCCC.O=C([O-])[C@@H]1CCCN1,343.15,101.325,ThermalConductivity,0.149,0.14910877,0.000108763576,test,Random point,Point,F,Thermal conductivity multi-split parity plot,True
2080,1-hexyl-3-methylimidazolium chloride,CCCCCC[n+]1ccn(C)c1.[Cl-],314.3,20000.0,ThermalConductivity,0.18199998,0.18008044,0.0019195378,test,Random point,Point,F,Thermal conductivity multi-split parity plot,True
4450,1-ethyl-3-methylimidazolium tetrafluoroborate,CC[n+]1ccn(C)c1.F[B-](F)(F)F,310.0,101.325,ThermalConductivity,0.197,0.19739766,0.0003976673,test,Random point,Point,F,Thermal conductivity multi-split parity plot,True
3317,1-butyl-3-methylimidazolium dicyanamide,CCCC[n+]1ccn(C)c1.N#C[N-]C#N,283.15,30000.0,ThermalConductivity,0.18899998,0.18948592,0.00048594177,test,Random point,Point,F,Thermal conductivity multi-split parity plot,True
3463,1-butyl-3-methylimidazolium bis(trifluoromethylsulfonyl)imide,CCCC[n+]1ccn(C)c1.O=S(=O)([N-]S(=O)(=O)C(F)(F)F)C(F)(F)F,308.15,101.325,ThermalConductivity,0.13,0.12450421,0.0054957867,test,Random point,Point,F,Thermal conductivity multi-split parity plot,True
625,trihexyl(tetradecyl)phosphonium butyrate,CCCC(=O)[O-].CCCCCCCCCCCCCC[P+](CCCCCC)(CCCCCC)CCCCCC,318.11,101.325,ThermalConductivity,0.1543,0.15330392,0.000996083,test,Random point,Point,F,Thermal conductivity multi-split parity plot,True
2166,3-hexyl-1-methylimidazolium tricyanomethanide,CCCCCCn1cc[n+](C)c1.N#C[C-](C#N)C#N,293.15,101.325,ThermalConductivity,0.18149999,0.18274637,0.0012463778,test,Random point,Point,F,Thermal conductivity multi-split parity plot,True
761,trihexyl(tetradecyl)phosphonium octanoate,CCCCCCCC(=O)[O-].CCCCCCCCCCCCCC[P+](CCCCCC)(CCCCCC)CCCCCC,317.92,101.325,ThermalConductivity,0.156,0.15342139,0.0025786161,test,Random point,Point,F,Thermal conductivity multi-split parity plot,True
4790,1-ethyl-3-methylimidazolium bis((trifluoromethyl)sulfonyl)imide,CC[n+]1ccn(C)c1.O=S(=O)([N-]S(=O)(=O)C(F)(F)F)C(F)(F)F,353.15,101.325,ThermalConductivity,0.11909999,0.124221064,0.0051210746,test,Random point,Point,F,Thermal conductivity multi-split parity plot,True
967,trihexyl(tetradecyl)phosphonium chloride,CCCCCCCCCCCCCC[P+](CCCCCC)(CCCCCC)CCCCCC.[Cl-],343.0,101.325,ThermalConductivity,0.156,0.15644023,0.000440225,test,Random point,Point,F,Thermal conductivity multi-split parity plot,True
1874,1-hexyl-3-methylimidazolium hexafluorophosphate,CCCCCC[n+]1ccn(C)c1.F[P-](F)(F)(F)(F)F,315.1,10000.0,ThermalConductivity,0.146,0.1460269,2.6896596e-05,test,Random point,Point,F,Thermal conductivity multi-split parity plot,True
849,trihexyl(tetradecyl)phosphonium tris(pentafluoroethyl)trifluorophosphate,CCCCCCCCCCCCCC[P+](CCCCCC)(CCCCCC)CCCCCC.FC(F)(F)C(F)(F)[P-](F)(F)(F)(C(F)(F)C(F)(F)F)C(F)(F)C(F)(F)F,334.58,101.325,ThermalConductivity,0.12300002,0.12297565,2.437085e-05,test,Random point,Point,F,Thermal conductivity multi-split parity plot,True
4547,1-ethyl-3-methylimidazolium dicyanamide,CC[n+]1ccn(C)c1.N#C[N-]C#N,273.15,101.325,ThermalConductivity,0.2053,0.2008603,0.0044396967,test,Random point,Point,F,Thermal conductivity multi-split parity plot,True
2439,"N,N-dibutyl-N-methyl-1-butanaminium L-lysinate",CCCC[N+](C)(CCCC)CCCC.NCCCC[C@H](N)C(=O)[O-],313.15,101.325,ThermalConductivity,0.169,0.16929846,0.00029845536,test,Random point,Point,F,Thermal conductivity multi-split parity plot,True
4382,1-ethyl-3-methylimidazolium methanesulfonate,CC[n+]1ccn(C)c1.CS(=O)(=O)[O-],293.15,101.0,ThermalConductivity,0.18699999,0.19697465,0.0099746585,test,Random point,Point,F,Thermal conductivity multi-split parity plot,True
3255,1-butyl-3-methylimidazolium hexafluoroantimonate,CCCC[n+]1ccn(C)c1.F[Sb-](F)(F)(F)(F)F,283.15,20000.0,ThermalConductivity,0.144,0.14243223,0.0015677661,test,Random point,Point,F,Thermal conductivity multi-split parity plot,True
1096,1-decyl-3-methyl-1H-imidazolium tetracyanoborate,CCCCCCCCCC[n+]1ccn(C)c1.N#C[B-](C#N)(C#N)C#N,343.15,101.325,ThermalConductivity,0.16,0.15837047,0.0016295314,test,Random point,Point,F,Thermal conductivity multi-split parity plot,True
3257,1-butyl-3-methylimidazolium hexafluoroantimonate,CCCC[n+]1ccn(C)c1.F[Sb-](F)(F)(F)(F)F,293.15,30000.0,ThermalConductivity,0.144,0.1423541,0.0016458929,test,Random point,Point,F,Thermal conductivity multi-split parity plot,True
3318,1-butyl-3-methylimidazolium dicyanamide,CCCC[n+]1ccn(C)c1.N#C[N-]C#N,283.15,40000.0,ThermalConductivity,0.19300002,0.19202136,0.0009786636,test,Random point,Point,F,Thermal conductivity multi-split parity plot,True
1581,1-methyl-3-octylimidazolium bis(trifluoromethylsulfonyl)imide,CCCCCCCCn1cc[n+](C)c1.O=S(=O)([N-]S(=O)(=O)C(F)(F)F)C(F)(F)F,293.0,101.325,ThermalConductivity,0.128,0.12834851,0.00034850836,test,Random point,Point,F,Thermal conductivity multi-split parity plot,True
2519,tetrabutylphosphonium L-cysteinate,CCCC[P+](CCCC)(CCCC)CCCC.N[C@@H](CS)C(=O)[O-],303.15,101.325,ThermalConductivity,0.151,0.15097907,2.092123e-05,test,Random point,Point,F,Thermal conductivity multi-split parity plot,True
3258,1-butyl-3-methylimidazolium hexafluoroantimonate,CCCC[n+]1ccn(C)c1.F[Sb-](F)(F)(F)(F)F,293.15,50000.0,ThermalConductivity,0.147,0.14558281,0.0014171898,test,Random point,Point,F,Thermal conductivity multi-split parity plot,True
1639,1-methyl-3-octylimidazolium chloride,CCCCCCCCn1cc[n+](C)c1.[Cl-],334.4,100.0,ThermalConductivity,0.171,0.16991141,0.0010885894,test,Random point,Point,F,Thermal conductivity multi-split parity plot,True
543,2-hydroxyethylammonium lactate,CC(O)C(=O)[O-].[NH3+]CCO,298.15,101.325,ThermalConductivity,0.25499997,0.1990392,0.05596076,test,Random point,Point,F,Thermal conductivity multi-split parity plot,True
2852,1-butyl-3-methylimidazolium tetrafluoroborate,CCCC[n+]1ccn(C)c1.F[B-](F)(F)F,300.0,101.325,ThermalConductivity,0.186,0.16786836,0.018131644,test,Random point,Point,F,Thermal conductivity multi-split parity plot,True
3060,1-butyl-3-methylimidazolium hexafluorophosphate,CCCC[n+]1ccn(C)c1.F[P-](F)(F)(F)(F)F,353.0,101.325,ThermalConductivity,0.143,0.14455958,0.0015595704,test,Random point,Point,F,Thermal conductivity multi-split parity plot,True
2489,tributylmethylphosphonium methyl sulfate,CCCC[P+](C)(CCCC)CCCC.COS(=O)(=O)[O-],298.36,101.325,ThermalConductivity,0.155,0.15856293,0.0035629272,test,Random point,Point,F,Thermal conductivity multi-split parity plot,True
5094,1-butyl-3-methylimidazolium methylsulfate,COS(=O)(=O)[O-].C(CCC)N1C=[N+](C=C1)C,343.15,101.325,ThermalConductivity,0.172,0.16225682,0.009743184,test,Random point,Point,F,Thermal conductivity multi-split parity plot,True
3291,1-butyl-3-methylimidazolium tricyanomethane,CCCC[n+]1ccn(C)c1.N#C[C-](C#N)C#N,323.15,101.325,ThermalConductivity,0.1796,0.17817613,0.0014238656,test,Random point,Point,F,Thermal conductivity multi-split parity plot,True
3465,1-butyl-3-methylimidazolium bis(trifluoromethylsulfonyl)imide,CCCC[n+]1ccn(C)c1.O=S(=O)([N-]S(=O)(=O)C(F)(F)F)C(F)(F)F,313.05,101.325,ThermalConductivity,0.12300002,0.12425175,0.0012517348,test,Random point,Point,F,Thermal conductivity multi-split parity plot,True
1976,1-hexyl-3-methylimidazolium bis[(trifluoromethyl)sulfonyl]imide,CCCCCC[n+]1ccn(C)c1.O=S(=O)([N-]S(=O)(=O)C(F)(F)F)C(F)(F)F,300.0,101.325,ThermalConductivity,0.12,0.12615441,0.0061544105,test,Random point,Point,F,Thermal conductivity multi-split parity plot,True
382,1-ethyl-3-methylimidazolium acetate,CC(=O)[O-].CC[n+]1ccn(C)c1,293.15,100.0,ThermalConductivity,0.202,0.20953968,0.0075396746,test,Random point,Point,F,Thermal conductivity multi-split parity plot,True
3256,1-butyl-3-methylimidazolium hexafluoroantimonate,CCCC[n+]1ccn(C)c1.F[Sb-](F)(F)(F)(F)F,283.15,50000.0,ThermalConductivity,0.148,0.14719465,0.00080534816,test,Random point,Point,F,Thermal conductivity multi-split parity plot,True
1983,1-hexyl-3-methylimidazolium bis[(trifluoromethyl)sulfonyl]imide,CCCCCC[n+]1ccn(C)c1.O=S(=O)([N-]S(=O)(=O)C(F)(F)F)C(F)(F)F,313.15,101.325,ThermalConductivity,0.124180004,0.12599277,0.001812771,test,Random point,Point,F,Thermal conductivity multi-split parity plot,True
4383,1-ethyl-3-methylimidazolium methanesulfonate,CC[n+]1ccn(C)c1.CS(=O)(=O)[O-],294.67,100.0,ThermalConductivity,0.20440002,0.19699523,0.0074047893,test,Random point,Point,F,Thermal conductivity multi-split parity plot,True
2436,"N,N-dibutyl-N-methyl-1-butanaminium L-threoninate",CCCC[N+](C)(CCCC)CCCC.C[C@@H](O)[C@H](N)C(=O)[O-],333.15,101.325,ThermalConductivity,0.156,0.15652362,0.0005236119,test,Random point,Point,F,Thermal conductivity multi-split parity plot,True
5080,1-butyl-3-methylimidazolium methylsulfate,COS(=O)(=O)[O-].C(CCC)N1C=[N+](C=C1)C,303.15,100.0,ThermalConductivity,0.166,0.17189118,0.005891189,test,Random point,Point,F,Thermal conductivity multi-split parity plot,True
300,trihexyl(tetradecyl)phosphonium acetate,CC(=O)[O-].CCCCCCCCCCCCCC[P+](CCCCCC)(CCCCCC)CCCCCC,288.1,101.325,ThermalConductivity,0.1612,0.16110595,9.405613e-05,test,Random point,Point,F,Thermal conductivity multi-split parity plot,True
5102,tributylmethylphosphonium methylsulfate,COS(=O)(=O)[O-].C(CCC)[P+](C)(CCCC)CCCC,343.15,101.325,ThermalConductivity,0.157,0.15562841,0.0013715923,test,Random point,Point,F,Thermal conductivity multi-split parity plot,True
4510,1-ethyl-3-methyl-1H-imidazolium tricyanomethanide,CC[n+]1ccn(C)c1.N#C[C-](C#N)C#N,303.15,101.325,ThermalConductivity,0.19365,0.19208203,0.0015679747,test,Random point,Point,F,Thermal conductivity multi-split parity plot,True
2079,1-hexyl-3-methylimidazolium chloride,CCCCCC[n+]1ccn(C)c1.[Cl-],314.3,10000.0,ThermalConductivity,0.17999999,0.1793772,0.00062279403,test,Random point,Point,F,Thermal conductivity multi-split parity plot,True
746,trihexyl(tetradecyl)phosphonium hexanoate,CCCCCC(=O)[O-].CCCCCCCCCCCCCC[P+](CCCCCC)(CCCCCC)CCCCCC,298.98,101.325,ThermalConductivity,0.156,0.15637843,0.0003784299,test,Random point,Point,F,Thermal conductivity multi-split parity plot,True
1796,1-hexylpyridinium tetrafluoroborate,CCCCCC[n+]1ccccc1.F[B-](F)(F)F,334.3,20000.0,ThermalConductivity,0.163,0.16361089,0.000610888,test,Random point,Point,F,Thermal conductivity multi-split parity plot,True
3512,1-butyl-3-methylimidazolium trifluoromethanesulfonate,CCCC[n+]1ccn(C)c1.O=S(=O)([O-])C(F)(F)F,293.15,60000.0,ThermalConductivity,0.157,0.15460852,0.0023914874,test,Random point,Point,F,Thermal conductivity multi-split parity plot,True
1838,1-hexyl-3-methylimidazolium tetrafluoroborate,CCCCCC[n+]1ccn(C)c1.F[B-](F)(F)F,314.3,100.0,ThermalConductivity,0.165,0.15473603,0.010263979,test,Random point,Point,F,Thermal conductivity multi-split parity plot,True
1791,1-hexylpyridinium tetrafluoroborate,CCCCCC[n+]1ccccc1.F[B-](F)(F)F,314.3,20000.0,ThermalConductivity,0.164,0.16461562,0.0006156117,test,Random point,Point,F,Thermal conductivity multi-split parity plot,True
2811,1-butyl-3-methylimidazolium methyl sulfate,CCCC[n+]1ccn(C)c1.COS(=O)(=O)[O-],293.15,65000.0,ThermalConductivity,0.18899998,0.18779083,0.0012091547,test,Random point,Point,F,Thermal conductivity multi-split parity plot,True
3513,1-butyl-3-methylimidazolium trifluoromethanesulfonate,CCCC[n+]1ccn(C)c1.O=S(=O)([O-])C(F)(F)F,293.15,65000.0,ThermalConductivity,0.156,0.15546885,0.0005311519,test,Random point,Point,F,Thermal conductivity multi-split parity plot,True
2521,tetrabutylphosphonium L-cysteinate,CCCC[P+](CCCC)(CCCC)CCCC.N[C@@H](CS)C(=O)[O-],353.15,101.325,ThermalConductivity,0.146,0.14661998,0.0006199777,test,Random point,Point,F,Thermal conductivity multi-split parity plot,True
3449,1-butyl-3-methylimidazolium bis(trifluoromethylsulfonyl)imide,CCCC[n+]1ccn(C)c1.O=S(=O)([N-]S(=O)(=O)C(F)(F)F)C(F)(F)F,298.15,101.325,ThermalConductivity,0.126,0.124429986,0.0015700161,test,Random point,Point,F,Thermal conductivity multi-split parity plot,True
1164,3-decyl-1-methylimidazolium tricyanomethanide,CCCCCCCCCCn1cc[n+](C)c1.N#C[C-](C#N)C#N,353.15,101.325,ThermalConductivity,0.15930001,0.16164617,0.002346158,test,Random point,Point,F,Thermal conductivity multi-split parity plot,True
767,trihexyl(tetradecyl)phosphonium octanoate,CCCCCCCC(=O)[O-].CCCCCCCCCCCCCC[P+](CCCCCC)(CCCCCC)CCCCCC,358.08,101.325,ThermalConductivity,0.15,0.14876144,0.0012385696,test,Random point,Point,F,Thermal conductivity multi-split parity plot,True
1373,1-octyl-3-methylimidazolium hexafluorophosphate,CCCCCCCC[n+]1ccn(C)c1.F[P-](F)(F)(F)(F)F,315.1,100.0,ThermalConductivity,0.145,0.14368638,0.0013136119,test,Random point,Point,F,Thermal conductivity multi-split parity plot,True
1901,1-hexyl-3-methylimidazolium tetracyanoborate,CCCCCC[n+]1ccn(C)c1.N#C[B-](C#N)(C#N)C#N,293.15,101.325,ThermalConductivity,0.17520002,0.1753793,0.00017929077,test,Random point,Point,F,Thermal conductivity multi-split parity plot,True
3524,1-butyl-3-methylimidazolium trifluoromethanesulfonate,CCCC[n+]1ccn(C)c1.O=S(=O)([O-])C(F)(F)F,313.15,100.0,ThermalConductivity,0.137,0.14173228,0.004732281,test,Random point,Point,F,Thermal conductivity multi-split parity plot,True
509,tetrabutylphosphonium L-valinate,CC(C)[C@H](N)C(=O)[O-].CCCC[P+](CCCC)(CCCC)CCCC,343.15,101.325,ThermalConductivity,0.15399998,0.15440914,0.00040915608,test,Random point,Point,F,Thermal conductivity multi-split parity plot,True
2514,tetrabutylphosphonium L-threoninate,CCCC[P+](CCCC)(CCCC)CCCC.C[C@@H](O)[C@H](N)C(=O)[O-],313.15,101.325,ThermalConductivity,0.15399998,0.15428948,0.00028949976,test,Random point,Point,F,Thermal conductivity multi-split parity plot,True
4394,1-ethyl-3-methylimidazolium methanesulfonate,CC[n+]1ccn(C)c1.CS(=O)(=O)[O-],334.71,100.0,ThermalConductivity,0.212,0.19899489,0.013005108,test,Random point,Point,F,Thermal conductivity multi-split parity plot,True
90,1-ethyl-3-methylimidazolium ethylsulfate,C(C)OS(=O)(=O)[O-].C(C)N1C=[N+](C=C1)C,323.0,101.325,ThermalConductivity,0.179,0.1820609,0.0030608922,test,Random point,Point,F,Thermal conductivity multi-split parity plot,True
1588,1-methyl-3-octylimidazolium bis(trifluoromethylsulfonyl)imide,CCCCCCCCn1cc[n+](C)c1.O=S(=O)([N-]S(=O)(=O)C(F)(F)F)C(F)(F)F,307.59,101.325,ThermalConductivity,0.1279,0.1277949,0.00010509789,test,Random point,Point,F,Thermal conductivity multi-split parity plot,True
2004,1-hexyl-3-methylimidazolium bis[(trifluoromethyl)sulfonyl]imide,CCCCCC[n+]1ccn(C)c1.O=S(=O)([N-]S(=O)(=O)C(F)(F)F)C(F)(F)F,335.67,101.325,ThermalConductivity,0.1281,0.12459839,0.0035016015,test,Random point,Point,F,Thermal conductivity multi-split parity plot,True
4208,1-ethyl-3-methylimidazolium diethyl phosphate,CCOP(=O)([O-])OCC.CC[n+]1ccn(C)c1,312.58,101.325,ThermalConductivity,0.1745,0.17449872,1.2814999e-06,test,Random point,Point,F,Thermal conductivity multi-split parity plot,True
102,1-ethyl-3-methylimidazolium ethylsulfate,C(C)OS(=O)(=O)[O-].C(C)N1C=[N+](C=C1)C,333.0,101.325,ThermalConductivity,0.179,0.18261728,0.0036172718,test,Random point,Point,F,Thermal conductivity multi-split parity plot,True
3321,1-butyl-3-methylimidazolium dicyanamide,CCCC[n+]1ccn(C)c1.N#C[N-]C#N,293.15,5000.0,ThermalConductivity,0.176,0.1743666,0.0016334057,test,Random point,Point,F,Thermal conductivity multi-split parity plot,True
4774,1-ethyl-3-methylimidazolium bis((trifluoromethyl)sulfonyl)imide,CC[n+]1ccn(C)c1.O=S(=O)([N-]S(=O)(=O)C(F)(F)F)C(F)(F)F,323.0,101.325,ThermalConductivity,0.12899998,0.12290738,0.0060926005,test,Random point,Point,F,Thermal conductivity multi-split parity plot,True
2517,tetrabutylphosphonium L-lysinate,CCCC[P+](CCCC)(CCCC)CCCC.NCCCC[C@H](N)C(=O)[O-],343.15,101.325,ThermalConductivity,0.15900001,0.15883654,0.00016346574,test,Random point,Point,F,Thermal conductivity multi-split parity plot,True
1843,1-hexyl-3-methylimidazolium tetrafluoroborate,CCCCCC[n+]1ccn(C)c1.F[B-](F)(F)F,334.4,100.0,ThermalConductivity,0.164,0.15178186,0.0122181475,test,Random point,Point,F,Thermal conductivity multi-split parity plot,True
3519,1-butyl-3-methylimidazolium trifluoromethanesulfonate,CCCC[n+]1ccn(C)c1.O=S(=O)([O-])C(F)(F)F,303.15,20000.0,ThermalConductivity,0.147,0.14699325,6.750226e-06,test,Random point,Point,F,Thermal conductivity multi-split parity plot,True
1237,"methyltrioctylammonium 1,1,1-trifluoro-N-[(trifluoromethyl)sulfonyl]methanesulfonamide",CCCCCCCC[N+](C)(CCCCCCCC)CCCCCCCC.O=S(=O)([N-]S(=O)(=O)C(F)(F)F)C(F)(F)F,293.15,101.325,ThermalConductivity,0.12989998,0.12842365,0.0014763325,test,Random point,Point,F,Thermal conductivity multi-split parity plot,True
1624,1-methyl-3-octylimidazolium bromide,CCCCCCCCn1cc[n+](C)c1.[Br-],294.3,20000.0,ThermalConductivity,0.156,0.15545854,0.0005414635,test,Random point,Point,F,Thermal conductivity multi-split parity plot,True
1595,1-methyl-3-octylimidazolium bis(trifluoromethylsulfonyl)imide,CCCCCCCCn1cc[n+](C)c1.O=S(=O)([N-]S(=O)(=O)C(F)(F)F)C(F)(F)F,328.58,101.325,ThermalConductivity,0.126,0.12627426,0.00027425587,test,Random point,Point,F,Thermal conductivity multi-split parity plot,True
5108,1-methylpyridinium methylsulfate,COS(=O)(=O)[O-].C[n+]1ccccc1,293.15,101.325,ThermalConductivity,0.205,0.2029269,0.0020730942,test,Random point,Point,F,Thermal conductivity multi-split parity plot,True
1390,1-octyl-3-methylimidazolium hexafluorophosphate,CCCCCCCC[n+]1ccn(C)c1.F[P-](F)(F)(F)(F)F,335.2,10000.0,ThermalConductivity,0.146,0.14524546,0.0007545352,test,Random point,Point,F,Thermal conductivity multi-split parity plot,True
5091,1-butyl-3-methylimidazolium methylsulfate,COS(=O)(=O)[O-].C(CCC)N1C=[N+](C=C1)C,323.15,101.325,ThermalConductivity,0.17400001,0.16447076,0.009529248,test,Random point,Point,F,Thermal conductivity multi-split parity plot,True
3260,1-butyl-3-methylimidazolium hexafluoroantimonate,CCCC[n+]1ccn(C)c1.F[Sb-](F)(F)(F)(F)F,313.15,65000.0,ThermalConductivity,0.145,0.1450945,9.4503164e-05,test,Random point,Point,F,Thermal conductivity multi-split parity plot,True
4665,1-ethyl-3-methylimidazolium thiocyanate,CC[n+]1ccn(C)c1.N#C[S-],300.0,101.325,ThermalConductivity,0.21,0.1988179,0.0111821,test,Random point,Point,F,Thermal conductivity multi-split parity plot,True
3554,1-butyl-3-methylimidazolium trifluoromethanesulfonate,CCCC[n+]1ccn(C)c1.O=S(=O)([O-])C(F)(F)F,353.0,101.325,ThermalConductivity,0.14,0.14113526,0.0011352599,test,Random point,Point,F,Thermal conductivity multi-split parity plot,True
3507,1-butyl-3-methylimidazolium trifluoromethanesulfonate,CCCC[n+]1ccn(C)c1.O=S(=O)([O-])C(F)(F)F,283.15,65000.0,ThermalConductivity,0.155,0.1577502,0.002750203,test,Random point,Point,F,Thermal conductivity multi-split parity plot,True
1536,1-methyl-3-octylimidazolium tetracyanoborate,CCCCCCCCn1cc[n+](C)c1.N#C[B-](C#N)(C#N)C#N,313.15,101.325,ThermalConductivity,0.1644,0.16454276,0.00014276803,test,Random point,Point,F,Thermal conductivity multi-split parity plot,True
2920,1-butyl-3-methylimidazolium tetrafluoroborate,CCCC[n+]1ccn(C)c1.F[B-](F)(F)F,380.0,101.325,ThermalConductivity,0.181,0.18030226,0.000697732,test,Random point,Point,F,Thermal conductivity multi-split parity plot,True
510,tetrabutylphosphonium L-valinate,CC(C)[C@H](N)C(=O)[O-].CCCC[P+](CCCC)(CCCC)CCCC,353.15,101.325,ThermalConductivity,0.153,0.15379679,0.0007967949,test,Random point,Point,F,Thermal conductivity multi-split parity plot,True
2515,tetrabutylphosphonium L-threoninate,CCCC[P+](CCCC)(CCCC)CCCC.C[C@@H](O)[C@H](N)C(=O)[O-],343.15,101.325,ThermalConductivity,0.15200001,0.1514505,0.0005495101,test,Random point,Point,F,Thermal conductivity multi-split parity plot,True
2809,1-butyl-3-methylimidazolium methyl sulfate,CCCC[n+]1ccn(C)c1.COS(=O)(=O)[O-],283.15,50000.0,ThermalConductivity,0.19000001,0.18913186,0.00086815655,test,Random point,Point,F,Thermal conductivity multi-split parity plot,True
383,1-ethyl-3-methylimidazolium acetate,CC(=O)[O-].CC[n+]1ccn(C)c1,293.15,101.325,ThermalConductivity,0.21100001,0.20954032,0.001459688,test,Random point,Point,F,Thermal conductivity multi-split parity plot,True
5100,tributylmethylphosphonium methylsulfate,COS(=O)(=O)[O-].C(CCC)[P+](C)(CCCC)CCCC,303.15,101.325,ThermalConductivity,0.15900001,0.15841533,0.00058467686,test,Random point,Point,F,Thermal conductivity multi-split parity plot,True
3259,1-butyl-3-methylimidazolium hexafluoroantimonate,CCCC[n+]1ccn(C)c1.F[Sb-](F)(F)(F)(F)F,313.15,60000.0,ThermalConductivity,0.143,0.14435738,0.0013573766,test,Random point,Point,F,Thermal conductivity multi-split parity plot,True
1977,1-hexyl-3-methylimidazolium bis[(trifluoromethyl)sulfonyl]imide,CCCCCC[n+]1ccn(C)c1.O=S(=O)([N-]S(=O)(=O)C(F)(F)F)C(F)(F)F,303.15,101.325,ThermalConductivity,0.12584999,0.12621431,0.0003643185,test,Random point,Point,F,Thermal conductivity multi-split parity plot,True
3039,1-butyl-3-methylimidazolium hexafluorophosphate,CCCC[n+]1ccn(C)c1.F[P-](F)(F)(F)(F)F,343.0,101.325,ThermalConductivity,0.143,0.14376155,0.00076153874,test,Random point,Point,F,Thermal conductivity multi-split parity plot,True
3339,1-butyl-3-methylimidazolium dicyanamide,CCCC[n+]1ccn(C)c1.N#C[N-]C#N,313.4,101.325,ThermalConductivity,0.163,0.16294123,5.877018e-05,test,Random point,Point,F,Thermal conductivity multi-split parity plot,True
1597,1-methyl-3-octylimidazolium bis(trifluoromethylsulfonyl)imide,CCCCCCCCn1cc[n+](C)c1.O=S(=O)([N-]S(=O)(=O)C(F)(F)F)C(F)(F)F,333.0,101.325,ThermalConductivity,0.126,0.12602444,2.4437904e-05,test,Random point,Point,F,Thermal conductivity multi-split parity plot,True
3511,1-butyl-3-methylimidazolium trifluoromethanesulfonate,CCCC[n+]1ccn(C)c1.O=S(=O)([O-])C(F)(F)F,293.15,40000.0,ThermalConductivity,0.151,0.15148102,0.00048102438,test,Random point,Point,F,Thermal conductivity multi-split parity plot,True
750,trihexyl(tetradecyl)phosphonium hexanoate,CCCCCC(=O)[O-].CCCCCCCCCCCCCC[P+](CCCCCC)(CCCCCC)CCCCCC,329.17,101.325,ThermalConductivity,0.151,0.1515191,0.00051911175,test,Random point,Point,F,Thermal conductivity multi-split parity plot,True
3262,1-butyl-3-methyl-1H-imidazolium tetracyanoborate,CCCC[n+]1ccn(C)c1.N#C[B-](C#N)(C#N)C#N,283.15,101.325,ThermalConductivity,0.17799997,0.17947331,0.0014733374,test,Random point,Point,F,Thermal conductivity multi-split parity plot,True
2520,tetrabutylphosphonium L-cysteinate,CCCC[P+](CCCC)(CCCC)CCCC.N[C@@H](CS)C(=O)[O-],343.15,101.325,ThermalConductivity,0.147,0.14727888,0.00027887523,test,Random point,Point,F,Thermal conductivity multi-split parity plot,True
2860,1-butyl-3-methylimidazolium tetrafluoroborate,CCCC[n+]1ccn(C)c1.F[B-](F)(F)F,308.1,101.325,ThermalConductivity,0.151,0.1705673,0.01956731,test,Random point,Point,F,Thermal conductivity multi-split parity plot,True
1515,1-methyl-3-octylimidazolium tetrafluoroborate,CCCCCCCCn1cc[n+](C)c1.F[B-](F)(F)F,334.4,20000.0,ThermalConductivity,0.164,0.16418758,0.00018757582,test,Random point,Point,F,Thermal conductivity multi-split parity plot,True
2438,"N,N-dibutyl-N-methyl-1-butanaminium L-lysinate",CCCC[N+](C)(CCCC)CCCC.NCCCC[C@H](N)C(=O)[O-],298.15,101.325,ThermalConductivity,0.171,0.17033252,0.0006674826,test,Random point,Point,F,Thermal conductivity multi-split parity plot,True
2810,1-butyl-3-methylimidazolium methyl sulfate,CCCC[n+]1ccn(C)c1.COS(=O)(=O)[O-],293.15,30000.0,ThermalConductivity,0.181,0.18212925,0.0011292547,test,Random point,Point,F,Thermal conductivity multi-split parity plot,True
54,1-ethyl-3-methylimidazolium ethylsulfate,C(C)OS(=O)(=O)[O-].C(C)N1C=[N+](C=C1)C,293.16,101.325,ThermalConductivity,0.186,0.18438646,0.0016135424,test,Random point,Point,F,Thermal conductivity multi-split parity plot,True
2440,"N,N-dibutyl-N-methyl-1-butanaminium 2-aminoethanesulfonate",CCCC[N+](C)(CCCC)CCCC.NCCS(=O)(=O)[O-],343.15,101.325,ThermalConductivity,0.156,0.1567865,0.0007864982,test,Random point,Point,F,Thermal conductivity multi-split parity plot,True
3520,1-butyl-3-methylimidazolium trifluoromethanesulfonate,CCCC[n+]1ccn(C)c1.O=S(=O)([O-])C(F)(F)F,303.15,65000.0,ThermalConductivity,0.156,0.15364212,0.0023578852,test,Random point,Point,F,Thermal conductivity multi-split parity plot,True
4473,"1-butyl-2,3-dimethyl-1H-imidazolium bis(trifluoromethylsulfonyl)amide",FC(S(=O)(=O)[N-]S(=O)(=O)C(F)(F)F)(F)F.C(CCC)N1C(=[N+](C=C1)C)C,311.1,101.325,ThermalConductivity,0.13,0.12748763,0.0025123656,test,Random IL,IL,F,Thermal conductivity multi-split parity plot,True
4034,1-ethyl-3-methylimidazolium methylphosphonate,CP([O-])([O-])=O.C(C)N1C=[N+](C=C1)C.C(C)N1C=[N+](C=C1)C,273.15,101.325,ThermalConductivity,0.1941,0.20132107,0.007221058,test,Random IL,IL,F,Thermal conductivity multi-split parity plot,True
4036,1-ethyl-3-methylimidazolium methylphosphonate,CP([O-])([O-])=O.C(C)N1C=[N+](C=C1)C.C(C)N1C=[N+](C=C1)C,283.15,101.325,ThermalConductivity,0.1948,0.20038642,0.0055864155,test,Random IL,IL,F,Thermal conductivity multi-split parity plot,True
4038,1-ethyl-3-methylimidazolium methylphosphonate,CP([O-])([O-])=O.C(C)N1C=[N+](C=C1)C.C(C)N1C=[N+](C=C1)C,293.15,101.325,ThermalConductivity,0.19139999,0.19951773,0.008117735,test,Random IL,IL,F,Thermal conductivity multi-split parity plot,True
4043,1-ethyl-3-methylimidazolium methylphosphonate,CP([O-])([O-])=O.C(C)N1C=[N+](C=C1)C.C(C)N1C=[N+](C=C1)C,303.15,101.325,ThermalConductivity,0.1959,0.19553548,0.0003645122,test,Random IL,IL,F,Thermal conductivity multi-split parity plot,True
4046,1-ethyl-3-methylimidazolium methylphosphonate,CP([O-])([O-])=O.C(C)N1C=[N+](C=C1)C.C(C)N1C=[N+](C=C1)C,313.15,101.325,ThermalConductivity,0.1915,0.19597794,0.004477948,test,Random IL,IL,F,Thermal conductivity multi-split parity plot,True
4049,1-ethyl-3-methylimidazolium methylphosphonate,CP([O-])([O-])=O.C(C)N1C=[N+](C=C1)C.C(C)N1C=[N+](C=C1)C,323.15,101.325,ThermalConductivity,0.19059998,0.19881995,0.008219972,test,Random IL,IL,F,Thermal conductivity multi-split parity plot,True
4052,1-ethyl-3-methylimidazolium methylphosphonate,CP([O-])([O-])=O.C(C)N1C=[N+](C=C1)C.C(C)N1C=[N+](C=C1)C,333.15,101.325,ThermalConductivity,0.1908,0.1987442,0.007944196,test,Random IL,IL,F,Thermal conductivity multi-split parity plot,True
4055,1-ethyl-3-methylimidazolium methylphosphonate,CP([O-])([O-])=O.C(C)N1C=[N+](C=C1)C.C(C)N1C=[N+](C=C1)C,343.15,101.325,ThermalConductivity,0.1917,0.1985175,0.0068175048,test,Random IL,IL,F,Thermal conductivity multi-split parity plot,True
4058,1-ethyl-3-methylimidazolium methylphosphonate,CP([O-])([O-])=O.C(C)N1C=[N+](C=C1)C.C(C)N1C=[N+](C=C1)C,353.15,101.325,ThermalConductivity,0.19019999,0.19797759,0.0077776015,test,Random IL,IL,F,Thermal conductivity multi-split parity plot,True
3222,1-ethyl-3-methylimidazolium thiocyanate,CC[n+]1ccn(C)c1.N#C[S-],300.0,101.325,ThermalConductivity,0.21,0.19707066,0.012929335,test,Random IL,IL,F,Thermal conductivity multi-split parity plot,True
3324,1-ethyl-3-methylimidazolium thiocyanate,CC[n+]1ccn(C)c1.N#C[S-],375.0,101.325,ThermalConductivity,0.21,0.18480319,0.025196806,test,Random IL,IL,F,Thermal conductivity multi-split parity plot,True
3348,1-ethyl-3-methylimidazolium trifluoroacetate,CC[n+]1ccn(C)c1.O=C([O-])C(F)(F)F,300.0,101.325,ThermalConductivity,0.17000002,0.15002269,0.019977331,test,Random IL,IL,F,Thermal conductivity multi-split parity plot,True
3385,1-ethyl-3-methylimidazolium trifluoroacetate,CC[n+]1ccn(C)c1.O=C([O-])C(F)(F)F,375.0,101.325,ThermalConductivity,0.17000002,0.15665032,0.013349697,test,Random IL,IL,F,Thermal conductivity multi-split parity plot,True
3457,1-ethyl-3-methylimidazolium trifluoromethanesulfonate,CC[n+]1ccn(C)c1.O=S(=O)([O-])C(F)(F)F,300.0,101.325,ThermalConductivity,0.16,0.14633252,0.013667479,test,Random IL,IL,F,Thermal conductivity multi-split parity plot,True
3655,1-ethyl-3-methylimidazolium trifluoromethanesulfonate,CC[n+]1ccn(C)c1.O=S(=O)([O-])C(F)(F)F,375.0,101.325,ThermalConductivity,0.16,0.14738953,0.012610465,test,Random IL,IL,F,Thermal conductivity multi-split parity plot,True
1205,1-methyl-3-octylimidazolium bis(trifluoromethylsulfonyl)imide,CCCCCCCCn1cc[n+](C)c1.O=S(=O)([N-]S(=O)(=O)C(F)(F)F)C(F)(F)F,280.03,101.325,ThermalConductivity,0.12899998,0.12965141,0.00065143406,test,Random IL,IL,F,Thermal conductivity multi-split parity plot,True
1216,1-methyl-3-octylimidazolium bis(trifluoromethylsulfonyl)imide,CCCCCCCCn1cc[n+](C)c1.O=S(=O)([N-]S(=O)(=O)C(F)(F)F)C(F)(F)F,288.73,101.325,ThermalConductivity,0.128,0.12949306,0.0014930516,test,Random IL,IL,F,Thermal conductivity multi-split parity plot,True
1219,1-methyl-3-octylimidazolium bis(trifluoromethylsulfonyl)imide,CCCCCCCCn1cc[n+](C)c1.O=S(=O)([N-]S(=O)(=O)C(F)(F)F)C(F)(F)F,293.0,101.325,ThermalConductivity,0.128,0.12940413,0.0014041215,test,Random IL,IL,F,Thermal conductivity multi-split parity plot,True
1235,1-methyl-3-octylimidazolium bis(trifluoromethylsulfonyl)imide,CCCCCCCCn1cc[n+](C)c1.O=S(=O)([N-]S(=O)(=O)C(F)(F)F)C(F)(F)F,297.76,101.325,ThermalConductivity,0.128,0.1292958,0.0012957901,test,Random IL,IL,F,Thermal conductivity multi-split parity plot,True
1251,1-methyl-3-octylimidazolium bis(trifluoromethylsulfonyl)imide,CCCCCCCCn1cc[n+](C)c1.O=S(=O)([N-]S(=O)(=O)C(F)(F)F)C(F)(F)F,303.0,101.325,ThermalConductivity,0.128,0.12916481,0.0011648089,test,Random IL,IL,F,Thermal conductivity multi-split parity plot,True
1266,1-methyl-3-octylimidazolium bis(trifluoromethylsulfonyl)imide,CCCCCCCCn1cc[n+](C)c1.O=S(=O)([N-]S(=O)(=O)C(F)(F)F)C(F)(F)F,307.59,101.325,ThermalConductivity,0.1279,0.12903969,0.0011396855,test,Random IL,IL,F,Thermal conductivity multi-split parity plot,True
1281,1-methyl-3-octylimidazolium bis(trifluoromethylsulfonyl)imide,CCCCCCCCn1cc[n+](C)c1.O=S(=O)([N-]S(=O)(=O)C(F)(F)F)C(F)(F)F,313.0,101.325,ThermalConductivity,0.128,0.12888016,0.000880152,test,Random IL,IL,F,Thermal conductivity multi-split parity plot,True
1303,1-methyl-3-octylimidazolium bis(trifluoromethylsulfonyl)imide,CCCCCCCCn1cc[n+](C)c1.O=S(=O)([N-]S(=O)(=O)C(F)(F)F)C(F)(F)F,318.58,101.325,ThermalConductivity,0.127,0.12870383,0.0017038286,test,Random IL,IL,F,Thermal conductivity multi-split parity plot,True
1312,1-methyl-3-octylimidazolium bis(trifluoromethylsulfonyl)imide,CCCCCCCCn1cc[n+](C)c1.O=S(=O)([N-]S(=O)(=O)C(F)(F)F)C(F)(F)F,323.0,101.325,ThermalConductivity,0.126,0.12855847,0.0025584698,test,Random IL,IL,F,Thermal conductivity multi-split parity plot,True
1330,1-methyl-3-octylimidazolium bis(trifluoromethylsulfonyl)imide,CCCCCCCCn1cc[n+](C)c1.O=S(=O)([N-]S(=O)(=O)C(F)(F)F)C(F)(F)F,328.58,101.325,ThermalConductivity,0.126,0.1283717,0.0023716986,test,Random IL,IL,F,Thermal conductivity multi-split parity plot,True
1339,1-methyl-3-octylimidazolium bis(trifluoromethylsulfonyl)imide,CCCCCCCCn1cc[n+](C)c1.O=S(=O)([N-]S(=O)(=O)C(F)(F)F)C(F)(F)F,333.0,101.325,ThermalConductivity,0.126,0.12822294,0.0022229403,test,Random IL,IL,F,Thermal conductivity multi-split parity plot,True
1353,1-methyl-3-octylimidazolium bis(trifluoromethylsulfonyl)imide,CCCCCCCCn1cc[n+](C)c1.O=S(=O)([N-]S(=O)(=O)C(F)(F)F)C(F)(F)F,337.48,101.325,ThermalConductivity,0.126,0.12807147,0.00207147,test,Random IL,IL,F,Thermal conductivity multi-split parity plot,True
1367,1-methyl-3-octylimidazolium bis(trifluoromethylsulfonyl)imide,CCCCCCCCn1cc[n+](C)c1.O=S(=O)([N-]S(=O)(=O)C(F)(F)F)C(F)(F)F,343.0,101.325,ThermalConductivity,0.12499999,0.12788211,0.0028821155,test,Random IL,IL,F,Thermal conductivity multi-split parity plot,True
1376,1-methyl-3-octylimidazolium bis(trifluoromethylsulfonyl)imide,CCCCCCCCn1cc[n+](C)c1.O=S(=O)([N-]S(=O)(=O)C(F)(F)F)C(F)(F)F,347.72,101.325,ThermalConductivity,0.126,0.12771565,0.0017156452,test,Random IL,IL,F,Thermal conductivity multi-split parity plot,True
1386,1-methyl-3-octylimidazolium bis(trifluoromethylsulfonyl)imide,CCCCCCCCn1cc[n+](C)c1.O=S(=O)([N-]S(=O)(=O)C(F)(F)F)C(F)(F)F,353.0,101.325,ThermalConductivity,0.126,0.12752208,0.0015220791,test,Random IL,IL,F,Thermal conductivity multi-split parity plot,True
1392,1-methyl-3-octylimidazolium bis(trifluoromethylsulfonyl)imide,CCCCCCCCn1cc[n+](C)c1.O=S(=O)([N-]S(=O)(=O)C(F)(F)F)C(F)(F)F,357.76,101.325,ThermalConductivity,0.124000005,0.12733924,0.0033392385,test,Random IL,IL,F,Thermal conductivity multi-split parity plot,True
1135,1-octylpyridinium tetrafluoroborate,CCCCCCCC[n+]1ccccc1.F[B-](F)(F)F,294.2,100.0,ThermalConductivity,0.16,0.16002275,2.2754073e-05,test,Random IL,IL,F,Thermal conductivity multi-split parity plot,True
1136,1-octylpyridinium tetrafluoroborate,CCCCCCCC[n+]1ccccc1.F[B-](F)(F)F,294.2,10000.0,ThermalConductivity,0.163,0.16209933,0.0009006709,test,Random IL,IL,F,Thermal conductivity multi-split parity plot,True
1137,1-octylpyridinium tetrafluoroborate,CCCCCCCC[n+]1ccccc1.F[B-](F)(F)F,294.2,20000.0,ThermalConductivity,0.165,0.16339712,0.0016028881,test,Random IL,IL,F,Thermal conductivity multi-split parity plot,True
1144,1-octylpyridinium tetrafluoroborate,CCCCCCCC[n+]1ccccc1.F[B-](F)(F)F,314.3,100.0,ThermalConductivity,0.16,0.15905763,0.00094236434,test,Random IL,IL,F,Thermal conductivity multi-split parity plot,True
1145,1-octylpyridinium tetrafluoroborate,CCCCCCCC[n+]1ccccc1.F[B-](F)(F)F,314.3,10000.0,ThermalConductivity,0.16100001,0.16098173,1.8283725e-05,test,Random IL,IL,F,Thermal conductivity multi-split parity plot,True
1146,1-octylpyridinium tetrafluoroborate,CCCCCCCC[n+]1ccccc1.F[B-](F)(F)F,314.3,20000.0,ThermalConductivity,0.164,0.16220361,0.0017963946,test,Random IL,IL,F,Thermal conductivity multi-split parity plot,True
1153,1-octylpyridinium tetrafluoroborate,CCCCCCCC[n+]1ccccc1.F[B-](F)(F)F,334.3,100.0,ThermalConductivity,0.15799999,0.15805407,5.4076314e-05,test,Random IL,IL,F,Thermal conductivity multi-split parity plot,True
1154,1-octylpyridinium tetrafluoroborate,CCCCCCCC[n+]1ccccc1.F[B-](F)(F)F,334.3,10000.0,ThermalConductivity,0.15900001,0.1608081,0.001808092,test,Random IL,IL,F,Thermal conductivity multi-split parity plot,True
1155,1-octylpyridinium tetrafluoroborate,CCCCCCCC[n+]1ccccc1.F[B-](F)(F)F,334.3,20000.0,ThermalConductivity,0.16100001,0.16133957,0.00033955276,test,Random IL,IL,F,Thermal conductivity multi-split parity plot,True
276,2-hydroxyethylammonium lactate,CC(O)C(=O)[O-].[NH3+]CCO,298.15,101.325,ThermalConductivity,0.25499997,0.207086,0.04791397,test,Random IL,IL,F,Thermal conductivity multi-split parity plot,True
2207,tetrabutylphosphonium L-cysteinate,CCCC[P+](CCCC)(CCCC)CCCC.N[C@@H](CS)C(=O)[O-],298.15,101.325,ThermalConductivity,0.15200001,0.15677454,0.0047745258,test,Random IL,IL,F,Thermal conductivity multi-split parity plot,True
2208,tetrabutylphosphonium L-cysteinate,CCCC[P+](CCCC)(CCCC)CCCC.N[C@@H](CS)C(=O)[O-],303.15,101.325,ThermalConductivity,0.151,0.15637495,0.005374953,test,Random IL,IL,F,Thermal conductivity multi-split parity plot,True
2209,tetrabutylphosphonium L-cysteinate,CCCC[P+](CCCC)(CCCC)CCCC.N[C@@H](CS)C(=O)[O-],313.15,101.325,ThermalConductivity,0.15,0.15556125,0.0055612475,test,Random IL,IL,F,Thermal conductivity multi-split parity plot,True
2210,tetrabutylphosphonium L-cysteinate,CCCC[P+](CCCC)(CCCC)CCCC.N[C@@H](CS)C(=O)[O-],323.15,101.325,ThermalConductivity,0.149,0.15474889,0.005748883,test,Random IL,IL,F,Thermal conductivity multi-split parity plot,True
2211,tetrabutylphosphonium L-cysteinate,CCCC[P+](CCCC)(CCCC)CCCC.N[C@@H](CS)C(=O)[O-],333.15,101.325,ThermalConductivity,0.148,0.15397613,0.0059761256,test,Random IL,IL,F,Thermal conductivity multi-split parity plot,True
2212,tetrabutylphosphonium L-cysteinate,CCCC[P+](CCCC)(CCCC)CCCC.N[C@@H](CS)C(=O)[O-],343.15,101.325,ThermalConductivity,0.147,0.15326299,0.006262988,test,Random IL,IL,F,Thermal conductivity multi-split parity plot,True
2213,tetrabutylphosphonium L-cysteinate,CCCC[P+](CCCC)(CCCC)CCCC.N[C@@H](CS)C(=O)[O-],353.15,101.325,ThermalConductivity,0.146,0.15261227,0.006612271,test,Random IL,IL,F,Thermal conductivity multi-split parity plot,True
3981,tributylmethylphosphonium methylsulfate,COS(=O)(=O)[O-].C(CCC)[P+](C)(CCCC)CCCC,293.15,101.325,ThermalConductivity,0.16,0.15643534,0.0035646558,test,Random IL,IL,F,Thermal conductivity multi-split parity plot,True
3989,tributylmethylphosphonium methylsulfate,COS(=O)(=O)[O-].C(CCC)[P+](C)(CCCC)CCCC,303.15,101.325,ThermalConductivity,0.15900001,0.15554367,0.0034563392,test,Random IL,IL,F,Thermal conductivity multi-split parity plot,True
3996,tributylmethylphosphonium methylsulfate,COS(=O)(=O)[O-].C(CCC)[P+](C)(CCCC)CCCC,313.15,101.325,ThermalConductivity,0.15900001,0.1547428,0.004257202,test,Random IL,IL,F,Thermal conductivity multi-split parity plot,True
4003,tributylmethylphosphonium methylsulfate,COS(=O)(=O)[O-].C(CCC)[P+](C)(CCCC)CCCC,323.15,101.325,ThermalConductivity,0.15799999,0.15403838,0.003961608,test,Random IL,IL,F,Thermal conductivity multi-split parity plot,True
4006,tributylmethylphosphonium methylsulfate,COS(=O)(=O)[O-].C(CCC)[P+](C)(CCCC)CCCC,333.15,101.325,ThermalConductivity,0.157,0.15343516,0.0035648495,test,Random IL,IL,F,Thermal conductivity multi-split parity plot,True
4009,tributylmethylphosphonium methylsulfate,COS(=O)(=O)[O-].C(CCC)[P+](C)(CCCC)CCCC,343.15,101.325,ThermalConductivity,0.157,0.15292631,0.0040736943,test,Random IL,IL,F,Thermal conductivity multi-split parity plot,True
3331,"1,3-dibutyl-1H-imidazolium bis((trifluoromethyl)sulfonyl)amide",CCCCn1cc[n+](CCCC)c1.O=S(=O)([N-]S(=O)(=O)C(F)(F)F)C(F)(F)F,273.15,101.325,ThermalConductivity,0.12089999,0.12303071,0.002130717,test,Balanced IL,Balanced,F,Thermal conductivity multi-split parity plot,True
3333,"1,3-dibutyl-1H-imidazolium bis((trifluoromethyl)sulfonyl)amide",CCCCn1cc[n+](CCCC)c1.O=S(=O)([N-]S(=O)(=O)C(F)(F)F)C(F)(F)F,283.15,101.325,ThermalConductivity,0.12029999,0.123209685,0.0029096976,test,Balanced IL,Balanced,F,Thermal conductivity multi-split parity plot,True
3335,"1,3-dibutyl-1H-imidazolium bis((trifluoromethyl)sulfonyl)amide",CCCCn1cc[n+](CCCC)c1.O=S(=O)([N-]S(=O)(=O)C(F)(F)F)C(F)(F)F,293.15,101.325,ThermalConductivity,0.1188,0.12336298,0.0045629814,test,Balanced IL,Balanced,F,Thermal conductivity multi-split parity plot,True
3338,"1,3-dibutyl-1H-imidazolium bis((trifluoromethyl)sulfonyl)amide",CCCCn1cc[n+](CCCC)c1.O=S(=O)([N-]S(=O)(=O)C(F)(F)F)C(F)(F)F,303.15,101.325,ThermalConductivity,0.119799994,0.12349231,0.003692314,test,Balanced IL,Balanced,F,Thermal conductivity multi-split parity plot,True
3340,"1,3-dibutyl-1H-imidazolium bis((trifluoromethyl)sulfonyl)amide",CCCCn1cc[n+](CCCC)c1.O=S(=O)([N-]S(=O)(=O)C(F)(F)F)C(F)(F)F,313.15,101.325,ThermalConductivity,0.117599994,0.12359962,0.0059996247,test,Balanced IL,Balanced,F,Thermal conductivity multi-split parity plot,True
3342,"1,3-dibutyl-1H-imidazolium bis((trifluoromethyl)sulfonyl)amide",CCCCn1cc[n+](CCCC)c1.O=S(=O)([N-]S(=O)(=O)C(F)(F)F)C(F)(F)F,323.15,101.325,ThermalConductivity,0.117,0.12368687,0.0066868737,test,Balanced IL,Balanced,F,Thermal conductivity multi-split parity plot,True
3344,"1,3-dibutyl-1H-imidazolium bis((trifluoromethyl)sulfonyl)amide",CCCCn1cc[n+](CCCC)c1.O=S(=O)([N-]S(=O)(=O)C(F)(F)F)C(F)(F)F,333.15,101.325,ThermalConductivity,0.117599994,0.12375634,0.0061563477,test,Balanced IL,Balanced,F,Thermal conductivity multi-split parity plot,True
3346,"1,3-dibutyl-1H-imidazolium bis((trifluoromethyl)sulfonyl)amide",CCCCn1cc[n+](CCCC)c1.O=S(=O)([N-]S(=O)(=O)C(F)(F)F)C(F)(F)F,343.15,101.325,ThermalConductivity,0.1171,0.12381058,0.0067105815,test,Balanced IL,Balanced,F,Thermal conductivity multi-split parity plot,True
3348,"1,3-dibutyl-1H-imidazolium bis((trifluoromethyl)sulfonyl)amide",CCCCn1cc[n+](CCCC)c1.O=S(=O)([N-]S(=O)(=O)C(F)(F)F)C(F)(F)F,353.15,101.325,ThermalConductivity,0.116399996,0.12385281,0.007452816,test,Balanced IL,Balanced,F,Thermal conductivity multi-split parity plot,True
5431,"1-butyl-2,3-dimethyl-1H-imidazolium bis(trifluoromethylsulfonyl)amide",FC(S(=O)(=O)[N-]S(=O)(=O)C(F)(F)F)(F)F.C(CCC)N1C(=[N+](C=C1)C)C,311.1,101.325,ThermalConductivity,0.13,0.12298238,0.0070176125,test,Balanced IL,Balanced,F,Thermal conductivity multi-split parity plot,True
2476,1-butyl-3-methylimidazolium methyl sulfate,CCCC[n+]1ccn(C)c1.COS(=O)(=O)[O-],283.15,5000.0,ThermalConductivity,0.181,0.16720915,0.013790846,test,Balanced IL,Balanced,F,Thermal conductivity multi-split parity plot,True
2472,1-butyl-3-methylimidazolium methyl sulfate,CCCC[n+]1ccn(C)c1.COS(=O)(=O)[O-],283.15,10000.0,ThermalConductivity,0.18199998,0.16734041,0.014659569,test,Balanced IL,Balanced,F,Thermal conductivity multi-split parity plot,True
2473,1-butyl-3-methylimidazolium methyl sulfate,CCCC[n+]1ccn(C)c1.COS(=O)(=O)[O-],283.15,20000.0,ThermalConductivity,0.18299997,0.168853,0.014146969,test,Balanced IL,Balanced,F,Thermal conductivity multi-split parity plot,True
2474,1-butyl-3-methylimidazolium methyl sulfate,CCCC[n+]1ccn(C)c1.COS(=O)(=O)[O-],283.15,30000.0,ThermalConductivity,0.18399997,0.17173523,0.012264743,test,Balanced IL,Balanced,F,Thermal conductivity multi-split parity plot,True
2475,1-butyl-3-methylimidazolium methyl sulfate,CCCC[n+]1ccn(C)c1.COS(=O)(=O)[O-],283.15,40000.0,ThermalConductivity,0.18699999,0.17487521,0.012124777,test,Balanced IL,Balanced,F,Thermal conductivity multi-split parity plot,True
2477,1-butyl-3-methylimidazolium methyl sulfate,CCCC[n+]1ccn(C)c1.COS(=O)(=O)[O-],283.15,50000.0,ThermalConductivity,0.19000001,0.17766218,0.012337834,test,Balanced IL,Balanced,F,Thermal conductivity multi-split parity plot,True
2478,1-butyl-3-methylimidazolium methyl sulfate,CCCC[n+]1ccn(C)c1.COS(=O)(=O)[O-],283.15,60000.0,ThermalConductivity,0.18899998,0.17998554,0.009014443,test,Balanced IL,Balanced,F,Thermal conductivity multi-split parity plot,True
2479,1-butyl-3-methylimidazolium methyl sulfate,CCCC[n+]1ccn(C)c1.COS(=O)(=O)[O-],283.15,65000.0,ThermalConductivity,0.19099998,0.1809869,0.010013089,test,Balanced IL,Balanced,F,Thermal conductivity multi-split parity plot,True
2484,1-butyl-3-methylimidazolium methyl sulfate,CCCC[n+]1ccn(C)c1.COS(=O)(=O)[O-],293.15,5000.0,ThermalConductivity,0.176,0.16718383,0.008816168,test,Balanced IL,Balanced,F,Thermal conductivity multi-split parity plot,True
2480,1-butyl-3-methylimidazolium methyl sulfate,CCCC[n+]1ccn(C)c1.COS(=O)(=O)[O-],293.15,10000.0,ThermalConductivity,0.176,0.16718736,0.008812636,test,Balanced IL,Balanced,F,Thermal conductivity multi-split parity plot,True
2481,1-butyl-3-methylimidazolium methyl sulfate,CCCC[n+]1ccn(C)c1.COS(=O)(=O)[O-],293.15,20000.0,ThermalConductivity,0.17999999,0.16820897,0.011791021,test,Balanced IL,Balanced,F,Thermal conductivity multi-split parity plot,True
2482,1-butyl-3-methylimidazolium methyl sulfate,CCCC[n+]1ccn(C)c1.COS(=O)(=O)[O-],293.15,30000.0,ThermalConductivity,0.181,0.17053635,0.01046364,test,Balanced IL,Balanced,F,Thermal conductivity multi-split parity plot,True
2483,1-butyl-3-methylimidazolium methyl sulfate,CCCC[n+]1ccn(C)c1.COS(=O)(=O)[O-],293.15,40000.0,ThermalConductivity,0.18399997,0.17319034,0.01080963,test,Balanced IL,Balanced,F,Thermal conductivity multi-split parity plot,True
2485,1-butyl-3-methylimidazolium methyl sulfate,CCCC[n+]1ccn(C)c1.COS(=O)(=O)[O-],293.15,50000.0,ThermalConductivity,0.18699999,0.17559054,0.011409447,test,Balanced IL,Balanced,F,Thermal conductivity multi-split parity plot,True
2486,1-butyl-3-methylimidazolium methyl sulfate,CCCC[n+]1ccn(C)c1.COS(=O)(=O)[O-],293.15,60000.0,ThermalConductivity,0.188,0.17761485,0.010385141,test,Balanced IL,Balanced,F,Thermal conductivity multi-split parity plot,True
2487,1-butyl-3-methylimidazolium methyl sulfate,CCCC[n+]1ccn(C)c1.COS(=O)(=O)[O-],293.15,65000.0,ThermalConductivity,0.18899998,0.17849332,0.01050666,test,Balanced IL,Balanced,F,Thermal conductivity multi-split parity plot,True
2492,1-butyl-3-methylimidazolium methyl sulfate,CCCC[n+]1ccn(C)c1.COS(=O)(=O)[O-],303.15,5000.0,ThermalConductivity,0.171,0.1672313,0.0037686974,test,Balanced IL,Balanced,F,Thermal conductivity multi-split parity plot,True
2488,1-butyl-3-methylimidazolium methyl sulfate,CCCC[n+]1ccn(C)c1.COS(=O)(=O)[O-],303.15,10000.0,ThermalConductivity,0.17400001,0.16711158,0.0068884343,test,Balanced IL,Balanced,F,Thermal conductivity multi-split parity plot,True
2489,1-butyl-3-methylimidazolium methyl sulfate,CCCC[n+]1ccn(C)c1.COS(=O)(=O)[O-],303.15,20000.0,ThermalConductivity,0.176,0.1676931,0.008306906,test,Balanced IL,Balanced,F,Thermal conductivity multi-split parity plot,True
2490,1-butyl-3-methylimidazolium methyl sulfate,CCCC[n+]1ccn(C)c1.COS(=O)(=O)[O-],303.15,30000.0,ThermalConductivity,0.17999999,0.16951208,0.010487914,test,Balanced IL,Balanced,F,Thermal conductivity multi-split parity plot,True
2491,1-butyl-3-methylimidazolium methyl sulfate,CCCC[n+]1ccn(C)c1.COS(=O)(=O)[O-],303.15,40000.0,ThermalConductivity,0.181,0.1717081,0.009291887,test,Balanced IL,Balanced,F,Thermal conductivity multi-split parity plot,True
2493,1-butyl-3-methylimidazolium methyl sulfate,CCCC[n+]1ccn(C)c1.COS(=O)(=O)[O-],303.15,50000.0,ThermalConductivity,0.18199998,0.17373265,0.008267328,test,Balanced IL,Balanced,F,Thermal conductivity multi-split parity plot,True
2494,1-butyl-3-methylimidazolium methyl sulfate,CCCC[n+]1ccn(C)c1.COS(=O)(=O)[O-],303.15,60000.0,ThermalConductivity,0.185,0.17545816,0.009541839,test,Balanced IL,Balanced,F,Thermal conductivity multi-split parity plot,True
2495,1-butyl-3-methylimidazolium methyl sulfate,CCCC[n+]1ccn(C)c1.COS(=O)(=O)[O-],303.15,65000.0,ThermalConductivity,0.186,0.17621131,0.009788692,test,Balanced IL,Balanced,F,Thermal conductivity multi-split parity plot,True
2500,1-butyl-3-methylimidazolium methyl sulfate,CCCC[n+]1ccn(C)c1.COS(=O)(=O)[O-],313.15,5000.0,ThermalConductivity,0.164,0.1673436,0.003343597,test,Balanced IL,Balanced,F,Thermal conductivity multi-split parity plot,True
2496,1-butyl-3-methylimidazolium methyl sulfate,CCCC[n+]1ccn(C)c1.COS(=O)(=O)[O-],313.15,10000.0,ThermalConductivity,0.167,0.16710126,0.00010126829,test,Balanced IL,Balanced,F,Thermal conductivity multi-split parity plot,True
2497,1-butyl-3-methylimidazolium methyl sulfate,CCCC[n+]1ccn(C)c1.COS(=O)(=O)[O-],313.15,20000.0,ThermalConductivity,0.172,0.16728903,0.0047109723,test,Balanced IL,Balanced,F,Thermal conductivity multi-split parity plot,True
2498,1-butyl-3-methylimidazolium methyl sulfate,CCCC[n+]1ccn(C)c1.COS(=O)(=O)[O-],313.15,30000.0,ThermalConductivity,0.176,0.16864914,0.007350862,test,Balanced IL,Balanced,F,Thermal conductivity multi-split parity plot,True
2499,1-butyl-3-methylimidazolium methyl sulfate,CCCC[n+]1ccn(C)c1.COS(=O)(=O)[O-],313.15,40000.0,ThermalConductivity,0.176,0.17042494,0.005575061,test,Balanced IL,Balanced,F,Thermal conductivity multi-split parity plot,True
2501,1-butyl-3-methylimidazolium methyl sulfate,CCCC[n+]1ccn(C)c1.COS(=O)(=O)[O-],313.15,50000.0,ThermalConductivity,0.179,0.17209765,0.006902352,test,Balanced IL,Balanced,F,Thermal conductivity multi-split parity plot,True
2502,1-butyl-3-methylimidazolium methyl sulfate,CCCC[n+]1ccn(C)c1.COS(=O)(=O)[O-],313.15,60000.0,ThermalConductivity,0.17999999,0.17353736,0.0064626336,test,Balanced IL,Balanced,F,Thermal conductivity multi-split parity plot,True
2503,1-butyl-3-methylimidazolium methyl sulfate,CCCC[n+]1ccn(C)c1.COS(=O)(=O)[O-],313.15,65000.0,ThermalConductivity,0.181,0.17416891,0.0068310797,test,Balanced IL,Balanced,F,Thermal conductivity multi-split parity plot,True
2659,1-butyl-3-methylimidazolium trifluoromethanesulfonate,CCCC[n+]1ccn(C)c1.O=S(=O)([O-])C(F)(F)F,283.15,100.0,ThermalConductivity,0.144,0.13485853,0.00914146,test,Balanced IL,Balanced,F,Thermal conductivity multi-split parity plot,True
2666,1-butyl-3-methylimidazolium trifluoromethanesulfonate,CCCC[n+]1ccn(C)c1.O=S(=O)([O-])C(F)(F)F,283.15,5000.0,ThermalConductivity,0.147,0.1364515,0.010548502,test,Balanced IL,Balanced,F,Thermal conductivity multi-split parity plot,True
2660,1-butyl-3-methylimidazolium trifluoromethanesulfonate,CCCC[n+]1ccn(C)c1.O=S(=O)([O-])C(F)(F)F,283.15,10000.0,ThermalConductivity,0.149,0.13847226,0.010527745,test,Balanced IL,Balanced,F,Thermal conductivity multi-split parity plot,True
2663,1-butyl-3-methylimidazolium trifluoromethanesulfonate,CCCC[n+]1ccn(C)c1.O=S(=O)([O-])C(F)(F)F,283.15,20000.0,ThermalConductivity,0.151,0.14404416,0.0069558322,test,Balanced IL,Balanced,F,Thermal conductivity multi-split parity plot,True
2664,1-butyl-3-methylimidazolium trifluoromethanesulfonate,CCCC[n+]1ccn(C)c1.O=S(=O)([O-])C(F)(F)F,283.15,30000.0,ThermalConductivity,0.151,0.1510015,1.5050173e-06,test,Balanced IL,Balanced,F,Thermal conductivity multi-split parity plot,True
2665,1-butyl-3-methylimidazolium trifluoromethanesulfonate,CCCC[n+]1ccn(C)c1.O=S(=O)([O-])C(F)(F)F,283.15,40000.0,ThermalConductivity,0.15399998,0.15792297,0.003922984,test,Balanced IL,Balanced,F,Thermal conductivity multi-split parity plot,True
2667,1-butyl-3-methylimidazolium trifluoromethanesulfonate,CCCC[n+]1ccn(C)c1.O=S(=O)([O-])C(F)(F)F,283.15,50000.0,ThermalConductivity,0.156,0.16388354,0.007883534,test,Balanced IL,Balanced,F,Thermal conductivity multi-split parity plot,True
2668,1-butyl-3-methylimidazolium trifluoromethanesulfonate,CCCC[n+]1ccn(C)c1.O=S(=O)([O-])C(F)(F)F,283.15,60000.0,ThermalConductivity,0.15900001,0.16869874,0.009698734,test,Balanced IL,Balanced,F,Thermal conductivity multi-split parity plot,True
2669,1-butyl-3-methylimidazolium trifluoromethanesulfonate,CCCC[n+]1ccn(C)c1.O=S(=O)([O-])C(F)(F)F,283.15,65000.0,ThermalConductivity,0.155,0.170719,0.015718997,test,Balanced IL,Balanced,F,Thermal conductivity multi-split parity plot,True
2682,1-butyl-3-methylimidazolium trifluoromethanesulfonate,CCCC[n+]1ccn(C)c1.O=S(=O)([O-])C(F)(F)F,293.0,101.325,ThermalConductivity,0.1445,0.1352703,0.009229705,test,Balanced IL,Balanced,F,Thermal conductivity multi-split parity plot,True
2683,1-butyl-3-methylimidazolium trifluoromethanesulfonate,CCCC[n+]1ccn(C)c1.O=S(=O)([O-])C(F)(F)F,293.15,100.0,ThermalConductivity,0.141,0.13527648,0.005723521,test,Balanced IL,Balanced,F,Thermal conductivity multi-split parity plot,True
2690,1-butyl-3-methylimidazolium trifluoromethanesulfonate,CCCC[n+]1ccn(C)c1.O=S(=O)([O-])C(F)(F)F,293.15,5000.0,ThermalConductivity,0.143,0.13696326,0.0060367435,test,Balanced IL,Balanced,F,Thermal conductivity multi-split parity plot,True
2684,1-butyl-3-methylimidazolium trifluoromethanesulfonate,CCCC[n+]1ccn(C)c1.O=S(=O)([O-])C(F)(F)F,293.15,10000.0,ThermalConductivity,0.146,0.1388855,0.0071145,test,Balanced IL,Balanced,F,Thermal conductivity multi-split parity plot,True
2687,1-butyl-3-methylimidazolium trifluoromethanesulfonate,CCCC[n+]1ccn(C)c1.O=S(=O)([O-])C(F)(F)F,293.15,20000.0,ThermalConductivity,0.149,0.14399433,0.0050056726,test,Balanced IL,Balanced,F,Thermal conductivity multi-split parity plot,True
2688,1-butyl-3-methylimidazolium trifluoromethanesulfonate,CCCC[n+]1ccn(C)c1.O=S(=O)([O-])C(F)(F)F,293.15,30000.0,ThermalConductivity,0.151,0.1502667,0.00073328614,test,Balanced IL,Balanced,F,Thermal conductivity multi-split parity plot,True
2689,1-butyl-3-methylimidazolium trifluoromethanesulfonate,CCCC[n+]1ccn(C)c1.O=S(=O)([O-])C(F)(F)F,293.15,40000.0,ThermalConductivity,0.151,0.15645643,0.0054564327,test,Balanced IL,Balanced,F,Thermal conductivity multi-split parity plot,True
2691,1-butyl-3-methylimidazolium trifluoromethanesulfonate,CCCC[n+]1ccn(C)c1.O=S(=O)([O-])C(F)(F)F,293.15,50000.0,ThermalConductivity,0.153,0.16180275,0.008802757,test,Balanced IL,Balanced,F,Thermal conductivity multi-split parity plot,True
2692,1-butyl-3-methylimidazolium trifluoromethanesulfonate,CCCC[n+]1ccn(C)c1.O=S(=O)([O-])C(F)(F)F,293.15,60000.0,ThermalConductivity,0.157,0.16615775,0.009157747,test,Balanced IL,Balanced,F,Thermal conductivity multi-split parity plot,True
2693,1-butyl-3-methylimidazolium trifluoromethanesulfonate,CCCC[n+]1ccn(C)c1.O=S(=O)([O-])C(F)(F)F,293.15,65000.0,ThermalConductivity,0.156,0.16799818,0.011998177,test,Balanced IL,Balanced,F,Thermal conductivity multi-split parity plot,True
2734,1-butyl-3-methylimidazolium trifluoromethanesulfonate,CCCC[n+]1ccn(C)c1.O=S(=O)([O-])C(F)(F)F,303.0,101.325,ThermalConductivity,0.14350002,0.13574079,0.0077592283,test,Balanced IL,Balanced,F,Thermal conductivity multi-split parity plot,True
2735,1-butyl-3-methylimidazolium trifluoromethanesulfonate,CCCC[n+]1ccn(C)c1.O=S(=O)([O-])C(F)(F)F,303.15,100.0,ThermalConductivity,0.14,0.13574775,0.004252255,test,Balanced IL,Balanced,F,Thermal conductivity multi-split parity plot,True
2742,1-butyl-3-methylimidazolium trifluoromethanesulfonate,CCCC[n+]1ccn(C)c1.O=S(=O)([O-])C(F)(F)F,303.15,5000.0,ThermalConductivity,0.14199999,0.13749224,0.0045077503,test,Balanced IL,Balanced,F,Thermal conductivity multi-split parity plot,True
2736,1-butyl-3-methylimidazolium trifluoromethanesulfonate,CCCC[n+]1ccn(C)c1.O=S(=O)([O-])C(F)(F)F,303.15,10000.0,ThermalConductivity,0.143,0.13932896,0.00367105,test,Balanced IL,Balanced,F,Thermal conductivity multi-split parity plot,True
2739,1-butyl-3-methylimidazolium trifluoromethanesulfonate,CCCC[n+]1ccn(C)c1.O=S(=O)([O-])C(F)(F)F,303.15,20000.0,ThermalConductivity,0.147,0.14405409,0.0029459149,test,Balanced IL,Balanced,F,Thermal conductivity multi-split parity plot,True
2740,1-butyl-3-methylimidazolium trifluoromethanesulfonate,CCCC[n+]1ccn(C)c1.O=S(=O)([O-])C(F)(F)F,303.15,30000.0,ThermalConductivity,0.15,0.14974496,0.00025504827,test,Balanced IL,Balanced,F,Thermal conductivity multi-split parity plot,True
2741,1-butyl-3-methylimidazolium trifluoromethanesulfonate,CCCC[n+]1ccn(C)c1.O=S(=O)([O-])C(F)(F)F,303.15,40000.0,ThermalConductivity,0.153,0.1552863,0.0022863,test,Balanced IL,Balanced,F,Thermal conductivity multi-split parity plot,True
2743,1-butyl-3-methylimidazolium trifluoromethanesulfonate,CCCC[n+]1ccn(C)c1.O=S(=O)([O-])C(F)(F)F,303.15,50000.0,ThermalConductivity,0.153,0.16006114,0.0070611387,test,Balanced IL,Balanced,F,Thermal conductivity multi-split parity plot,True
2744,1-butyl-3-methylimidazolium trifluoromethanesulfonate,CCCC[n+]1ccn(C)c1.O=S(=O)([O-])C(F)(F)F,303.15,60000.0,ThermalConductivity,0.15399998,0.16396582,0.009965837,test,Balanced IL,Balanced,F,Thermal conductivity multi-split parity plot,True
2745,1-butyl-3-methylimidazolium trifluoromethanesulfonate,CCCC[n+]1ccn(C)c1.O=S(=O)([O-])C(F)(F)F,303.15,65000.0,ThermalConductivity,0.156,0.16562365,0.009623647,test,Balanced IL,Balanced,F,Thermal conductivity multi-split parity plot,True
2779,1-butyl-3-methylimidazolium trifluoromethanesulfonate,CCCC[n+]1ccn(C)c1.O=S(=O)([O-])C(F)(F)F,313.0,101.325,ThermalConductivity,0.1425,0.13626271,0.0062372833,test,Balanced IL,Balanced,F,Thermal conductivity multi-split parity plot,True
2782,1-butyl-3-methylimidazolium trifluoromethanesulfonate,CCCC[n+]1ccn(C)c1.O=S(=O)([O-])C(F)(F)F,313.15,100.0,ThermalConductivity,0.137,0.13627045,0.00072954595,test,Balanced IL,Balanced,F,Thermal conductivity multi-split parity plot,True
2789,1-butyl-3-methylimidazolium trifluoromethanesulfonate,CCCC[n+]1ccn(C)c1.O=S(=O)([O-])C(F)(F)F,313.15,5000.0,ThermalConductivity,0.139,0.13803732,0.0009626746,test,Balanced IL,Balanced,F,Thermal conductivity multi-split parity plot,True
2783,1-butyl-3-methylimidazolium trifluoromethanesulfonate,CCCC[n+]1ccn(C)c1.O=S(=O)([O-])C(F)(F)F,313.15,10000.0,ThermalConductivity,0.14,0.13980068,0.00019931793,test,Balanced IL,Balanced,F,Thermal conductivity multi-split parity plot,True
2786,1-butyl-3-methylimidazolium trifluoromethanesulfonate,CCCC[n+]1ccn(C)c1.O=S(=O)([O-])C(F)(F)F,313.15,20000.0,ThermalConductivity,0.144,0.14420709,0.00020709634,test,Balanced IL,Balanced,F,Thermal conductivity multi-split parity plot,True
2787,1-butyl-3-methylimidazolium trifluoromethanesulfonate,CCCC[n+]1ccn(C)c1.O=S(=O)([O-])C(F)(F)F,313.15,30000.0,ThermalConductivity,0.145,0.14940575,0.004405752,test,Balanced IL,Balanced,F,Thermal conductivity multi-split parity plot,True
2788,1-butyl-3-methylimidazolium trifluoromethanesulfonate,CCCC[n+]1ccn(C)c1.O=S(=O)([O-])C(F)(F)F,313.15,40000.0,ThermalConductivity,0.147,0.1543823,0.0073823035,test,Balanced IL,Balanced,F,Thermal conductivity multi-split parity plot,True
2790,1-butyl-3-methylimidazolium trifluoromethanesulfonate,CCCC[n+]1ccn(C)c1.O=S(=O)([O-])C(F)(F)F,313.15,50000.0,ThermalConductivity,0.15,0.1586419,0.008641899,test,Balanced IL,Balanced,F,Thermal conductivity multi-split parity plot,True
2791,1-butyl-3-methylimidazolium trifluoromethanesulfonate,CCCC[n+]1ccn(C)c1.O=S(=O)([O-])C(F)(F)F,313.15,60000.0,ThermalConductivity,0.151,0.16212542,0.01112543,test,Balanced IL,Balanced,F,Thermal conductivity multi-split parity plot,True
2792,1-butyl-3-methylimidazolium trifluoromethanesulfonate,CCCC[n+]1ccn(C)c1.O=S(=O)([O-])C(F)(F)F,313.15,65000.0,ThermalConductivity,0.153,0.16360767,0.010607675,test,Balanced IL,Balanced,F,Thermal conductivity multi-split parity plot,True
2831,1-butyl-3-methylimidazolium trifluoromethanesulfonate,CCCC[n+]1ccn(C)c1.O=S(=O)([O-])C(F)(F)F,323.0,101.325,ThermalConductivity,0.14149998,0.13683493,0.004665047,test,Balanced IL,Balanced,F,Thermal conductivity multi-split parity plot,True
2875,1-butyl-3-methylimidazolium trifluoromethanesulfonate,CCCC[n+]1ccn(C)c1.O=S(=O)([O-])C(F)(F)F,333.0,101.325,ThermalConductivity,0.14149998,0.1374576,0.004042387,test,Balanced IL,Balanced,F,Thermal conductivity multi-split parity plot,True
2917,1-butyl-3-methylimidazolium trifluoromethanesulfonate,CCCC[n+]1ccn(C)c1.O=S(=O)([O-])C(F)(F)F,343.0,101.325,ThermalConductivity,0.14049998,0.13813262,0.0023673624,test,Balanced IL,Balanced,F,Thermal conductivity multi-split parity plot,True
2960,1-butyl-3-methylimidazolium trifluoromethanesulfonate,CCCC[n+]1ccn(C)c1.O=S(=O)([O-])C(F)(F)F,353.0,101.325,ThermalConductivity,0.14,0.13886394,0.0011360645,test,Balanced IL,Balanced,F,Thermal conductivity multi-split parity plot,True
4290,1-ethyl-3-methylimidazolium diethyl phosphate,CCOP(=O)([O-])OCC.CC[n+]1ccn(C)c1,300.0,101.325,ThermalConductivity,0.19000001,0.17609094,0.013909072,test,Balanced IL,Balanced,F,Thermal conductivity multi-split parity plot,True
4291,1-ethyl-3-methylimidazolium diethyl phosphate,CCOP(=O)([O-])OCC.CC[n+]1ccn(C)c1,302.76,101.325,ThermalConductivity,0.17490001,0.17596272,0.0010627061,test,Balanced IL,Balanced,F,Thermal conductivity multi-split parity plot,True
4292,1-ethyl-3-methylimidazolium diethyl phosphate,CCOP(=O)([O-])OCC.CC[n+]1ccn(C)c1,312.58,101.325,ThermalConductivity,0.1745,0.17562239,0.0011223853,test,Balanced IL,Balanced,F,Thermal conductivity multi-split parity plot,True
4293,1-ethyl-3-methylimidazolium diethyl phosphate,CCOP(=O)([O-])OCC.CC[n+]1ccn(C)c1,332.31,101.325,ThermalConductivity,0.1732,0.1754679,0.0022678971,test,Balanced IL,Balanced,F,Thermal conductivity multi-split parity plot,True
4294,1-ethyl-3-methylimidazolium diethyl phosphate,CCOP(=O)([O-])OCC.CC[n+]1ccn(C)c1,350.29,101.325,ThermalConductivity,0.1718,0.1760239,0.004223898,test,Balanced IL,Balanced,F,Thermal conductivity multi-split parity plot,True
4295,1-ethyl-3-methylimidazolium diethyl phosphate,CCOP(=O)([O-])OCC.CC[n+]1ccn(C)c1,375.0,101.325,ThermalConductivity,0.19000001,0.17731039,0.01268962,test,Balanced IL,Balanced,F,Thermal conductivity multi-split parity plot,True
27,1-ethyl-3-methylimidazolium diethylphosphate,C(C)OP(=O)(OCC)[O-].C(C)N1C=[N+](C=C1)C,313.15,100.0,ThermalConductivity,0.1745,0.17395158,0.00054842234,test,Balanced IL,Balanced,F,Thermal conductivity multi-split parity plot,True
1538,"1-hexyl-3-methyl-4-(dimethylamino)pyridinium 1,1,1-trifluoro-N-[(trifluoromethyl)sulfonyl]methanesulfonamide",CCCCCC[n+]1ccc(N(C)C)c(C)c1.O=S(=O)([N-]S(=O)(=O)C(F)(F)F)C(F)(F)F,300.0,101.325,ThermalConductivity,0.12,0.1253185,0.0053185,test,Balanced IL,Balanced,F,Thermal conductivity multi-split parity plot,True
1546,"1-hexyl-3-methyl-4-(dimethylamino)pyridinium 1,1,1-trifluoro-N-[(trifluoromethyl)sulfonyl]methanesulfonamide",CCCCCC[n+]1ccc(N(C)C)c(C)c1.O=S(=O)([N-]S(=O)(=O)C(F)(F)F)C(F)(F)F,375.0,101.325,ThermalConductivity,0.12,0.12488436,0.004884362,test,Balanced IL,Balanced,F,Thermal conductivity multi-split parity plot,True
1179,3-decyl-1-methylimidazolium tricyanomethanide,CCCCCCCCCCn1cc[n+](C)c1.N#C[C-](C#N)C#N,283.15,101.325,ThermalConductivity,0.16800001,0.16590291,0.0020971,test,Balanced IL,Balanced,F,Thermal conductivity multi-split parity plot,True
1181,3-decyl-1-methylimidazolium tricyanomethanide,CCCCCCCCCCn1cc[n+](C)c1.N#C[C-](C#N)C#N,293.15,101.325,ThermalConductivity,0.16939999,0.16487335,0.004526645,test,Balanced IL,Balanced,F,Thermal conductivity multi-split parity plot,True
1183,3-decyl-1-methylimidazolium tricyanomethanide,CCCCCCCCCCn1cc[n+](C)c1.N#C[C-](C#N)C#N,303.15,101.325,ThermalConductivity,0.1674,0.16395248,0.0034475178,test,Balanced IL,Balanced,F,Thermal conductivity multi-split parity plot,True
1185,3-decyl-1-methylimidazolium tricyanomethanide,CCCCCCCCCCn1cc[n+](C)c1.N#C[C-](C#N)C#N,313.15,101.325,ThermalConductivity,0.1676,0.16314048,0.00445953,test,Balanced IL,Balanced,F,Thermal conductivity multi-split parity plot,True
1187,3-decyl-1-methylimidazolium tricyanomethanide,CCCCCCCCCCn1cc[n+](C)c1.N#C[C-](C#N)C#N,323.15,101.325,ThermalConductivity,0.16729999,0.1624374,0.0048625916,test,Balanced IL,Balanced,F,Thermal conductivity multi-split parity plot,True
1189,3-decyl-1-methylimidazolium tricyanomethanide,CCCCCCCCCCn1cc[n+](C)c1.N#C[C-](C#N)C#N,333.15,101.325,ThermalConductivity,0.1646,0.16184328,0.0027567148,test,Balanced IL,Balanced,F,Thermal conductivity multi-split parity plot,True
1191,3-decyl-1-methylimidazolium tricyanomethanide,CCCCCCCCCCn1cc[n+](C)c1.N#C[C-](C#N)C#N,343.15,101.325,ThermalConductivity,0.162,0.16135867,0.0006413311,test,Balanced IL,Balanced,F,Thermal conductivity multi-split parity plot,True
1193,3-decyl-1-methylimidazolium tricyanomethanide,CCCCCCCCCCn1cc[n+](C)c1.N#C[C-](C#N)C#N,353.15,101.325,ThermalConductivity,0.15930001,0.16098462,0.0016846061,test,Balanced IL,Balanced,F,Thermal conductivity multi-split parity plot,True
1738,3-hexyl-1-methylimidazolium tricyanomethanide,CCCCCCn1cc[n+](C)c1.N#C[C-](C#N)C#N,283.15,101.325,ThermalConductivity,0.1817,0.17030297,0.011397034,test,Balanced IL,Balanced,F,Thermal conductivity multi-split parity plot,True
1745,3-hexyl-1-methylimidazolium tricyanomethanide,CCCCCCn1cc[n+](C)c1.N#C[C-](C#N)C#N,293.15,101.325,ThermalConductivity,0.18149999,0.16936469,0.012135297,test,Balanced IL,Balanced,F,Thermal conductivity multi-split parity plot,True
1752,3-hexyl-1-methylimidazolium tricyanomethanide,CCCCCCn1cc[n+](C)c1.N#C[C-](C#N)C#N,303.15,101.325,ThermalConductivity,0.18310001,0.16856584,0.014534175,test,Balanced IL,Balanced,F,Thermal conductivity multi-split parity plot,True
1759,3-hexyl-1-methylimidazolium tricyanomethanide,CCCCCCn1cc[n+](C)c1.N#C[C-](C#N)C#N,313.15,101.325,ThermalConductivity,0.1817,0.16790785,0.013792157,test,Balanced IL,Balanced,F,Thermal conductivity multi-split parity plot,True
1766,3-hexyl-1-methylimidazolium tricyanomethanide,CCCCCCn1cc[n+](C)c1.N#C[C-](C#N)C#N,323.15,101.325,ThermalConductivity,0.181,0.1673908,0.013609201,test,Balanced IL,Balanced,F,Thermal conductivity multi-split parity plot,True
1773,3-hexyl-1-methylimidazolium tricyanomethanide,CCCCCCn1cc[n+](C)c1.N#C[C-](C#N)C#N,333.15,101.325,ThermalConductivity,0.17919996,0.16701354,0.012186423,test,Balanced IL,Balanced,F,Thermal conductivity multi-split parity plot,True
1780,3-hexyl-1-methylimidazolium tricyanomethanide,CCCCCCn1cc[n+](C)c1.N#C[C-](C#N)C#N,343.15,101.325,ThermalConductivity,0.17739998,0.16677432,0.01062566,test,Balanced IL,Balanced,F,Thermal conductivity multi-split parity plot,True
1785,3-hexyl-1-methylimidazolium tricyanomethanide,CCCCCCn1cc[n+](C)c1.N#C[C-](C#N)C#N,353.15,101.325,ThermalConductivity,0.1762,0.1666706,0.009529397,test,Balanced IL,Balanced,F,Thermal conductivity multi-split parity plot,True
2037,Tributylmethylphosphonium bis[(trifluoromethyl)sulfonyl]imide,CCCC[P+](C)(CCCC)CCCC.O=S(=O)([N-]S(=O)(=O)C(F)(F)F)C(F)(F)F,283.15,101.325,ThermalConductivity,0.126,0.12526427,0.00073572993,test,Balanced IL,Balanced,F,Thermal conductivity multi-split parity plot,True
2039,Tributylmethylphosphonium bis[(trifluoromethyl)sulfonyl]imide,CCCC[P+](C)(CCCC)CCCC.O=S(=O)([N-]S(=O)(=O)C(F)(F)F)C(F)(F)F,293.15,101.325,ThermalConductivity,0.126,0.12532875,0.0006712526,test,Balanced IL,Balanced,F,Thermal conductivity multi-split parity plot,True
2041,Tributylmethylphosphonium bis[(trifluoromethyl)sulfonyl]imide,CCCC[P+](C)(CCCC)CCCC.O=S(=O)([N-]S(=O)(=O)C(F)(F)F)C(F)(F)F,303.15,101.325,ThermalConductivity,0.12499999,0.12538055,0.0003805533,test,Balanced IL,Balanced,F,Thermal conductivity multi-split parity plot,True
2043,Tributylmethylphosphonium bis[(trifluoromethyl)sulfonyl]imide,CCCC[P+](C)(CCCC)CCCC.O=S(=O)([N-]S(=O)(=O)C(F)(F)F)C(F)(F)F,313.15,101.325,ThermalConductivity,0.12199999,0.12542121,0.0034212247,test,Balanced IL,Balanced,F,Thermal conductivity multi-split parity plot,True
2045,Tributylmethylphosphonium bis[(trifluoromethyl)sulfonyl]imide,CCCC[P+](C)(CCCC)CCCC.O=S(=O)([N-]S(=O)(=O)C(F)(F)F)C(F)(F)F,323.15,101.325,ThermalConductivity,0.12300002,0.12545308,0.0024530664,test,Balanced IL,Balanced,F,Thermal conductivity multi-split parity plot,True
2047,Tributylmethylphosphonium bis[(trifluoromethyl)sulfonyl]imide,CCCC[P+](C)(CCCC)CCCC.O=S(=O)([N-]S(=O)(=O)C(F)(F)F)C(F)(F)F,333.15,101.325,ThermalConductivity,0.12199999,0.12547934,0.003479354,test,Balanced IL,Balanced,F,Thermal conductivity multi-split parity plot,True
2049,Tributylmethylphosphonium bis[(trifluoromethyl)sulfonyl]imide,CCCC[P+](C)(CCCC)CCCC.O=S(=O)([N-]S(=O)(=O)C(F)(F)F)C(F)(F)F,343.15,101.325,ThermalConductivity,0.121,0.12550412,0.004504122,test,Balanced IL,Balanced,F,Thermal conductivity multi-split parity plot,True
2053,tetrabutylphosphonium L-lysinate,CCCC[P+](CCCC)(CCCC)CCCC.NCCCC[C@H](N)C(=O)[O-],298.15,101.325,ThermalConductivity,0.163,0.15703456,0.0059654415,test,Balanced IL,Balanced,F,Thermal conductivity multi-split parity plot,True
2054,tetrabutylphosphonium L-lysinate,CCCC[P+](CCCC)(CCCC)CCCC.NCCCC[C@H](N)C(=O)[O-],303.15,101.325,ThermalConductivity,0.163,0.15654805,0.0064519495,test,Balanced IL,Balanced,F,Thermal conductivity multi-split parity plot,True
2055,tetrabutylphosphonium L-lysinate,CCCC[P+](CCCC)(CCCC)CCCC.NCCCC[C@H](N)C(=O)[O-],313.15,101.325,ThermalConductivity,0.162,0.15563181,0.00636819,test,Balanced IL,Balanced,F,Thermal conductivity multi-split parity plot,True
2056,tetrabutylphosphonium L-lysinate,CCCC[P+](CCCC)(CCCC)CCCC.NCCCC[C@H](N)C(=O)[O-],323.15,101.325,ThermalConductivity,0.16100001,0.15478827,0.0062117428,test,Balanced IL,Balanced,F,Thermal conductivity multi-split parity plot,True
2057,tetrabutylphosphonium L-lysinate,CCCC[P+](CCCC)(CCCC)CCCC.NCCCC[C@H](N)C(=O)[O-],333.15,101.325,ThermalConductivity,0.16,0.15401608,0.005983919,test,Balanced IL,Balanced,F,Thermal conductivity multi-split parity plot,True
2058,tetrabutylphosphonium L-lysinate,CCCC[P+](CCCC)(CCCC)CCCC.NCCCC[C@H](N)C(=O)[O-],343.15,101.325,ThermalConductivity,0.15900001,0.15331623,0.0056837797,test,Balanced IL,Balanced,F,Thermal conductivity multi-split parity plot,True
2059,tetrabutylphosphonium L-lysinate,CCCC[P+](CCCC)(CCCC)CCCC.NCCCC[C@H](N)C(=O)[O-],353.15,101.325,ThermalConductivity,0.15799999,0.15269174,0.0053082556,test,Balanced IL,Balanced,F,Thermal conductivity multi-split parity plot,True
3119,1-butyl-3-methylimidazolium hexafluoroantimonate,CCCC[n+]1ccn(C)c1.F[Sb-](F)(F)(F)(F)F,283.15,100.0,ThermalConductivity,0.138,0.1486362,0.01063621,test,Ion-family,Family,F,Thermal conductivity multi-split parity plot,True
3124,1-butyl-3-methylimidazolium hexafluoroantimonate,CCCC[n+]1ccn(C)c1.F[Sb-](F)(F)(F)(F)F,283.15,5000.0,ThermalConductivity,0.141,0.15147816,0.010478154,test,Ion-family,Family,F,Thermal conductivity multi-split parity plot,True
3120,1-butyl-3-methylimidazolium hexafluoroantimonate,CCCC[n+]1ccn(C)c1.F[Sb-](F)(F)(F)(F)F,283.15,10000.0,ThermalConductivity,0.143,0.15339693,0.010396928,test,Ion-family,Family,F,Thermal conductivity multi-split parity plot,True
3121,1-butyl-3-methylimidazolium hexafluoroantimonate,CCCC[n+]1ccn(C)c1.F[Sb-](F)(F)(F)(F)F,283.15,20000.0,ThermalConductivity,0.144,0.15853658,0.014536589,test,Ion-family,Family,F,Thermal conductivity multi-split parity plot,True
3122,1-butyl-3-methylimidazolium hexafluoroantimonate,CCCC[n+]1ccn(C)c1.F[Sb-](F)(F)(F)(F)F,283.15,30000.0,ThermalConductivity,0.146,0.16557516,0.019575164,test,Ion-family,Family,F,Thermal conductivity multi-split parity plot,True
3123,1-butyl-3-methylimidazolium hexafluoroantimonate,CCCC[n+]1ccn(C)c1.F[Sb-](F)(F)(F)(F)F,283.15,40000.0,ThermalConductivity,0.148,0.17227727,0.02427727,test,Ion-family,Family,F,Thermal conductivity multi-split parity plot,True
3125,1-butyl-3-methylimidazolium hexafluoroantimonate,CCCC[n+]1ccn(C)c1.F[Sb-](F)(F)(F)(F)F,283.15,50000.0,ThermalConductivity,0.148,0.17751475,0.029514745,test,Ion-family,Family,F,Thermal conductivity multi-split parity plot,True
3126,1-butyl-3-methylimidazolium hexafluoroantimonate,CCCC[n+]1ccn(C)c1.F[Sb-](F)(F)(F)(F)F,283.15,60000.0,ThermalConductivity,0.151,0.18132345,0.03032346,test,Ion-family,Family,F,Thermal conductivity multi-split parity plot,True
3127,1-butyl-3-methylimidazolium hexafluoroantimonate,CCCC[n+]1ccn(C)c1.F[Sb-](F)(F)(F)(F)F,283.15,65000.0,ThermalConductivity,0.15,0.18280776,0.032807752,test,Ion-family,Family,F,Thermal conductivity multi-split parity plot,True
3128,1-butyl-3-methylimidazolium hexafluoroantimonate,CCCC[n+]1ccn(C)c1.F[Sb-](F)(F)(F)(F)F,293.15,100.0,ThermalConductivity,0.136,0.14811863,0.012118623,test,Ion-family,Family,F,Thermal conductivity multi-split parity plot,True
3133,1-butyl-3-methylimidazolium hexafluoroantimonate,CCCC[n+]1ccn(C)c1.F[Sb-](F)(F)(F)(F)F,293.15,5000.0,ThermalConductivity,0.138,0.15106133,0.01306133,test,Ion-family,Family,F,Thermal conductivity multi-split parity plot,True
3129,1-butyl-3-methylimidazolium hexafluoroantimonate,CCCC[n+]1ccn(C)c1.F[Sb-](F)(F)(F)(F)F,293.15,10000.0,ThermalConductivity,0.14,0.15289687,0.012896866,test,Ion-family,Family,F,Thermal conductivity multi-split parity plot,True
3130,1-butyl-3-methylimidazolium hexafluoroantimonate,CCCC[n+]1ccn(C)c1.F[Sb-](F)(F)(F)(F)F,293.15,20000.0,ThermalConductivity,0.14199999,0.15750201,0.015502021,test,Ion-family,Family,F,Thermal conductivity multi-split parity plot,True
3131,1-butyl-3-methylimidazolium hexafluoroantimonate,CCCC[n+]1ccn(C)c1.F[Sb-](F)(F)(F)(F)F,293.15,30000.0,ThermalConductivity,0.144,0.16372739,0.019727394,test,Ion-family,Family,F,Thermal conductivity multi-split parity plot,True
3132,1-butyl-3-methylimidazolium hexafluoroantimonate,CCCC[n+]1ccn(C)c1.F[Sb-](F)(F)(F)(F)F,293.15,40000.0,ThermalConductivity,0.146,0.16978425,0.02378425,test,Ion-family,Family,F,Thermal conductivity multi-split parity plot,True
3134,1-butyl-3-methylimidazolium hexafluoroantimonate,CCCC[n+]1ccn(C)c1.F[Sb-](F)(F)(F)(F)F,293.15,50000.0,ThermalConductivity,0.147,0.17469162,0.027691618,test,Ion-family,Family,F,Thermal conductivity multi-split parity plot,True
3135,1-butyl-3-methylimidazolium hexafluoroantimonate,CCCC[n+]1ccn(C)c1.F[Sb-](F)(F)(F)(F)F,293.15,60000.0,ThermalConductivity,0.15,0.17838757,0.028387561,test,Ion-family,Family,F,Thermal conductivity multi-split parity plot,True
3136,1-butyl-3-methylimidazolium hexafluoroantimonate,CCCC[n+]1ccn(C)c1.F[Sb-](F)(F)(F)(F)F,293.15,65000.0,ThermalConductivity,0.149,0.17986059,0.030860588,test,Ion-family,Family,F,Thermal conductivity multi-split parity plot,True
3137,1-butyl-3-methylimidazolium hexafluoroantimonate,CCCC[n+]1ccn(C)c1.F[Sb-](F)(F)(F)(F)F,303.15,100.0,ThermalConductivity,0.13300002,0.14763483,0.014634818,test,Ion-family,Family,F,Thermal conductivity multi-split parity plot,True
3142,1-butyl-3-methylimidazolium hexafluoroantimonate,CCCC[n+]1ccn(C)c1.F[Sb-](F)(F)(F)(F)F,303.15,5000.0,ThermalConductivity,0.135,0.15069458,0.015694574,test,Ion-family,Family,F,Thermal conductivity multi-split parity plot,True
3138,1-butyl-3-methylimidazolium hexafluoroantimonate,CCCC[n+]1ccn(C)c1.F[Sb-](F)(F)(F)(F)F,303.15,10000.0,ThermalConductivity,0.137,0.15247704,0.015477046,test,Ion-family,Family,F,Thermal conductivity multi-split parity plot,True
3139,1-butyl-3-methylimidazolium hexafluoroantimonate,CCCC[n+]1ccn(C)c1.F[Sb-](F)(F)(F)(F)F,303.15,20000.0,ThermalConductivity,0.14,0.15663485,0.016634852,test,Ion-family,Family,F,Thermal conductivity multi-split parity plot,True
3140,1-butyl-3-methylimidazolium hexafluoroantimonate,CCCC[n+]1ccn(C)c1.F[Sb-](F)(F)(F)(F)F,303.15,30000.0,ThermalConductivity,0.143,0.162136,0.019135997,test,Ion-family,Family,F,Thermal conductivity multi-split parity plot,True
3141,1-butyl-3-methylimidazolium hexafluoroantimonate,CCCC[n+]1ccn(C)c1.F[Sb-](F)(F)(F)(F)F,303.15,40000.0,ThermalConductivity,0.145,0.16755156,0.022551566,test,Ion-family,Family,F,Thermal conductivity multi-split parity plot,True
3143,1-butyl-3-methylimidazolium hexafluoroantimonate,CCCC[n+]1ccn(C)c1.F[Sb-](F)(F)(F)(F)F,303.15,50000.0,ThermalConductivity,0.145,0.17206138,0.027061388,test,Ion-family,Family,F,Thermal conductivity multi-split parity plot,True
3144,1-butyl-3-methylimidazolium hexafluoroantimonate,CCCC[n+]1ccn(C)c1.F[Sb-](F)(F)(F)(F)F,303.15,60000.0,ThermalConductivity,0.147,0.17556122,0.02856122,test,Ion-family,Family,F,Thermal conductivity multi-split parity plot,True
3145,1-butyl-3-methylimidazolium hexafluoroantimonate,CCCC[n+]1ccn(C)c1.F[Sb-](F)(F)(F)(F)F,303.15,65000.0,ThermalConductivity,0.149,0.1769852,0.0279852,test,Ion-family,Family,F,Thermal conductivity multi-split parity plot,True
3146,1-butyl-3-methylimidazolium hexafluoroantimonate,CCCC[n+]1ccn(C)c1.F[Sb-](F)(F)(F)(F)F,313.15,100.0,ThermalConductivity,0.13099998,0.14717261,0.016172633,test,Ion-family,Family,F,Thermal conductivity multi-split parity plot,True
3151,1-butyl-3-methylimidazolium hexafluoroantimonate,CCCC[n+]1ccn(C)c1.F[Sb-](F)(F)(F)(F)F,313.15,5000.0,ThermalConductivity,0.13300002,0.15036516,0.017365143,test,Ion-family,Family,F,Thermal conductivity multi-split parity plot,True
3147,1-butyl-3-methylimidazolium hexafluoroantimonate,CCCC[n+]1ccn(C)c1.F[Sb-](F)(F)(F)(F)F,313.15,10000.0,ThermalConductivity,0.13300002,0.15212035,0.019120336,test,Ion-family,Family,F,Thermal conductivity multi-split parity plot,True
3148,1-butyl-3-methylimidazolium hexafluoroantimonate,CCCC[n+]1ccn(C)c1.F[Sb-](F)(F)(F)(F)F,313.15,20000.0,ThermalConductivity,0.136,0.15590487,0.019904867,test,Ion-family,Family,F,Thermal conductivity multi-split parity plot,True
3149,1-butyl-3-methylimidazolium hexafluoroantimonate,CCCC[n+]1ccn(C)c1.F[Sb-](F)(F)(F)(F)F,313.15,30000.0,ThermalConductivity,0.138,0.16077216,0.022772163,test,Ion-family,Family,F,Thermal conductivity multi-split parity plot,True
3150,1-butyl-3-methylimidazolium hexafluoroantimonate,CCCC[n+]1ccn(C)c1.F[Sb-](F)(F)(F)(F)F,313.15,40000.0,ThermalConductivity,0.14,0.16558248,0.025582477,test,Ion-family,Family,F,Thermal conductivity multi-split parity plot,True
3152,1-butyl-3-methylimidazolium hexafluoroantimonate,CCCC[n+]1ccn(C)c1.F[Sb-](F)(F)(F)(F)F,313.15,50000.0,ThermalConductivity,0.143,0.169666,0.026666,test,Ion-family,Family,F,Thermal conductivity multi-split parity plot,True
3153,1-butyl-3-methylimidazolium hexafluoroantimonate,CCCC[n+]1ccn(C)c1.F[Sb-](F)(F)(F)(F)F,313.15,60000.0,ThermalConductivity,0.143,0.17291138,0.02991137,test,Ion-family,Family,F,Thermal conductivity multi-split parity plot,True
3154,1-butyl-3-methylimidazolium hexafluoroantimonate,CCCC[n+]1ccn(C)c1.F[Sb-](F)(F)(F)(F)F,313.15,65000.0,ThermalConductivity,0.145,0.17425539,0.02925539,test,Ion-family,Family,F,Thermal conductivity multi-split parity plot,True
2542,1-butyl-3-methylimidazolium tetrafluoroborate,CCCC[n+]1ccn(C)c1.F[B-](F)(F)F,288.1,101.325,ThermalConductivity,0.165,0.16513266,0.00013265014,test,Ion-family,Family,F,Thermal conductivity multi-split parity plot,True
2584,1-butyl-3-methylimidazolium tetrafluoroborate,CCCC[n+]1ccn(C)c1.F[B-](F)(F)F,294.7,100.0,ThermalConductivity,0.169,0.1644059,0.0045941025,test,Ion-family,Family,F,Thermal conductivity multi-split parity plot,True
2585,1-butyl-3-methylimidazolium tetrafluoroborate,CCCC[n+]1ccn(C)c1.F[B-](F)(F)F,294.7,10000.0,ThermalConductivity,0.171,0.16592349,0.0050765127,test,Ion-family,Family,F,Thermal conductivity multi-split parity plot,True
2586,1-butyl-3-methylimidazolium tetrafluoroborate,CCCC[n+]1ccn(C)c1.F[B-](F)(F)F,294.7,20000.0,ThermalConductivity,0.173,0.16887325,0.0041267425,test,Ion-family,Family,F,Thermal conductivity multi-split parity plot,True
2613,1-butyl-3-methylimidazolium tetrafluoroborate,CCCC[n+]1ccn(C)c1.F[B-](F)(F)F,298.1,101.325,ThermalConductivity,0.15900001,0.16404855,0.005048543,test,Ion-family,Family,F,Thermal conductivity multi-split parity plot,True
2626,1-butyl-3-methylimidazolium tetrafluoroborate,CCCC[n+]1ccn(C)c1.F[B-](F)(F)F,300.0,101.325,ThermalConductivity,0.186,0.1638533,0.022146702,test,Ion-family,Family,F,Thermal conductivity multi-split parity plot,True
2700,1-butyl-3-methylimidazolium tetrafluoroborate,CCCC[n+]1ccn(C)c1.F[B-](F)(F)F,308.1,101.325,ThermalConductivity,0.151,0.16305614,0.012056142,test,Ion-family,Family,F,Thermal conductivity multi-split parity plot,True
2707,1-butyl-3-methylimidazolium tetrafluoroborate,CCCC[n+]1ccn(C)c1.F[B-](F)(F)F,310.0,101.325,ThermalConductivity,0.185,0.16287713,0.022122875,test,Ion-family,Family,F,Thermal conductivity multi-split parity plot,True
2748,1-butyl-3-methylimidazolium tetrafluoroborate,CCCC[n+]1ccn(C)c1.F[B-](F)(F)F,314.8,100.0,ThermalConductivity,0.169,0.16243726,0.0065627396,test,Ion-family,Family,F,Thermal conductivity multi-split parity plot,True
2749,1-butyl-3-methylimidazolium tetrafluoroborate,CCCC[n+]1ccn(C)c1.F[B-](F)(F)F,314.8,10000.0,ThermalConductivity,0.171,0.1644356,0.0065644085,test,Ion-family,Family,F,Thermal conductivity multi-split parity plot,True
2750,1-butyl-3-methylimidazolium tetrafluoroborate,CCCC[n+]1ccn(C)c1.F[B-](F)(F)F,314.8,20000.0,ThermalConductivity,0.173,0.16682734,0.006172657,test,Ion-family,Family,F,Thermal conductivity multi-split parity plot,True
2772,1-butyl-3-methylimidazolium tetrafluoroborate,CCCC[n+]1ccn(C)c1.F[B-](F)(F)F,318.1,101.325,ThermalConductivity,0.144,0.16214627,0.018146276,test,Ion-family,Family,F,Thermal conductivity multi-split parity plot,True
2777,1-butyl-3-methylimidazolium tetrafluoroborate,CCCC[n+]1ccn(C)c1.F[B-](F)(F)F,320.0,101.325,ThermalConductivity,0.18399997,0.16198227,0.022017702,test,Ion-family,Family,F,Thermal conductivity multi-split parity plot,True
2842,1-butyl-3-methylimidazolium tetrafluoroborate,CCCC[n+]1ccn(C)c1.F[B-](F)(F)F,330.0,101.325,ThermalConductivity,0.18399997,0.16116394,0.02283603,test,Ion-family,Family,F,Thermal conductivity multi-split parity plot,True
2876,1-butyl-3-methylimidazolium tetrafluoroborate,CCCC[n+]1ccn(C)c1.F[B-](F)(F)F,334.9,100.0,ThermalConductivity,0.16800001,0.16078939,0.007210627,test,Ion-family,Family,F,Thermal conductivity multi-split parity plot,True
2877,1-butyl-3-methylimidazolium tetrafluoroborate,CCCC[n+]1ccn(C)c1.F[B-](F)(F)F,334.9,10000.0,ThermalConductivity,0.171,0.16325323,0.007746771,test,Ion-family,Family,F,Thermal conductivity multi-split parity plot,True
2878,1-butyl-3-methylimidazolium tetrafluoroborate,CCCC[n+]1ccn(C)c1.F[B-](F)(F)F,334.9,20000.0,ThermalConductivity,0.173,0.16515519,0.007844806,test,Ion-family,Family,F,Thermal conductivity multi-split parity plot,True
2904,1-butyl-3-methylimidazolium tetrafluoroborate,CCCC[n+]1ccn(C)c1.F[B-](F)(F)F,340.0,101.325,ThermalConductivity,0.18299997,0.16041963,0.02258034,test,Ion-family,Family,F,Thermal conductivity multi-split parity plot,True
2957,1-butyl-3-methylimidazolium tetrafluoroborate,CCCC[n+]1ccn(C)c1.F[B-](F)(F)F,350.0,101.325,ThermalConductivity,0.18299997,0.15974765,0.023252323,test,Ion-family,Family,F,Thermal conductivity multi-split parity plot,True
3000,1-butyl-3-methylimidazolium tetrafluoroborate,CCCC[n+]1ccn(C)c1.F[B-](F)(F)F,360.0,101.325,ThermalConductivity,0.18199998,0.15914643,0.022853553,test,Ion-family,Family,F,Thermal conductivity multi-split parity plot,True
3026,1-butyl-3-methylimidazolium tetrafluoroborate,CCCC[n+]1ccn(C)c1.F[B-](F)(F)F,370.0,101.325,ThermalConductivity,0.181,0.15861441,0.022385582,test,Ion-family,Family,F,Thermal conductivity multi-split parity plot,True
3040,1-butyl-3-methylimidazolium tetrafluoroborate,CCCC[n+]1ccn(C)c1.F[B-](F)(F)F,380.0,101.325,ThermalConductivity,0.181,0.15815046,0.02284953,test,Ion-family,Family,F,Thermal conductivity multi-split parity plot,True
3048,1-butyl-3-methylimidazolium tetrafluoroborate,CCCC[n+]1ccn(C)c1.F[B-](F)(F)F,390.0,101.325,ThermalConductivity,0.17999999,0.15775436,0.02224563,test,Ion-family,Family,F,Thermal conductivity multi-split parity plot,True
3531,1-butyl-3-methylimidazolium tris(pentafluoroethyl)trifluorophosphate,CCCCn1cc[n+](C)c1.FC(F)(F)C(F)(F)[P-](F)(F)(F)(C(F)(F)C(F)(F)F)C(F)(F)C(F)(F)F,293.0,100.0,ThermalConductivity,0.09999999,0.12297326,0.022973277,test,Ion-family,Family,F,Thermal conductivity multi-split parity plot,True
3575,1-butyl-3-methylimidazolium tris(pentafluoroethyl)trifluorophosphate,CCCCn1cc[n+](C)c1.FC(F)(F)C(F)(F)[P-](F)(F)(F)(C(F)(F)C(F)(F)F)C(F)(F)C(F)(F)F,303.0,100.0,ThermalConductivity,0.09999999,0.123054564,0.023054577,test,Ion-family,Family,F,Thermal conductivity multi-split parity plot,True
3606,1-butyl-3-methylimidazolium tris(pentafluoroethyl)trifluorophosphate,CCCCn1cc[n+](C)c1.FC(F)(F)C(F)(F)[P-](F)(F)(F)(C(F)(F)C(F)(F)F)C(F)(F)C(F)(F)F,313.0,100.0,ThermalConductivity,0.09899999,0.12314003,0.024140038,test,Ion-family,Family,F,Thermal conductivity multi-split parity plot,True
3647,1-butyl-3-methylimidazolium tris(pentafluoroethyl)trifluorophosphate,CCCCn1cc[n+](C)c1.FC(F)(F)C(F)(F)[P-](F)(F)(F)(C(F)(F)C(F)(F)F)C(F)(F)C(F)(F)F,323.0,100.0,ThermalConductivity,0.098,0.12321994,0.02521994,test,Ion-family,Family,F,Thermal conductivity multi-split parity plot,True
3687,1-butyl-3-methylimidazolium tris(pentafluoroethyl)trifluorophosphate,CCCCn1cc[n+](C)c1.FC(F)(F)C(F)(F)[P-](F)(F)(F)(C(F)(F)C(F)(F)F)C(F)(F)C(F)(F)F,333.0,100.0,ThermalConductivity,0.09600001,0.12328856,0.027288549,test,Ion-family,Family,F,Thermal conductivity multi-split parity plot,True
3727,1-butyl-3-methylimidazolium tris(pentafluoroethyl)trifluorophosphate,CCCCn1cc[n+](C)c1.FC(F)(F)C(F)(F)[P-](F)(F)(F)(C(F)(F)C(F)(F)F)C(F)(F)C(F)(F)F,343.0,100.0,ThermalConductivity,0.095000006,0.123343416,0.02834341,test,Ion-family,Family,F,Thermal conductivity multi-split parity plot,True
3770,1-butyl-3-methylimidazolium tris(pentafluoroethyl)trifluorophosphate,CCCCn1cc[n+](C)c1.FC(F)(F)C(F)(F)[P-](F)(F)(F)(C(F)(F)C(F)(F)F)C(F)(F)C(F)(F)F,353.0,100.0,ThermalConductivity,0.094,0.12338468,0.02938468,test,Ion-family,Family,F,Thermal conductivity multi-split parity plot,True
5134,1-ethyl-3-methylimidazolium methylphosphonate,CP([O-])([O-])=O.C(C)N1C=[N+](C=C1)C.C(C)N1C=[N+](C=C1)C,273.15,101.325,ThermalConductivity,0.1941,0.20433114,0.010231137,test,Ion-family,Family,F,Thermal conductivity multi-split parity plot,True
5136,1-ethyl-3-methylimidazolium methylphosphonate,CP([O-])([O-])=O.C(C)N1C=[N+](C=C1)C.C(C)N1C=[N+](C=C1)C,283.15,101.325,ThermalConductivity,0.1948,0.20229596,0.0074959546,test,Ion-family,Family,F,Thermal conductivity multi-split parity plot,True
5138,1-ethyl-3-methylimidazolium methylphosphonate,CP([O-])([O-])=O.C(C)N1C=[N+](C=C1)C.C(C)N1C=[N+](C=C1)C,293.15,101.325,ThermalConductivity,0.19139999,0.2004862,0.009086207,test,Ion-family,Family,F,Thermal conductivity multi-split parity plot,True
5143,1-ethyl-3-methylimidazolium methylphosphonate,CP([O-])([O-])=O.C(C)N1C=[N+](C=C1)C.C(C)N1C=[N+](C=C1)C,303.15,101.325,ThermalConductivity,0.1959,0.1989246,0.003024608,test,Ion-family,Family,F,Thermal conductivity multi-split parity plot,True
5146,1-ethyl-3-methylimidazolium methylphosphonate,CP([O-])([O-])=O.C(C)N1C=[N+](C=C1)C.C(C)N1C=[N+](C=C1)C,313.15,101.325,ThermalConductivity,0.1915,0.19762439,0.006124392,test,Ion-family,Family,F,Thermal conductivity multi-split parity plot,True
5149,1-ethyl-3-methylimidazolium methylphosphonate,CP([O-])([O-])=O.C(C)N1C=[N+](C=C1)C.C(C)N1C=[N+](C=C1)C,323.15,101.325,ThermalConductivity,0.19059998,0.19658959,0.005989611,test,Ion-family,Family,F,Thermal conductivity multi-split parity plot,True
5152,1-ethyl-3-methylimidazolium methylphosphonate,CP([O-])([O-])=O.C(C)N1C=[N+](C=C1)C.C(C)N1C=[N+](C=C1)C,333.15,101.325,ThermalConductivity,0.1908,0.19581501,0.0050150156,test,Ion-family,Family,F,Thermal conductivity multi-split parity plot,True
5155,1-ethyl-3-methylimidazolium methylphosphonate,CP([O-])([O-])=O.C(C)N1C=[N+](C=C1)C.C(C)N1C=[N+](C=C1)C,343.15,101.325,ThermalConductivity,0.1917,0.19528696,0.0035869628,test,Ion-family,Family,F,Thermal conductivity multi-split parity plot,True
5158,1-ethyl-3-methylimidazolium methylphosphonate,CP([O-])([O-])=O.C(C)N1C=[N+](C=C1)C.C(C)N1C=[N+](C=C1)C,353.15,101.325,ThermalConductivity,0.19019999,0.19498451,0.0047845244,test,Ion-family,Family,F,Thermal conductivity multi-split parity plot,True
4636,1-ethyl-3-methylimidazolium tetrafluoroborate,CC[n+]1ccn(C)c1.F[B-](F)(F)F,300.0,101.325,ThermalConductivity,0.199,0.19881783,0.0001821667,test,Ion-family,Family,F,Thermal conductivity multi-split parity plot,True
4672,1-ethyl-3-methylimidazolium tetrafluoroborate,CC[n+]1ccn(C)c1.F[B-](F)(F)F,310.0,101.325,ThermalConductivity,0.197,0.19728726,0.0002872646,test,Ion-family,Family,F,Thermal conductivity multi-split parity plot,True
4697,1-ethyl-3-methylimidazolium tetrafluoroborate,CC[n+]1ccn(C)c1.F[B-](F)(F)F,320.0,101.325,ThermalConductivity,0.196,0.19601376,1.3768673e-05,test,Ion-family,Family,F,Thermal conductivity multi-split parity plot,True
4723,1-ethyl-3-methylimidazolium tetrafluoroborate,CC[n+]1ccn(C)c1.F[B-](F)(F)F,330.0,101.325,ThermalConductivity,0.19499998,0.19498745,1.2531877e-05,test,Ion-family,Family,F,Thermal conductivity multi-split parity plot,True
4747,1-ethyl-3-methylimidazolium tetrafluoroborate,CC[n+]1ccn(C)c1.F[B-](F)(F)F,340.0,101.325,ThermalConductivity,0.19399999,0.19418839,0.00018839538,test,Ion-family,Family,F,Thermal conductivity multi-split parity plot,True
4768,1-ethyl-3-methylimidazolium tetrafluoroborate,CC[n+]1ccn(C)c1.F[B-](F)(F)F,350.0,101.325,ThermalConductivity,0.19300002,0.1935902,0.0005901754,test,Ion-family,Family,F,Thermal conductivity multi-split parity plot,True
4785,1-ethyl-3-methylimidazolium tetrafluoroborate,CC[n+]1ccn(C)c1.F[B-](F)(F)F,360.0,101.325,ThermalConductivity,0.19099998,0.19316389,0.002163902,test,Ion-family,Family,F,Thermal conductivity multi-split parity plot,True
4793,1-ethyl-3-methylimidazolium tetrafluoroborate,CC[n+]1ccn(C)c1.F[B-](F)(F)F,370.0,101.325,ThermalConductivity,0.19000001,0.19288039,0.0028803796,test,Ion-family,Family,F,Thermal conductivity multi-split parity plot,True
4798,1-ethyl-3-methylimidazolium tetrafluoroborate,CC[n+]1ccn(C)c1.F[B-](F)(F)F,380.0,101.325,ThermalConductivity,0.18899998,0.19271204,0.003712058,test,Ion-family,Family,F,Thermal conductivity multi-split parity plot,True
4802,1-ethyl-3-methylimidazolium tetrafluoroborate,CC[n+]1ccn(C)c1.F[B-](F)(F)F,390.0,101.325,ThermalConductivity,0.188,0.19263354,0.004633546,test,Ion-family,Family,F,Thermal conductivity multi-split parity plot,True
1452,1-hexyl-3-methylimidazolium tetrafluoroborate,CCCCCC[n+]1ccn(C)c1.F[B-](F)(F)F,293.0,101.325,ThermalConductivity,0.15799999,0.16080064,0.0028006434,test,Ion-family,Family,F,Thermal conductivity multi-split parity plot,True
1461,1-hexyl-3-methylimidazolium tetrafluoroborate,CCCCCC[n+]1ccn(C)c1.F[B-](F)(F)F,294.2,100.0,ThermalConductivity,0.166,0.1606948,0.005305201,test,Ion-family,Family,F,Thermal conductivity multi-split parity plot,True
1462,1-hexyl-3-methylimidazolium tetrafluoroborate,CCCCCC[n+]1ccn(C)c1.F[B-](F)(F)F,294.2,10000.0,ThermalConductivity,0.16800001,0.16164857,0.006351441,test,Ion-family,Family,F,Thermal conductivity multi-split parity plot,True
1463,1-hexyl-3-methylimidazolium tetrafluoroborate,CCCCCC[n+]1ccn(C)c1.F[B-](F)(F)F,294.2,20000.0,ThermalConductivity,0.17000002,0.16393225,0.0060677677,test,Ion-family,Family,F,Thermal conductivity multi-split parity plot,True
1491,1-hexyl-3-methylimidazolium tetrafluoroborate,CCCCCC[n+]1ccn(C)c1.F[B-](F)(F)F,303.0,101.325,ThermalConductivity,0.157,0.15994206,0.0029420555,test,Ion-family,Family,F,Thermal conductivity multi-split parity plot,True
1528,1-hexyl-3-methylimidazolium tetrafluoroborate,CCCCCC[n+]1ccn(C)c1.F[B-](F)(F)F,313.0,101.325,ThermalConductivity,0.156,0.15912627,0.0031262636,test,Ion-family,Family,F,Thermal conductivity multi-split parity plot,True
1541,1-hexyl-3-methylimidazolium tetrafluoroborate,CCCCCC[n+]1ccn(C)c1.F[B-](F)(F)F,314.3,100.0,ThermalConductivity,0.165,0.15902263,0.0059773773,test,Ion-family,Family,F,Thermal conductivity multi-split parity plot,True
1542,1-hexyl-3-methylimidazolium tetrafluoroborate,CCCCCC[n+]1ccn(C)c1.F[B-](F)(F)F,314.3,10000.0,ThermalConductivity,0.16800001,0.16040522,0.007594794,test,Ion-family,Family,F,Thermal conductivity multi-split parity plot,True
1543,1-hexyl-3-methylimidazolium tetrafluoroborate,CCCCCC[n+]1ccn(C)c1.F[B-](F)(F)F,314.3,20000.0,ThermalConductivity,0.169,0.16231424,0.0066857636,test,Ion-family,Family,F,Thermal conductivity multi-split parity plot,True
1567,1-hexyl-3-methylimidazolium tetrafluoroborate,CCCCCC[n+]1ccn(C)c1.F[B-](F)(F)F,323.0,101.325,ThermalConductivity,0.155,0.15835021,0.0033502132,test,Ion-family,Family,F,Thermal conductivity multi-split parity plot,True
1591,1-hexyl-3-methylimidazolium tetrafluoroborate,CCCCCC[n+]1ccn(C)c1.F[B-](F)(F)F,333.0,101.325,ThermalConductivity,0.153,0.15761344,0.004613444,test,Ion-family,Family,F,Thermal conductivity multi-split parity plot,True
1602,1-hexyl-3-methylimidazolium tetrafluoroborate,CCCCCC[n+]1ccn(C)c1.F[B-](F)(F)F,334.4,100.0,ThermalConductivity,0.164,0.1575128,0.0064872056,test,Ion-family,Family,F,Thermal conductivity multi-split parity plot,True
1603,1-hexyl-3-methylimidazolium tetrafluoroborate,CCCCCC[n+]1ccn(C)c1.F[B-](F)(F)F,334.4,10000.0,ThermalConductivity,0.167,0.15939981,0.0076001883,test,Ion-family,Family,F,Thermal conductivity multi-split parity plot,True
1604,1-hexyl-3-methylimidazolium tetrafluoroborate,CCCCCC[n+]1ccn(C)c1.F[B-](F)(F)F,334.4,20000.0,ThermalConductivity,0.169,0.16100903,0.007990971,test,Ion-family,Family,F,Thermal conductivity multi-split parity plot,True
1614,1-hexyl-3-methylimidazolium tetrafluoroborate,CCCCCC[n+]1ccn(C)c1.F[B-](F)(F)F,343.0,101.325,ThermalConductivity,0.15200001,0.15691628,0.0049162656,test,Ion-family,Family,F,Thermal conductivity multi-split parity plot,True
1631,1-hexyl-3-methylimidazolium tetrafluoroborate,CCCCCC[n+]1ccn(C)c1.F[B-](F)(F)F,353.0,101.325,ThermalConductivity,0.151,0.15625885,0.005258858,test,Ion-family,Family,F,Thermal conductivity multi-split parity plot,True
962,1-methyl-3-octylimidazolium tetrafluoroborate,CCCCCCCCn1cc[n+](C)c1.F[B-](F)(F)F,294.2,100.0,ThermalConductivity,0.164,0.15945183,0.004548177,test,Ion-family,Family,F,Thermal conductivity multi-split parity plot,True
963,1-methyl-3-octylimidazolium tetrafluoroborate,CCCCCCCCn1cc[n+](C)c1.F[B-](F)(F)F,294.2,10000.0,ThermalConductivity,0.165,0.16030541,0.004694596,test,Ion-family,Family,F,Thermal conductivity multi-split parity plot,True
964,1-methyl-3-octylimidazolium tetrafluoroborate,CCCCCCCCn1cc[n+](C)c1.F[B-](F)(F)F,294.2,20000.0,ThermalConductivity,0.167,0.16243419,0.004565805,test,Ion-family,Family,F,Thermal conductivity multi-split parity plot,True
1043,1-methyl-3-octylimidazolium tetrafluoroborate,CCCCCCCCn1cc[n+](C)c1.F[B-](F)(F)F,314.3,100.0,ThermalConductivity,0.163,0.15785624,0.0051437616,test,Ion-family,Family,F,Thermal conductivity multi-split parity plot,True
1044,1-methyl-3-octylimidazolium tetrafluoroborate,CCCCCCCCn1cc[n+](C)c1.F[B-](F)(F)F,314.3,10000.0,ThermalConductivity,0.164,0.15913898,0.004861027,test,Ion-family,Family,F,Thermal conductivity multi-split parity plot,True
1045,1-methyl-3-octylimidazolium tetrafluoroborate,CCCCCCCCn1cc[n+](C)c1.F[B-](F)(F)F,314.3,20000.0,ThermalConductivity,0.166,0.16095568,0.0050443113,test,Ion-family,Family,F,Thermal conductivity multi-split parity plot,True
1115,1-methyl-3-octylimidazolium tetrafluoroborate,CCCCCCCCn1cc[n+](C)c1.F[B-](F)(F)F,334.4,100.0,ThermalConductivity,0.16,0.15632871,0.0036712885,test,Ion-family,Family,F,Thermal conductivity multi-split parity plot,True
1116,1-methyl-3-octylimidazolium tetrafluoroborate,CCCCCCCCn1cc[n+](C)c1.F[B-](F)(F)F,334.4,10000.0,ThermalConductivity,0.162,0.15814385,0.0038561523,test,Ion-family,Family,F,Thermal conductivity multi-split parity plot,True
1117,1-methyl-3-octylimidazolium tetrafluoroborate,CCCCCCCCn1cc[n+](C)c1.F[B-](F)(F)F,334.4,20000.0,ThermalConductivity,0.164,0.15972081,0.0042791963,test,Ion-family,Family,F,Thermal conductivity multi-split parity plot,True
2244,tetrabutylphosphonium 2-aminoethanesulfonate,CCCC[P+](CCCC)(CCCC)CCCC.NCCS(=O)(=O)[O-],298.15,101.325,ThermalConductivity,0.16,0.15955536,0.00044463575,test,Ion-family,Family,F,Thermal conductivity multi-split parity plot,True
2245,tetrabutylphosphonium 2-aminoethanesulfonate,CCCC[P+](CCCC)(CCCC)CCCC.NCCS(=O)(=O)[O-],303.15,101.325,ThermalConductivity,0.16,0.15904072,0.00095927715,test,Ion-family,Family,F,Thermal conductivity multi-split parity plot,True
2246,tetrabutylphosphonium 2-aminoethanesulfonate,CCCC[P+](CCCC)(CCCC)CCCC.NCCS(=O)(=O)[O-],313.15,101.325,ThermalConductivity,0.15900001,0.15806213,0.0009378791,test,Ion-family,Family,F,Thermal conductivity multi-split parity plot,True
2247,tetrabutylphosphonium 2-aminoethanesulfonate,CCCC[P+](CCCC)(CCCC)CCCC.NCCS(=O)(=O)[O-],323.15,101.325,ThermalConductivity,0.15799999,0.1571449,0.00085508823,test,Ion-family,Family,F,Thermal conductivity multi-split parity plot,True
2248,tetrabutylphosphonium 2-aminoethanesulfonate,CCCC[P+](CCCC)(CCCC)CCCC.NCCS(=O)(=O)[O-],333.15,101.325,ThermalConductivity,0.157,0.15628341,0.00071659684,test,Ion-family,Family,F,Thermal conductivity multi-split parity plot,True
2249,tetrabutylphosphonium 2-aminoethanesulfonate,CCCC[P+](CCCC)(CCCC)CCCC.NCCS(=O)(=O)[O-],343.15,101.325,ThermalConductivity,0.156,0.1554729,0.0005270988,test,Ion-family,Family,F,Thermal conductivity multi-split parity plot,True
2250,tetrabutylphosphonium 2-aminoethanesulfonate,CCCC[P+](CCCC)(CCCC)CCCC.NCCS(=O)(=O)[O-],353.15,101.325,ThermalConductivity,0.155,0.1547087,0.0002913028,test,Ion-family,Family,F,Thermal conductivity multi-split parity plot,True
